label_id,class_proposed,class_id,cyclone,event_date,source,district,lon,lat,delta_vh_db,delta_cr_db,vv_min_event_window,era5_3day_max_wind,lswi_min_event_window,jrc_water_permanence,ndwi_max_event_window
0.0,cyclone_flood,2,Fani,2019-05-03,Copernicus EMS EMSR357,NA,85.8972218778581,20.403839290084548,-3.665364499153007,4.728305533801976,-12.478868496394082,5.03273114864479,-0.15922297537326813,,-0.46062877774238586
1.0,cyclone_flood,2,Fani,2019-05-03,Copernicus EMS EMSR357,NA,85.89021501864197,20.390364560822754,2.2769215605996393,-0.4075745076300983,-14.199399342307048,5.03273114864479,-0.2766522765159607,,-0.3386601209640503
2.0,cyclone_flood,2,Fani,2019-05-03,Copernicus EMS EMSR357,NA,85.87674028938017,19.850027917424864,-7.369658746263404,1.2209659692797175,-32.83533805206913,7.389028685297001,-0.15744203329086304,4.0,-0.27902355790138245
3.0,cyclone_flood,2,Fani,2019-05-03,Copernicus EMS EMSR357,NA,85.53987205783535,19.725521419045897,-9.308677292207278,0.6765421712756172,-20.95239418872562,10.31287147683081,-0.193366140127182,,-0.3295283913612366
4.0,cyclone_flood,2,Fani,2019-05-03,Copernicus EMS EMSR357,NA,85.9408800006663,19.909855715347224,-3.659256979440059,-5.705065756914399,-23.074468660532517,7.389028685297001,-0.1803380399942398,,-0.29523399472236633
5.0,cyclone_flood,2,Fani,2019-05-03,Copernicus EMS EMSR357,NA,85.7560067151945,19.928989830898967,0.001416939373374504,1.3949223291614619,-10.297625014348013,6.969827912893093,-0.22396856546401978,7.0,-0.30632492899894714
6.0,cyclone_flood,2,Fani,2019-05-03,Copernicus EMS EMSR357,NA,86.75448415349335,20.52322539134403,1.719274729081512,-2.583091324857353,-19.76040325547836,,-0.27320554852485657,2.0,0.022244691848754883
7.0,cyclone_flood,2,Fani,2019-05-03,Copernicus EMS EMSR357,NA,85.7597796393878,19.918749036660007,-0.836001284024146,-3.896184218817183,-16.438730090962366,6.969827912893093,-0.21958273649215698,3.0,-0.2978357970714569
8.0,cyclone_flood,2,Fani,2019-05-03,Copernicus EMS EMSR357,NA,85.74711339388172,20.421625932710114,-2.16095899930108,3.336944943184868,-10.063182575468385,4.939875547539397,0.2614124119281769,6.0,-0.6165000200271606
9.0,cyclone_flood,2,Fani,2019-05-03,Copernicus EMS EMSR357,NA,85.84224498246998,20.529693261389692,-3.5729485042558125,-0.9513380989112648,-15.195737253188089,4.874832967667862,-0.1294715851545334,0.0,-0.38235294818878174
10.0,cyclone_flood,2,Fani,2019-05-03,Copernicus EMS EMSR357,NA,85.86757747348216,19.91389813412576,5.670110586247917,-2.325375393597504,-11.11256871590059,7.389028685297001,-0.20694980025291443,,-0.2869674265384674
11.0,cyclone_flood,2,Fani,2019-05-03,Copernicus EMS EMSR357,NA,85.913122058387,20.03490120289666,-2.1945574763418207,0.3704620289591478,-13.600882066301114,6.195791988428945,-0.1612129509449005,,-0.33807051181793213
12.0,cyclone_flood,2,Fani,2019-05-03,Copernicus EMS EMSR357,NA,85.35931068572732,19.631198314213346,-0.32961186778966933,-6.490205471773855,-22.182471013153688,,-0.23362766206264496,9.0,-0.2620418071746826
13.0,cyclone_flood,2,Fani,2019-05-03,Copernicus EMS EMSR357,NA,85.74926935056361,20.422164921880587,1.8780203733816911,0.47297732162315853,-8.502187283156072,4.939875547539397,0.20165419578552246,13.0,-0.5297067165374756
14.0,cyclone_flood,2,Fani,2019-05-03,Copernicus EMS EMSR357,NA,85.49244101083384,19.720401021926417,-6.980913680854986,-2.3555608009145352,-19.295311130022384,10.31287147683081,-0.16427664458751678,7.0,-0.3053586483001709
15.0,cyclone_flood,2,Fani,2019-05-03,Copernicus EMS EMSR357,NA,85.57463685933078,19.945429000598356,-12.46828429811335,4.413785719967915,-18.447922257196566,7.911337523633622,-0.18729843199253082,3.0,-0.2338983118534088
16.0,cyclone_flood,2,Fani,2019-05-03,Copernicus EMS EMSR357,NA,85.58110472937643,19.948123946450714,-6.424213394966511,-1.908681714178769,-18.952840365384162,7.911337523633622,-0.17573809623718262,1.0,-0.28894472122192383
17.0,cyclone_flood,2,Fani,2019-05-03,Copernicus EMS EMSR357,NA,85.9077321666823,19.948123946450714,-0.88823535615645,0.41173255750405247,-17.01471682539713,7.389028685297001,-0.21474067866802216,,-0.3785942494869232
18.0,cyclone_flood,2,Fani,2019-05-03,Copernicus EMS EMSR357,NA,85.52963126359639,19.940308603478876,-9.654205926141891,1.2683591570083657,-19.00342867103648,8.008512819896996,-0.1752615123987198,2.0,-0.35279950499534607
19.0,cyclone_flood,2,Fani,2019-05-03,Copernicus EMS EMSR357,NA,85.87970472981776,19.84760246615774,-5.560641818107953,1.171826312080146,-23.531281720143163,,-0.19394150376319885,3.0,-0.31145620346069336
20.0,cyclone_flood,2,Fani,2019-05-03,Copernicus EMS EMSR357,NA,85.5980828882463,19.867275570879958,-7.965058779787498,-0.2645463963004566,-14.659023063707897,7.911337523633622,-0.11014547199010849,31.0,-0.3439214527606964
21.0,cyclone_flood,2,Fani,2019-05-03,Copernicus EMS EMSR357,NA,85.77514083074625,20.45827719630219,-0.9423383139875838,2.442720634655407,-11.220734689370026,4.874832967667862,-0.1286034882068634,,-0.39101681113243103
22.0,cyclone_flood,2,Fani,2019-05-03,Copernicus EMS EMSR357,NA,85.89614389951716,20.405995246766434,10.84161409273578,-5.458666909720652,-7.305095571166749,5.03273114864479,-0.20967741310596466,,-0.3050251305103302
23.0,cyclone_flood,2,Fani,2019-05-03,Copernicus EMS EMSR357,NA,85.88401664318154,20.41030716013021,1.9763590551057693,-1.245510229618361,-8.92885171301755,5.03273114864479,-0.05180259048938751,,-0.4750884771347046
24.0,cyclone_flood,2,Fani,2019-05-03,Copernicus EMS EMSR357,NA,85.87727927855065,19.845177014890616,0.4439740905364147,0.7004430417102565,-18.802918828572754,,0.06695187091827393,3.0,-0.36957716941833496
25.0,cyclone_flood,2,Fani,2019-05-03,Copernicus EMS EMSR357,NA,85.29436249068549,19.637935678844244,-3.9921426700740525,0.6001540460491803,-14.309079105190058,8.958568006973712,-0.1936410665512085,11.0,-0.27267229557037354
26.0,cyclone_flood,2,Fani,2019-05-03,Copernicus EMS EMSR357,NA,85.70615021692588,19.989626112577035,-6.051587295535057,-7.201599723340269,-24.537263246053833,6.096451297566428,-0.1951274573802948,9.0,-0.28901734948158264
27.0,cyclone_flood,2,Fani,2019-05-03,Copernicus EMS EMSR357,NA,85.91204408004607,20.3847051745328,0.17340317563006025,-3.039184672061049,-13.927761331966867,5.03273114864479,-0.14332568645477295,,-0.40922579169273376
28.0,cyclone_flood,2,Fani,2019-05-03,Copernicus EMS EMSR357,NA,85.90827115585276,19.90608279115392,-8.028849361030069,4.44079477617554,-19.54207008284822,7.389028685297001,-0.13568146526813507,,-0.348626047372818
29.0,cyclone_flood,2,Fani,2019-05-03,Copernicus EMS EMSR357,NA,85.89991682371046,19.985044704628027,-5.562426029569011,-3.7636312329983213,-22.329146395222367,6.195791988428945,-0.12802892923355103,,-0.38802534341812134
30.0,cyclone_flood,2,Fani,2019-05-03,Copernicus EMS EMSR357,NA,85.62179841174705,19.76756257434269,-3.9782765513049974,0.8148834983791531,-16.66940292772457,9.125502164309033,-0.19367854297161102,,-0.38532641530036926
31.0,cyclone_flood,2,Fani,2019-05-03,Copernicus EMS EMSR357,NA,85.96486501875229,20.283914199654593,4.269168964569637,-2.564787568518648,-11.873616852135953,5.18406817355894,-0.19729071855545044,,-0.32208237051963806
32.0,cyclone_flood,2,Fani,2019-05-03,Copernicus EMS EMSR357,NA,86.94043541730609,20.646384416796817,-0.9958014633553525,-1.194931018806706,-14.40220017743059,,-0.2324114441871643,,-0.3521367609500885
33.0,cyclone_flood,2,Fani,2019-05-03,Copernicus EMS EMSR357,NA,85.40620274355837,19.65437484854363,-3.431460892395993,-9.545533906002099,-22.219271523479748,,-0.1540740728378296,1.0,-0.31528937816619873
34.0,cyclone_flood,2,Fani,2019-05-03,Copernicus EMS EMSR357,NA,85.92632729306357,19.908238747835806,-4.724764372079758,-1.9712459214358589,-22.00186319433751,7.389028685297001,-0.2124645859003067,1.0,-0.2751159071922302
35.0,cyclone_flood,2,Fani,2019-05-03,Copernicus EMS EMSR357,NA,85.47384588445256,19.717706076074055,-6.235668553295639,0.24381843091303956,-17.108437768120687,10.31287147683081,-0.18015962839126587,,-0.30096501111984253
36.0,cyclone_flood,2,Fani,2019-05-03,Copernicus EMS EMSR357,NA,85.96432602958183,20.30412629354728,3.6076451908346687,-3.3065231631613035,-13.170962772366723,5.18406817355894,0.24304185807704926,,-0.6374133825302124
37.0,cyclone_flood,2,Fani,2019-05-03,Copernicus EMS EMSR357,NA,85.88213018108489,19.99582448803746,-13.33484784305378,1.1147289822062731,-22.787374443644453,6.195791988428945,-0.11474694311618805,0.0,-0.3769935667514801
38.0,cyclone_flood,2,Fani,2019-05-03,Copernicus EMS EMSR357,NA,85.965673502508,20.291460048041195,1.5338036608747707,-3.4247548333293096,-24.293134090649318,5.18406817355894,-0.17593374848365784,,-0.37779033184051514
39.0,cyclone_flood,2,Fani,2019-05-03,Copernicus EMS EMSR357,NA,85.95462422451334,20.33215373041181,1.9231032705757194,1.44650666254946,-9.261495848893977,5.18406817355894,-0.1503383368253708,,-0.3504793047904968
40.0,cyclone_flood,2,Fani,2019-05-03,Copernicus EMS EMSR357,NA,85.8904845132272,19.857034776640994,-5.211733035646375,0.08933158821805876,-24.27512939557761,7.389028685297001,-0.1984957456588745,3.0,-0.23404255509376526
41.0,cyclone_flood,2,Fani,2019-05-03,Copernicus EMS EMSR357,NA,85.70615021692588,19.978846329167602,5.814795779862532,-9.894591754895806,-15.228325671679757,6.096451297566428,-0.24187567830085754,8.0,-0.3008981943130493
42.0,cyclone_flood,2,Fani,2019-05-03,Copernicus EMS EMSR357,NA,85.9160864988246,20.356947232253507,-0.014432963718480352,-2.754343816314753,-13.97783921685306,5.03273114864479,-0.19121934473514557,,-0.4290909171104431
43.0,cyclone_flood,2,Fani,2019-05-03,Copernicus EMS EMSR357,NA,85.28358270727605,19.629581346701933,0.7684933124686957,-10.053787596171006,-23.037426534196825,8.958568006973712,-0.2755846679210663,23.0,-0.2604166567325592
44.0,cyclone_flood,2,Fani,2019-05-03,Copernicus EMS EMSR357,NA,85.75088631807502,20.423512394806764,0.949726751026633,3.9509182388485122,-8.607473287505087,5.019582405484052,0.2379465103149414,2.0,-0.5815461277961731
45.0,cyclone_flood,2,Fani,2019-05-03,Copernicus EMS EMSR357,NA,85.94626989237102,20.412463116812095,1.2184935670559192,-0.6588560703216153,-12.527765310913967,5.03273114864479,-0.17843036353588104,,-0.37788018584251404
46.0,cyclone_flood,2,Fani,2019-05-03,Copernicus EMS EMSR357,NA,85.86838595723786,19.845177014890616,2.775041887068589,-0.2546189121742959,-13.077934486463187,,-0.2081202119588852,,-0.28775668144226074
47.0,cyclone_flood,2,Fani,2019-05-03,Copernicus EMS EMSR357,NA,85.9160864988246,20.374733874879073,6.3121180291087065,-4.2368583474926265,-12.543276861915205,5.03273114864479,-0.1847517192363739,,-0.36353468894958496
48.0,cyclone_flood,2,Fani,2019-05-03,Copernicus EMS EMSR357,NA,85.30595075785062,19.58754019140514,-9.589955877908395,-2.2122718147891653,-24.075525124240322,8.958568006973712,-0.2163742631673813,5.0,-0.27178603410720825
49.0,cyclone_flood,2,Fani,2019-05-03,Copernicus EMS EMSR357,NA,85.67111592084521,19.955130805666847,-4.414594912003359,-1.9308906303023985,-15.804961063822084,6.096451297566428,-0.1407487392425537,4.0,-0.4020557999610901
50.0,cyclone_flood,2,Fani,2019-05-03,Copernicus EMS EMSR357,NA,85.94303595734819,19.91066419910293,-5.339433536382824,-4.1347212434913825,-23.082197649261364,7.389028685297001,-0.18817833065986633,1.0,-0.26713576912879944
51.0,cyclone_flood,2,Fani,2019-05-03,Copernicus EMS EMSR357,NA,85.903959242489,20.5162185321279,2.7599086759932447,-3.145483083005532,-12.246397759944749,4.886210745591982,-0.2075713872909546,,-0.2884715795516968
52.0,cyclone_flood,2,Fani,2019-05-03,Copernicus EMS EMSR357,NA,85.79858685966177,20.04783694298798,-6.519500974333496,2.7424747467040227,-17.319501682813097,5.885009423817512,-0.04982871562242508,,-0.4111933410167694
53.0,cyclone_flood,2,Fani,2019-05-03,Copernicus EMS EMSR357,NA,85.77190689572342,20.51406257544601,2.103143501403018,2.8098792509693524,-9.975660709610025,4.874832967667862,-0.15276381373405457,,-0.4304298758506775
54.0,cyclone_flood,2,Fani,2019-05-03,Copernicus EMS EMSR357,NA,85.92147639052932,20.377698315316668,3.9601332441265473,-5.487607840279971,-13.500942673697804,5.03273114864479,-0.1568775475025177,,-0.3540252149105072
55.0,cyclone_flood,2,Fani,2019-05-03,Copernicus EMS EMSR357,NA,85.71019263570442,19.983966726287083,-13.669175400053238,1.3003644885858492,-22.949118762094535,6.096451297566428,-0.15273064374923706,3.0,-0.4755507707595825
56.0,cyclone_flood,2,Fani,2019-05-03,Copernicus EMS EMSR357,NA,85.91069660711989,19.86970102214708,-0.7381299806934365,-3.8409238464607505,-19.129848701632458,7.389028685297001,-0.17406143248081207,1.0,-0.2354060858488083
57.0,cyclone_flood,2,Fani,2019-05-03,Copernicus EMS EMSR357,NA,85.74360996427366,20.511367629593654,4.111365494949119,-2.4278888225709316,-11.540325058031588,4.778664966831319,-0.1395866423845291,,-0.31041163206100464
58.0,cyclone_flood,2,Fani,2019-05-03,Copernicus EMS EMSR357,NA,85.85464173339084,19.95351383815543,-7.570816532349777,0.2737148305685686,-20.257574671410406,6.195791988428945,-0.2203228920698166,0.0,-0.322593629360199
59.0,cyclone_flood,2,Fani,2019-05-03,Copernicus EMS EMSR357,NA,85.58918956693351,19.98477521004279,1.425133930954015,-5.851135023973912,-16.4549978322352,6.515660818737503,-0.19800806045532227,2.0,-0.2859315574169159
60.0,cyclone_flood,2,Fani,2019-05-03,Copernicus EMS EMSR357,NA,85.66195310494719,19.97237845912194,-8.430121376422743,2.185590186336748,-20.851246295151107,6.096451297566428,-0.19262370467185974,19.0,-0.3152885138988495
61.0,cyclone_flood,2,Fani,2019-05-03,Copernicus EMS EMSR357,NA,85.2636401079686,19.61987954163344,-11.518489027753443,-1.6156990813728367,-23.877035027962705,8.958568006973712,-0.21370498836040497,20.0,-0.2854430377483368
62.0,cyclone_flood,2,Fani,2019-05-03,Copernicus EMS EMSR357,NA,85.8791657406473,20.094998495404255,-17.102185910951984,7.348826595608713,-21.69776201902826,5.307926669942122,-0.16701343655586243,,-0.2983490526676178
63.0,cyclone_flood,2,Fani,2019-05-03,Copernicus EMS EMSR357,NA,85.93387314145018,19.890182610625004,-5.868636705112834,-1.488338057445187,-25.801989146609678,7.389028685297001,-0.17497648298740387,,-0.21352733671665192
64.0,cyclone_flood,2,Fani,2019-05-03,Copernicus EMS EMSR357,NA,85.7627440798254,20.45773820713172,1.358943000642281,-1.5439332524940745,-15.459658827510612,4.874832967667862,-0.14669078588485718,,-0.3482610881328583
65.0,cyclone_flood,2,Fani,2019-05-03,Copernicus EMS EMSR357,NA,85.96971592128654,20.00902972271402,1.8573978982470045,-2.6240929904307304,-13.560513266588142,6.565712251605034,-0.07690028101205826,1.0,-0.3519965410232544
66.0,cyclone_flood,2,Fani,2019-05-03,Copernicus EMS EMSR357,NA,85.6808177259137,20.005256798520715,-8.102853370470008,-3.658580157632036,-22.054822238979014,6.096451297566428,0.08341915905475616,5.0,-0.5552927255630493
67.0,cyclone_flood,2,Fani,2019-05-03,Copernicus EMS EMSR357,NA,85.8619180871922,19.841943079867786,-0.9966047700030991,-0.7925973787156941,-13.58365534430999,,-0.06561523675918579,,-0.17264166474342346
68.0,cyclone_flood,2,Fani,2019-05-03,Copernicus EMS EMSR357,NA,85.89587440493192,19.977229361656185,-1.1730089076574757,0.5389159339753604,-10.51217858692226,6.195791988428945,0.04041771590709686,,-0.5898345112800598
69.0,cyclone_flood,2,Fani,2019-05-03,Copernicus EMS EMSR357,NA,85.27253342928138,19.5729874838024,-5.195327818046231,5.4814534325269655,-14.711044767987996,8.958568006973712,-0.16050268709659576,0.0,-0.30505162477493286
70.0,cyclone_flood,2,Fani,2019-05-03,Copernicus EMS EMSR357,NA,85.85491122797606,20.525650842611153,1.4581134669598157,1.010727527773744,-8.70144840981186,4.886210745591982,-0.19434629380702972,0.0,-0.40141844749450684
71.0,cyclone_flood,2,Fani,2019-05-03,Copernicus EMS EMSR357,NA,85.76786447694488,19.923330444609014,4.7463027007811665,-2.5159494959121282,-10.370788794991041,6.969827912893093,-0.19117359817028046,3.0,-0.2847394645214081
72.0,cyclone_flood,2,Fani,2019-05-03,Copernicus EMS EMSR357,NA,85.90368974790375,20.378776293657612,6.416475872947025,-4.814561120914599,-14.128155660683092,5.03273114864479,-0.1575007140636444,,-0.33363717794418335
73.0,cyclone_flood,2,Fani,2019-05-03,Copernicus EMS EMSR357,NA,85.75654570436498,20.046219975476564,-15.978104437863603,6.227349706895177,-18.834905411033976,5.885009423817512,-0.037747398018836975,,-0.4090230166912079
74.0,cyclone_flood,2,Fani,2019-05-03,Copernicus EMS EMSR357,NA,85.93683758188777,20.332423224997044,-2.7177443842288653,-0.11523509189512815,-15.848784463006044,5.1553516087775515,-0.21240492165088654,,-0.2594152092933655
75.0,cyclone_flood,2,Fani,2019-05-03,Copernicus EMS EMSR357,NA,85.26606555923571,19.619610047048205,-4.536105936180174,-4.0284674019013345,-19.340101476235688,8.958568006973712,-0.19079497456550598,22.0,-0.1982651799917221
76.0,cyclone_flood,2,Fani,2019-05-03,Copernicus EMS EMSR357,NA,85.94788685988243,20.316253549882894,0.0909583688095168,-0.7109838603079375,-12.894747595705809,5.1553516087775515,-0.18533071875572205,,-0.31605395674705505
77.0,cyclone_flood,2,Fani,2019-05-03,Copernicus EMS EMSR357,NA,85.94141898983678,20.450192358745113,-3.5502173209334913,2.7845480272154877,-12.930788617838902,4.886210745591982,-0.10416259616613388,,-0.42493006587028503
78.0,cyclone_flood,2,Fani,2019-05-03,Copernicus EMS EMSR357,NA,85.95704967578045,20.33404019250846,5.286419706947399,-3.27110714634164,-12.747462105084264,5.18406817355894,-0.20117928087711334,,-0.2789390981197357
79.0,cyclone_flood,2,Fani,2019-05-03,Copernicus EMS EMSR357,NA,85.64740039734446,19.889374126869296,4.971805609432716,-3.556938422616568,-11.63582507720542,7.911337523633622,-0.24217012524604797,2.0,-0.3488805890083313
80.0,cyclone_flood,2,Amphan,2020-05-20,Sentinel-1 SAR change detection (Module 08),NA,86.76876736651086,20.556642719913278,-4.149227697373938,0.6169466974782445,-21.593528819090547,5.217636710127759,,2.0,
81.0,cyclone_flood,2,Amphan,2020-05-20,Sentinel-1 SAR change detection (Module 08),NA,86.46235202309768,20.24753243064775,-4.566714130779431,0.5427135266541416,-14.775288846309556,5.259896653689736,,1.0,
82.0,cyclone_flood,2,Amphan,2020-05-20,Sentinel-1 SAR change detection (Module 08),NA,86.89165689737841,20.871142900883523,-3.855868430699662,-0.980737374231353,-24.309244655244964,6.349178715733446,0.3900628089904785,,-0.011637573130428791
83.0,cyclone_flood,2,Amphan,2020-05-20,Sentinel-1 SAR change detection (Module 08),NA,86.95013722237458,20.758494164254934,-8.70727166456578,4.0423735821619005,-26.393579250103606,,0.27419355511665344,,0.09714286029338837
84.0,cyclone_flood,2,Amphan,2020-05-20,Sentinel-1 SAR change detection (Module 08),NA,86.56368198714637,20.275829362097515,-8.667833664111292,7.512497007832106,-13.329244957324313,5.307247877372321,,,
85.0,cyclone_flood,2,Amphan,2020-05-20,Sentinel-1 SAR change detection (Module 08),NA,86.82563072399562,20.580897232584505,-4.4329846925983745,-1.8700620610018746,-25.47280447757112,5.217636710127759,0.16908212006092072,4.0,0.030383972451090813
86.0,cyclone_flood,2,Amphan,2020-05-20,Sentinel-1 SAR change detection (Module 08),NA,86.5736532868001,20.243220517283977,-1.164631135555382,1.875341289074262,-10.424708105930907,,,0.0,
87.0,cyclone_flood,2,Amphan,2020-05-20,Sentinel-1 SAR change detection (Module 08),NA,86.41465148151094,20.172343441366948,-1.9600215829657905,3.1501079574033106,-11.614236525428526,4.879837719703481,,0.0,
88.0,cyclone_flood,2,Amphan,2020-05-20,Sentinel-1 SAR change detection (Module 08),NA,86.72753469496976,20.860632612059323,-3.9081864507567055,-0.8188517086597287,-18.281571809338256,4.9784416002511005,0.2875175178050995,3.0,-0.06373117119073868
89.0,cyclone_flood,2,Amphan,2020-05-20,Sentinel-1 SAR change detection (Module 08),NA,86.53188162608853,20.230823766363127,-1.5995137853874972,2.184037712149495,-14.914713574047301,5.259896653689736,,1.0,
90.0,cyclone_flood,2,Amphan,2020-05-20,Sentinel-1 SAR change detection (Module 08),NA,86.79948974922775,20.78463513902281,-4.94591250370938,2.702735472944454,-15.200327434169687,5.399966470098057,0.16320055723190308,1.0,-0.06348694860935211
91.0,cyclone_flood,2,Amphan,2020-05-20,Sentinel-1 SAR change detection (Module 08),NA,86.80002873839821,20.56230210620323,-2.947619796574852,-0.3439858875437878,-17.257045305159597,5.217636710127759,,,
92.0,cyclone_flood,2,Amphan,2020-05-20,Sentinel-1 SAR change detection (Module 08),NA,86.6690543699736,20.555025752401864,-0.42357846265235466,1.3717659503253081,-14.299040301578753,4.671445729006667,0.2647140920162201,1.0,-0.1746114045381546
93.0,cyclone_flood,2,Amphan,2020-05-20,Sentinel-1 SAR change detection (Module 08),NA,86.87413974933807,20.939055536362957,-5.503546133065623,2.357974793558899,-19.11977353672961,6.349178715733446,0.06484092026948929,3.0,-0.06142111495137215
94.0,cyclone_flood,2,Amphan,2020-05-20,Sentinel-1 SAR change detection (Module 08),NA,86.9223792800953,20.71780048188432,-10.169311522971611,7.447545252450713,-25.064009639686297,5.816234102713493,0.28409090638160706,2.0,0.037387602031230927
95.0,cyclone_flood,2,Amphan,2020-05-20,Sentinel-1 SAR change detection (Module 08),NA,86.64345238437618,20.867100482104984,-4.065461547216454,0.4524025890276704,-14.999647744445495,4.339759785771705,,3.0,
96.0,cyclone_flood,2,Amphan,2020-05-20,Sentinel-1 SAR change detection (Module 08),NA,86.91294696961204,20.843654453189465,-6.891249279629232,-0.34184555894701063,-24.127805128992215,6.066878866754952,0.17771509289741516,6.0,0.17449332773685455
97.0,cyclone_flood,2,Amphan,2020-05-20,Sentinel-1 SAR change detection (Module 08),NA,87.32742964170478,21.598239291849865,-0.488317231369777,-0.5761504701566356,-17.05796119573662,6.957229462752067,0.32724252343177795,2.0,-0.18195265531539917
98.0,cyclone_flood,2,Amphan,2020-05-20,Sentinel-1 SAR change detection (Module 08),NA,87.01697187951308,21.464030988402406,-0.5633517319047137,2.005092107819447,-11.934284544620112,6.833273630359142,,2.0,
99.0,cyclone_flood,2,Amphan,2020-05-20,Sentinel-1 SAR change detection (Module 08),NA,87.04095689759907,21.56401347952491,-2.0007960192087566,-1.0443924987961388,-14.305359357059078,6.411055284967815,,8.0,
100.0,cyclone_flood,2,Amphan,2020-05-20,Sentinel-1 SAR change detection (Module 08),NA,86.418154911119,20.1817757518502,2.6514332066815705,-4.2496218327057065,-13.27284293757531,4.879837719703481,,,
101.0,cyclone_flood,2,Amphan,2020-05-20,Sentinel-1 SAR change detection (Module 08),NA,86.50196772712735,20.208186221203317,-5.126205769167733,3.231654210748662,-17.205902653381525,5.259896653689736,,1.0,
102.0,cyclone_flood,2,Amphan,2020-05-20,Sentinel-1 SAR change detection (Module 08),NA,86.42731772701703,20.107934235495577,-4.82328828184848,2.138193794109071,-25.196677705852753,5.255270960593868,,3.0,
103.0,cyclone_flood,2,Amphan,2020-05-20,Sentinel-1 SAR change detection (Module 08),NA,86.82886465901845,20.60380427232955,-2.409299356088752,-0.08577781626122771,-18.562361061523895,5.217636710127759,0.3131868243217468,4.0,-0.04480874165892601
104.0,cyclone_flood,2,Amphan,2020-05-20,Sentinel-1 SAR change detection (Module 08),NA,86.98059011050624,20.745827918748848,-4.665049370133158,1.4319481090246562,-19.86348860348139,,,2.0,
105.0,cyclone_flood,2,Amphan,2020-05-20,Sentinel-1 SAR change detection (Module 08),NA,86.51840689682675,20.221121961294635,-4.704517528549072,4.0265890610297035,-11.195106707952128,5.259896653689736,,0.0,
106.0,cyclone_flood,2,Amphan,2020-05-20,Sentinel-1 SAR change detection (Module 08),NA,86.50466267297972,20.201179361987183,-3.244897911333954,0.33128365988804376,-17.215578800893393,5.259896653689736,,1.0,
107.0,cyclone_flood,2,Amphan,2020-05-20,Sentinel-1 SAR change detection (Module 08),NA,87.05685707812799,21.585303551758543,-8.1282495053252,4.545174840371155,-18.264303123606716,6.974440004863063,0.011532625183463097,1.0,-0.036380596458911896
108.0,cyclone_flood,2,Amphan,2020-05-20,Sentinel-1 SAR change detection (Module 08),NA,86.94043541730609,20.646384416796817,-3.269917220999087,-0.21822346080891464,-21.400158505609127,,,,
109.0,cyclone_flood,2,Amphan,2020-05-20,Sentinel-1 SAR change detection (Module 08),NA,86.65072873817755,20.38955607706705,-6.238078445674947,4.282290144697111,-26.34856827194922,,,2.0,
110.0,cyclone_flood,2,Amphan,2020-05-20,Sentinel-1 SAR change detection (Module 08),NA,86.70408866605425,20.81347105964305,-2.5408664116445294,-1.0526561807722903,-15.478487190305499,4.76148760104885,0.1643342673778534,3.0,-0.09309308975934982
111.0,cyclone_flood,2,Amphan,2020-05-20,Sentinel-1 SAR change detection (Module 08),NA,86.92561321511812,20.718069976469558,-7.005299474090901,4.2819543856963325,-25.593000804692263,5.816234102713493,0.34814098477363586,1.0,-0.033691223710775375
112.0,cyclone_flood,2,Amphan,2020-05-20,Sentinel-1 SAR change detection (Module 08),NA,86.95687458700549,20.800535319551727,-2.929118200099282,-2.3767615833821765,-19.185700422253124,,,1.0,
113.0,cyclone_flood,2,Amphan,2020-05-20,Sentinel-1 SAR change detection (Module 08),NA,87.01912783619497,21.514965465011983,-2.8666920083723753,3.3656935899053995,-13.411486643134388,6.833273630359142,0.15443816781044006,,0.010554090142250061
114.0,cyclone_flood,2,Amphan,2020-05-20,Sentinel-1 SAR change detection (Module 08),NA,86.50142873795689,20.189591094822042,-3.2327612544631137,1.0280186935116546,-15.683731003358767,5.259896653689736,,8.0,
115.0,cyclone_flood,2,Amphan,2020-05-20,Sentinel-1 SAR change detection (Module 08),NA,86.44240942379024,20.17396040887836,-0.8062832494714378,3.489202941689852,-21.193983189464877,4.879837719703481,,14.0,
116.0,cyclone_flood,2,Amphan,2020-05-20,Sentinel-1 SAR change detection (Module 08),NA,86.49361339498505,20.198484416134825,-1.9708008194807611,4.393996719048129,-13.286111227445112,5.259896653689736,,1.0,
117.0,cyclone_flood,2,Amphan,2020-05-20,Sentinel-1 SAR change detection (Module 08),NA,87.10940852224898,21.526553732177124,-3.475155032940048,2.3609870380459554,-16.18691807485497,,0.2809394896030426,1.0,-0.086173877120018
118.0,cyclone_flood,2,Amphan,2020-05-20,Sentinel-1 SAR change detection (Module 08),NA,86.39201393635113,20.084757701165294,-5.691080725084362,-1.592716905558941,-23.204104662164653,5.255270960593868,0.2945312559604645,1.0,-0.03079315647482872
119.0,cyclone_flood,2,Amphan,2020-05-20,Sentinel-1 SAR change detection (Module 08),NA,86.45884859348962,20.24699344147728,-7.575885338450089,4.6335321792568855,-21.618648890622648,5.259896653689736,,5.0,
120.0,cyclone_flood,2,Amphan,2020-05-20,Sentinel-1 SAR change detection (Module 08),NA,86.8630904713434,20.9506438035281,-1.5329000315927033,-1.0856216466053077,-17.807260212967655,6.203746000384558,0.22519083321094513,,5.189413786865771E-4
121.0,cyclone_flood,2,Amphan,2020-05-20,Sentinel-1 SAR change detection (Module 08),NA,86.9005502186912,20.85578170952508,-6.994589562441146,2.7572887527292487,-16.50553402722566,6.349178715733446,0.19465649127960205,5.0,-0.01417578011751175
122.0,cyclone_flood,2,Amphan,2020-05-20,Sentinel-1 SAR change detection (Module 08),NA,86.29607386400716,20.164528098395106,-2.559957651041813,0.4092809782102105,-12.92322177501803,4.647503328384597,-0.06544960290193558,,-0.38355377316474915
123.0,cyclone_flood,2,Amphan,2020-05-20,Sentinel-1 SAR change detection (Module 08),NA,87.05281465934945,21.60147322687269,-3.6230011710265515,-3.8516941676670573,-20.860018062800563,6.974440004863063,0.23539982736110687,2.0,0.07157326489686966
124.0,cyclone_flood,2,Amphan,2020-05-20,Sentinel-1 SAR change detection (Module 08),NA,86.41599895443711,20.18393170853209,-2.5630669844813987,0.6640714239557095,-15.246447708041945,4.879837719703481,,0.0,
125.0,cyclone_flood,2,Amphan,2020-05-20,Sentinel-1 SAR change detection (Module 08),NA,86.79814227630156,20.556912214498514,-4.419144053465402,-2.95121482777785,-24.764310622677982,5.217636710127759,,6.0,
126.0,cyclone_flood,2,Amphan,2020-05-20,Sentinel-1 SAR change detection (Module 08),NA,86.63348108472245,20.869795427957342,-9.768663118416976,6.0041605680366175,-17.71353054096595,4.339759785771705,,4.0,
127.0,cyclone_flood,2,Amphan,2020-05-20,Sentinel-1 SAR change detection (Module 08),NA,86.79005743874448,20.573351384197903,-6.740589546681807,-0.4763012816513186,-26.129961731453193,5.217636710127759,0.2567421793937683,1.0,0.14994527399539948
128.0,cyclone_flood,2,Amphan,2020-05-20,Sentinel-1 SAR change detection (Module 08),NA,87.06359444275888,21.657797595186988,-4.635801248785995,5.3371674352421845,-15.263349544546493,5.836736732601308,0.008695651777088642,3.0,0.30455636978149414
129.0,cyclone_flood,2,Amphan,2020-05-20,Sentinel-1 SAR change detection (Module 08),NA,86.90405364829925,20.885426113901023,-5.485811378124385,0.4240903110230736,-22.994303707984013,6.349178715733446,-0.13969732820987701,5.0,-0.013022618368268013
130.0,cyclone_flood,2,Amphan,2020-05-20,Sentinel-1 SAR change detection (Module 08),NA,86.70732260107708,20.86332755791168,-4.416057371520875,0.8441448079336933,-15.378318691775679,4.9784416002511005,0.22029897570610046,0.0,-0.17544524371623993
131.0,cyclone_flood,2,Amphan,2020-05-20,Sentinel-1 SAR change detection (Module 08),NA,86.83344606696745,20.853895247428426,-4.5909462851106255,0.044129128004129825,-17.584020689535414,5.667198756051062,0.34594595432281494,1.0,-0.03362391144037247
132.0,cyclone_flood,2,Amphan,2020-05-20,Sentinel-1 SAR change detection (Module 08),NA,86.78601501996594,20.574159867953608,-2.8246295910436494,-0.5760016100975331,-21.27463915207842,5.217636710127759,0.36789900064468384,2.0,-0.04512573033571243
133.0,cyclone_flood,2,Amphan,2020-05-20,Sentinel-1 SAR change detection (Module 08),NA,87.36273343237069,21.611983515696892,-8.062241242335837,1.6286103220861072,-18.639379748304144,7.262581495103402,0.3045089542865753,3.0,-0.08474576473236084
134.0,cyclone_flood,2,Amphan,2020-05-20,Sentinel-1 SAR change detection (Module 08),NA,86.84988523666685,21.005620698916214,-5.969011282103587,0.6354398008113655,-17.861259332494853,5.38570258853186,0.3275783658027649,,-0.09356287121772766
135.0,cyclone_flood,2,Amphan,2020-05-20,Sentinel-1 SAR change detection (Module 08),NA,87.00673108527411,21.51065355164821,-3.7912224010787625,2.5756211063300682,-13.460639838943628,6.833273630359142,,,
136.0,cyclone_flood,2,Amphan,2020-05-20,Sentinel-1 SAR change detection (Module 08),NA,86.59575184278944,20.29684993974591,-3.9570184629433776,0.6514437825900927,-13.348582796132176,5.307247877372321,,0.0,
137.0,cyclone_flood,2,Amphan,2020-05-20,Sentinel-1 SAR change detection (Module 08),NA,86.4383670050117,20.08448820658006,-4.110838324356877,4.265625964949123,-12.999216408826825,5.255270960593868,,4.0,
138.0,cyclone_flood,2,Amphan,2020-05-20,Sentinel-1 SAR change detection (Module 08),NA,86.87872115728709,20.868986944201634,-3.0275709515539226,3.3988661373596507,-15.045331914802812,6.349178715733446,0.1193511039018631,5.0,0.05847953259944916
139.0,cyclone_flood,2,Amphan,2020-05-20,Sentinel-1 SAR change detection (Module 08),NA,86.97978162675054,20.746097413334084,-4.775972563227054,1.5060609521534385,-15.578712310590216,,,2.0,
140.0,cyclone_flood,2,Amphan,2020-05-20,Sentinel-1 SAR change detection (Module 08),NA,86.29930779902999,20.527806799293042,-1.2488178830806493,0.4598312904316071,-10.639443233343815,3.7931260502709176,0.23050615191459656,1.0,-0.14440204203128815
141.0,cyclone_flood,2,Amphan,2020-05-20,Sentinel-1 SAR change detection (Module 08),NA,86.82266628355802,20.69381546379833,-9.743073984176881,-3.373881618877091,-24.341258216025658,5.17320685893072,0.2656855285167694,,0.09373266994953156
142.0,cyclone_flood,2,Amphan,2020-05-20,Sentinel-1 SAR change detection (Module 08),NA,86.37341880996985,20.113863116370766,-8.270756611990343,4.115976203517871,-16.433860025857648,5.255270960593868,0.07058823853731155,2.0,0.0786365196108818
143.0,cyclone_flood,2,Amphan,2020-05-20,Sentinel-1 SAR change detection (Module 08),NA,86.41950238404519,20.099579903353266,-5.202150889502214,-2.8036615611869458,-23.93201799084228,5.255270960593868,,2.0,
144.0,cyclone_flood,2,Amphan,2020-05-20,Sentinel-1 SAR change detection (Module 08),NA,86.4782522036266,20.355869253912566,-9.03834545223362,7.126175063591543,-14.376094599758742,4.589325419691953,,1.0,
145.0,cyclone_flood,2,Amphan,2020-05-20,Sentinel-1 SAR change detection (Module 08),NA,87.03421953296818,21.493405898193114,0.9410656970813136,-1.1786827853402535,-10.30379757724103,6.833273630359142,,,
146.0,cyclone_flood,2,Amphan,2020-05-20,Sentinel-1 SAR change detection (Module 08),NA,86.81323397307477,20.614045066568515,-2.5814204108047,0.4418516399373065,-21.219951286933416,5.217636710127759,,,
147.0,cyclone_flood,2,Amphan,2020-05-20,Sentinel-1 SAR change detection (Module 08),NA,86.42300581365325,20.169917990099822,-2.7737556256622042,2.2194614083633777,-14.597317626724674,4.879837719703481,,1.0,
148.0,cyclone_flood,2,Amphan,2020-05-20,Sentinel-1 SAR change detection (Module 08),NA,86.69654281766765,20.839073045240454,-7.650899694822769,5.958068634048034,-14.069248803560086,4.76148760104885,0.21305841207504272,3.0,-0.18855218589305878
149.0,cyclone_flood,2,Amphan,2020-05-20,Sentinel-1 SAR change detection (Module 08),NA,86.93154209599331,20.811315102961164,-4.39698581228464,0.9743251655499261,-20.69856325207145,6.066878866754952,,,
150.0,cyclone_flood,2,Amphan,2020-05-20,Sentinel-1 SAR change detection (Module 08),NA,86.418154911119,20.18258423560591,-6.737982505712967,-0.35561389759640427,-17.05886644945143,4.879837719703481,,2.0,
151.0,cyclone_flood,2,Amphan,2020-05-20,Sentinel-1 SAR change detection (Module 08),NA,86.35563216734428,20.082062755312936,-0.5106114625695994,-1.1526802737981736,-16.827927240229343,5.255270960593868,,,
152.0,cyclone_flood,2,Amphan,2020-05-20,Sentinel-1 SAR change detection (Module 08),NA,86.39093595801019,20.08044578780152,-2.7763971656661433,1.3070986122014272,-21.848113728229844,5.255270960593868,,4.0,
153.0,cyclone_flood,2,Amphan,2020-05-20,Sentinel-1 SAR change detection (Module 08),NA,86.43728902667075,20.155634777082323,-3.3647409475273022,-3.057245172269573,-20.21308807163517,4.879837719703481,,2.0,
154.0,cyclone_flood,2,Amphan,2020-05-20,Sentinel-1 SAR change detection (Module 08),NA,86.78978794415926,20.57469885712408,-6.188673990471983,2.966690272080836,-24.311932521810622,5.217636710127759,0.24965132772922516,3.0,0.025380710139870644
155.0,cyclone_flood,2,Amphan,2020-05-20,Sentinel-1 SAR change detection (Module 08),NA,86.65045924359231,20.399527376720773,-3.2079029639765295,-0.7805566778272421,-16.909944158446,,,,
156.0,cyclone_flood,2,Amphan,2020-05-20,Sentinel-1 SAR change detection (Module 08),NA,86.79113541708543,20.797301384528897,-4.159393740331062,0.12857135307663725,-18.177782053745357,5.399966470098057,0.35129839181900024,,-0.08072100579738617
157.0,cyclone_flood,2,Amphan,2020-05-20,Sentinel-1 SAR change detection (Module 08),NA,86.51382548887773,20.25939019239813,-7.433506539238369,2.251491752969711,-20.145324719487956,4.879184196771166,,2.0,
158.0,cyclone_flood,2,Amphan,2020-05-20,Sentinel-1 SAR change detection (Module 08),NA,86.91860635590199,20.827484778075313,-2.816835187232453,1.0466141264210762,-15.714453186753472,6.066878866754952,0.16365322470664978,6.0,0.06899109482765198
159.0,cyclone_flood,2,Amphan,2020-05-20,Sentinel-1 SAR change detection (Module 08),NA,86.40575816019816,20.07451690692633,-2.5438112593531486,-6.369175535812342,-24.529755994970547,5.255270960593868,0.3032984733581543,4.0,-0.010289990343153477
160.0,cyclone_flood,2,Yaas,2021-05-26,Sentinel-1 SAR change detection (Module 08),NA,86.73831447837921,20.877071781758712,-11.512253756217866,0.4731727236130645,-21.974066720423814,5.549129616886888,,2.0,
161.0,cyclone_flood,2,Yaas,2021-05-26,Sentinel-1 SAR change detection (Module 08),NA,86.72807368414024,21.163544525864427,-15.38862718852252,1.2422683173847862,-22.24147174666841,4.6572909575931964,,1.0,
162.0,cyclone_flood,2,Yaas,2021-05-26,Sentinel-1 SAR change detection (Module 08),NA,86.74774678886246,20.98055770248928,-12.547047199052155,-0.6523018006010393,-22.27236888761434,5.45159323380476,,1.0,
163.0,cyclone_flood,2,Yaas,2021-05-26,Sentinel-1 SAR change detection (Module 08),NA,86.91968433424293,20.833144164365265,-13.522238207912146,0.5641986815636244,-21.918760580099196,6.248862704890161,,1.0,
164.0,cyclone_flood,2,Yaas,2021-05-26,Sentinel-1 SAR change detection (Module 08),NA,86.78089462284647,21.030414200757914,-11.545517093169252,-1.2716361557362994,-21.141836866893446,6.083666964715501,,1.0,
165.0,cyclone_flood,2,Yaas,2021-05-26,Sentinel-1 SAR change detection (Module 08),NA,86.81458144600094,20.57793279214691,-9.605966575786272,0.7350205280822841,-20.65707250119022,5.439551461288008,,,
166.0,cyclone_flood,2,Yaas,2021-05-26,Sentinel-1 SAR change detection (Module 08),NA,86.62458776340966,20.652582792257242,-9.922264255504174,0.11395159065587102,-22.311810630869374,4.394287642640991,,2.0,
167.0,cyclone_flood,2,Yaas,2021-05-26,Sentinel-1 SAR change detection (Module 08),NA,86.76876736651086,20.556642719913278,-9.296358595173082,-4.027312541047763,-24.203863325773597,5.439551461288008,,2.0,
168.0,cyclone_flood,2,Yaas,2021-05-26,Sentinel-1 SAR change detection (Module 08),NA,86.46235202309768,20.24753243064775,-8.942338427577674,0.8115574775370114,-21.85213325503588,5.56690366045114,,1.0,
169.0,cyclone_flood,2,Yaas,2021-05-26,Sentinel-1 SAR change detection (Module 08),NA,86.89165689737841,20.871142900883523,-7.413476032625933,-3.5545346701127674,-21.88243428308626,6.692107605716781,,,
170.0,cyclone_flood,2,Yaas,2021-05-26,Sentinel-1 SAR change detection (Module 08),NA,86.66177801617222,21.02340734154178,-12.181356272739109,-2.1854166176280216,-25.21783139305953,5.45159323380476,-0.05252056568861008,1.0,-0.2664223313331604
171.0,cyclone_flood,2,Yaas,2021-05-26,Sentinel-1 SAR change detection (Module 08),NA,86.78278108494312,20.56876997624889,-9.14820486312684,-5.134949426760484,-22.985823595987203,5.439551461288008,,1.0,
172.0,cyclone_flood,2,Yaas,2021-05-26,Sentinel-1 SAR change detection (Module 08),NA,86.60033325073844,20.889738027264798,-13.434151935663444,-2.5495080971789115,-28.68366229501031,4.965594778148434,-0.07086855918169022,3.0,-0.3153427541255951
173.0,cyclone_flood,2,Yaas,2021-05-26,Sentinel-1 SAR change detection (Module 08),NA,87.09620328757242,21.541106439779863,-13.473229502259255,-0.9649761235977774,-24.598399371131457,,,3.0,
174.0,cyclone_flood,2,Yaas,2021-05-26,Sentinel-1 SAR change detection (Module 08),NA,86.95013722237458,20.758494164254934,-5.395304975204596,-7.777373307800875,-22.327487085894848,,,,
175.0,cyclone_flood,2,Yaas,2021-05-26,Sentinel-1 SAR change detection (Module 08),NA,86.56368198714637,20.275829362097515,-5.568374626932648,3.649136031459225,-14.367578902197575,5.683301351996118,,,
176.0,cyclone_flood,2,Yaas,2021-05-26,Sentinel-1 SAR change detection (Module 08),NA,86.82563072399562,20.580897232584505,-9.759195398972317,-3.212945166864918,-24.187181401242444,5.439551461288008,,4.0,
177.0,cyclone_flood,2,Yaas,2021-05-26,Sentinel-1 SAR change detection (Module 08),NA,87.30991249366446,21.619529364083498,-11.88353617395774,11.04017021739723,-10.300206367030144,6.833850229265345,0.2590034604072571,1.0,0.023344814777374268
178.0,cyclone_flood,2,Yaas,2021-05-26,Sentinel-1 SAR change detection (Module 08),NA,86.31413000121796,19.966988567417225,-3.5061336489747816,0.3686719799258089,-17.745163177708886,5.889979200320379,,,
179.0,cyclone_flood,2,Yaas,2021-05-26,Sentinel-1 SAR change detection (Module 08),NA,86.5736532868001,20.243220517283977,-6.207548947753718,-1.2760294662750944,-21.538378241874554,,0.27583107352256775,0.0,0.005253940355032682
180.0,cyclone_flood,2,Yaas,2021-05-26,Sentinel-1 SAR change detection (Module 08),NA,86.41465148151094,20.172343441366948,-1.1141734013925841,-3.019332859559391,-15.902470342388586,5.12308089611844,,0.0,
181.0,cyclone_flood,2,Yaas,2021-05-26,Sentinel-1 SAR change detection (Module 08),NA,86.72753469496976,20.860632612059323,-13.0784840836047,2.463186343491019,-22.095815886483127,5.549129616886888,,3.0,
182.0,cyclone_flood,2,Yaas,2021-05-26,Sentinel-1 SAR change detection (Module 08),NA,86.66932386455882,21.04038550041164,-12.612480914433569,1.5848238500749154,-22.990871261710083,5.45159323380476,-0.06185567006468773,1.0,-0.28546202182769775
183.0,cyclone_flood,2,Yaas,2021-05-26,Sentinel-1 SAR change detection (Module 08),NA,86.53188162608853,20.230823766363127,-7.989358569182343,-2.0322150298227157,-24.17071098207446,5.56690366045114,,1.0,
184.0,cyclone_flood,2,Yaas,2021-05-26,Sentinel-1 SAR change detection (Module 08),NA,86.49954227586024,20.36206762937299,-8.241051705756966,-1.135183898961369,-20.795196038824,4.868103181731876,,3.0,
185.0,cyclone_flood,2,Yaas,2021-05-26,Sentinel-1 SAR change detection (Module 08),NA,86.79948974922775,20.78463513902281,-2.4124282259067655,-2.8812498952930596,-14.96559407820526,5.736416838450749,,1.0,
186.0,cyclone_flood,2,Yaas,2021-05-26,Sentinel-1 SAR change detection (Module 08),NA,86.65827458656415,20.543167990651487,-13.782210786013458,-4.443226399798432,-29.19649079344332,5.40802878559987,,1.0,
187.0,cyclone_flood,2,Yaas,2021-05-26,Sentinel-1 SAR change detection (Module 08),NA,86.73750599462349,20.863597052496917,-11.09325707867567,0.2569034375718324,-21.377396866099453,5.549129616886888,,4.0,
188.0,cyclone_flood,2,Yaas,2021-05-26,Sentinel-1 SAR change detection (Module 08),NA,86.62620473092109,20.84338495860423,-11.248741065655288,0.5008209128106849,-23.40775897623914,4.671403670561823,,3.0,
189.0,cyclone_flood,2,Yaas,2021-05-26,Sentinel-1 SAR change detection (Module 08),NA,86.80002873839821,20.56230210620323,-7.598070921866306,-7.314923931811665,-25.144222074809136,5.439551461288008,,,
190.0,cyclone_flood,2,Yaas,2021-05-26,Sentinel-1 SAR change detection (Module 08),NA,87.1034796413738,21.56805589830345,-9.034858224374059,-3.986087576912958,-23.995512400826428,6.857031286166173,,1.0,
191.0,cyclone_flood,2,Yaas,2021-05-26,Sentinel-1 SAR change detection (Module 08),NA,85.85167729295324,20.547749398600494,-2.4206942520528756,1.9201771934048786,-11.7364970422333,3.5641539626450904,-0.1023084968328476,7.0,-0.3541749119758606
192.0,cyclone_flood,2,Yaas,2021-05-26,Sentinel-1 SAR change detection (Module 08),NA,86.6690543699736,20.555025752401864,-5.149430848237362,-3.0826360673373543,-20.104650369443135,4.982287506607992,,1.0,
193.0,cyclone_flood,2,Yaas,2021-05-26,Sentinel-1 SAR change detection (Module 08),NA,86.62350978506873,20.847966366553237,-8.372100790552182,-6.189849403725894,-26.900314346208326,4.671403670561823,,4.0,
194.0,cyclone_flood,2,Yaas,2021-05-26,Sentinel-1 SAR change detection (Module 08),NA,86.87413974933807,20.939055536362957,-6.433890934799564,-4.1496160499531545,-23.30346927576182,6.692107605716781,,3.0,
195.0,cyclone_flood,2,Yaas,2021-05-26,Sentinel-1 SAR change detection (Module 08),NA,86.67660021836019,21.20504669199075,-14.28854714223657,-6.004441131039101,-27.975207144130927,4.6572909575931964,-0.0901302844285965,2.0,-0.26094484329223633
196.0,cyclone_flood,2,Yaas,2021-05-26,Sentinel-1 SAR change detection (Module 08),NA,86.69438686098576,20.562571600788466,-8.453683135547834,-5.585362034580292,-23.4533922957397,4.982287506607992,,1.0,
197.0,cyclone_flood,2,Yaas,2021-05-26,Sentinel-1 SAR change detection (Module 08),NA,86.95121520071552,20.82263387554107,-5.271692642548146,-2.43008039858665,-17.68420492639103,,,0.0,
198.0,cyclone_flood,2,Yaas,2021-05-26,Sentinel-1 SAR change detection (Module 08),NA,86.73588902711208,21.108298135891076,-16.04227687528075,2.5942733440500927,-22.516938420351643,5.11215802105725,-0.09825807809829712,2.0,-0.33400049805641174
199.0,cyclone_flood,2,Yaas,2021-05-26,Sentinel-1 SAR change detection (Module 08),NA,86.59871628322703,20.897822864821872,-14.353020999147004,6.607062045712684,-17.18943823001925,4.965594778148434,0.04782799631357193,4.0,-0.37162551283836365
200.0,cyclone_flood,2,Yaas,2021-05-26,Sentinel-1 SAR change detection (Module 08),NA,86.41680743819282,20.16318062546893,-6.170500180021989,1.2050282605567713,-19.335992023737884,5.12308089611844,,2.0,
201.0,cyclone_flood,2,Yaas,2021-05-26,Sentinel-1 SAR change detection (Module 08),NA,86.83102061570034,21.067604453520463,-5.8764240232008085,-3.259247921395154,-19.440084607581383,5.731726321230067,,1.0,
202.0,cyclone_flood,2,Yaas,2021-05-26,Sentinel-1 SAR change detection (Module 08),NA,86.63375057930769,20.761997593863,-8.886412211532232,-4.527546391875326,-26.289311113095252,4.671403670561823,,3.0,
203.0,cyclone_flood,2,Yaas,2021-05-26,Sentinel-1 SAR change detection (Module 08),NA,86.57338379221486,20.916687485788383,-15.314298184709237,-2.3834972365950264,-27.03291109248472,4.965594778148434,,4.0,
204.0,cyclone_flood,2,Yaas,2021-05-26,Sentinel-1 SAR change detection (Module 08),NA,86.9223792800953,20.71780048188432,-7.169190077843318,-7.661863025028634,-27.455673889934623,5.919029071764673,,2.0,
205.0,cyclone_flood,2,Yaas,2021-05-26,Sentinel-1 SAR change detection (Module 08),NA,86.80703559761434,20.83098820768338,-14.09934283535988,-4.9301065237741994,-26.9123193162851,5.736416838450749,,4.0,
206.0,cyclone_flood,2,Yaas,2021-05-26,Sentinel-1 SAR change detection (Module 08),NA,86.69384787181528,20.846079904456587,-10.082308868649282,-3.6454839192810677,-26.124239013725155,5.209038290418644,,2.0,
207.0,cyclone_flood,2,Yaas,2021-05-26,Sentinel-1 SAR change detection (Module 08),NA,86.5984467886418,20.923424850419277,-15.603297310447033,-1.1377142618260123,-25.46260594807496,4.965594778148434,,5.0,
208.0,cyclone_flood,2,Yaas,2021-05-26,Sentinel-1 SAR change detection (Module 08),NA,86.64345238437618,20.867100482104984,-10.719670371996372,2.5881356544229135,-17.440660378569664,4.965594778148434,,3.0,
209.0,cyclone_flood,2,Yaas,2021-05-26,Sentinel-1 SAR change detection (Module 08),NA,86.59575184278944,20.76846546390866,-12.02514582062344,-1.86550209056535,-24.975129770971073,4.671403670561823,-0.11640486866235733,4.0,-0.08981267362833023
210.0,cyclone_flood,2,Yaas,2021-05-26,Sentinel-1 SAR change detection (Module 08),NA,86.91294696961204,20.843654453189465,-4.443171858980545,-3.9620582136881293,-21.767705581490016,6.248862704890161,,6.0,
211.0,cyclone_flood,2,Yaas,2021-05-26,Sentinel-1 SAR change detection (Module 08),NA,87.32742964170478,21.598239291849865,-15.828597755517055,3.0435931710924162,-20.916458675150878,6.833850229265345,,2.0,
212.0,cyclone_flood,2,Yaas,2021-05-26,Sentinel-1 SAR change detection (Module 08),NA,85.86407404387408,20.55125282820856,-1.555276983778871,-0.9412152638098217,-13.234095432216522,3.3817482587054717,0.04351535812020302,3.0,-0.45986273884773254
213.0,cyclone_flood,2,Yaas,2021-05-26,Sentinel-1 SAR change detection (Module 08),NA,86.31925039833745,19.95674777317826,-5.210909200113523,2.189886557340495,-16.607907306138138,5.889979200320379,,0.0,
214.0,cyclone_flood,2,Yaas,2021-05-26,Sentinel-1 SAR change detection (Module 08),NA,87.01697187951308,21.464030988402406,-10.981918516790774,-1.722315189701293,-22.570466408462615,6.642010425911554,,2.0,
215.0,cyclone_flood,2,Yaas,2021-05-26,Sentinel-1 SAR change detection (Module 08),NA,86.69627332308241,20.83233568060956,-11.60177318346932,-3.904544071083617,-26.806667322426545,5.209038290418644,,2.0,
216.0,cyclone_flood,2,Yaas,2021-05-26,Sentinel-1 SAR change detection (Module 08),NA,86.75125021847052,21.081618171952726,-16.01913132438493,2.51046889481991,-23.074566357965725,5.731726321230067,-0.022627491503953934,1.0,-0.3564565181732178
217.0,cyclone_flood,2,Yaas,2021-05-26,Sentinel-1 SAR change detection (Module 08),NA,86.71163451444086,20.879227738440598,-12.424943302513164,-2.5129164454964226,-25.142716317143183,5.549129616886888,,3.0,
218.0,cyclone_flood,2,Yaas,2021-05-26,Sentinel-1 SAR change detection (Module 08),NA,86.70705310649184,20.81023712462022,-15.058390035971321,-2.122328333115915,-27.991999720653578,5.209038290418644,,2.0,
219.0,cyclone_flood,2,Yaas,2021-05-26,Sentinel-1 SAR change detection (Module 08),NA,86.418154911119,20.1817757518502,2.3409791615674163,-0.27692178942153944,-8.769359630000148,5.12308089611844,,,
220.0,cyclone_flood,2,Yaas,2021-05-26,Sentinel-1 SAR change detection (Module 08),NA,86.50223722171259,20.67737629409894,-7.534467624588601,-3.6772791290556768,-20.91077765080999,4.133395510667845,,3.0,
221.0,cyclone_flood,2,Yaas,2021-05-26,Sentinel-1 SAR change detection (Module 08),NA,86.6563881244675,20.92719777461258,-6.0449762565794884,1.877702991150084,-13.910043404373308,5.549129616886888,,2.0,
222.0,cyclone_flood,2,Yaas,2021-05-26,Sentinel-1 SAR change detection (Module 08),NA,86.72834317872548,21.03391763036598,-8.81526032055664,-2.3613129274955256,-19.666538007054083,5.45159323380476,0.10966736078262329,1.0,-0.23339110612869263
223.0,cyclone_flood,2,Yaas,2021-05-26,Sentinel-1 SAR change detection (Module 08),NA,86.64749480315471,20.919921420811214,-9.564605527428832,-3.370978558448588,-24.060968816304886,4.965594778148434,-0.007807272020727396,2.0,-0.20346319675445557
224.0,cyclone_flood,2,Yaas,2021-05-26,Sentinel-1 SAR change detection (Module 08),NA,86.50196772712735,20.208186221203317,-6.214731438343399,-3.306022704454735,-22.163490400331035,5.56690366045114,0.2131645530462265,1.0,0.08444783836603165
225.0,cyclone_flood,2,Yaas,2021-05-26,Sentinel-1 SAR change detection (Module 08),NA,86.59332639152231,20.87895824385536,-7.837202051864455,4.204256804797266,-15.596566969155505,4.965594778148434,7.24742712918669E-4,3.0,-0.34266823530197144
226.0,cyclone_flood,2,Yaas,2021-05-26,Sentinel-1 SAR change detection (Module 08),NA,86.73993144589062,20.78086221482951,-9.48808621992406,2.0846775066088448,-17.82685036173999,5.209038290418644,,0.0,
227.0,cyclone_flood,2,Yaas,2021-05-26,Sentinel-1 SAR change detection (Module 08),NA,85.49244101083384,19.720401021926417,-0.20326992928122323,-2.3269179645226803,-12.752177313654327,7.23835832481257,-0.2123991847038269,7.0,-0.3397901654243469
228.0,cyclone_flood,2,Yaas,2021-05-26,Sentinel-1 SAR change detection (Module 08),NA,86.74586032676581,20.559337665765636,-7.1667551746577836,-6.241107496437426,-24.169021368400642,4.982287506607992,,1.0,
229.0,cyclone_flood,2,Yaas,2021-05-26,Sentinel-1 SAR change detection (Module 08),NA,86.71136501985562,20.879227738440598,-15.55600682718703,-2.486847354415305,-27.169161066637297,5.549129616886888,,3.0,
230.0,cyclone_flood,2,Yaas,2021-05-26,Sentinel-1 SAR change detection (Module 08),NA,86.74666881052151,20.843115464018993,-10.242521073565758,-4.2801481264133905,-23.801561339815134,5.209038290418644,,2.0,
231.0,cyclone_flood,2,Yaas,2021-05-26,Sentinel-1 SAR change detection (Module 08),NA,86.5887449835733,20.89997882150376,-14.009567456563463,-0.933665162169266,-26.502454668667546,4.965594778148434,-0.11731843650341034,3.0,-0.24689966440200806
232.0,cyclone_flood,2,Yaas,2021-05-26,Sentinel-1 SAR change detection (Module 08),NA,86.42731772701703,20.107934235495577,-13.603158592333209,0.6476920235597561,-25.047373514508408,5.561128053048395,,3.0,
233.0,cyclone_flood,2,Yaas,2021-05-26,Sentinel-1 SAR change detection (Module 08),NA,86.68630202342868,21.02664127656461,-12.509710697291673,1.1590881316780202,-23.55078192582645,5.45159323380476,0.10371603071689606,,-0.23257975280284882
234.0,cyclone_flood,2,Yaas,2021-05-26,Sentinel-1 SAR change detection (Module 08),NA,86.78709299830689,20.837725572314277,-2.9854639464993724,0.873249304477369,-16.29476580975096,5.736416838450749,,10.0,
235.0,cyclone_flood,2,Yaas,2021-05-26,Sentinel-1 SAR change detection (Module 08),NA,86.71459895487845,21.03391763036598,-11.727906910858184,-0.2215029941903861,-21.364078815938328,5.45159323380476,0.05403987318277359,2.0,-0.1824602633714676
236.0,cyclone_flood,2,Yaas,2021-05-26,Sentinel-1 SAR change detection (Module 08),NA,86.82886465901845,20.60380427232955,-4.44079233713741,-8.297679142916252,-23.99090960024637,5.439551461288008,,4.0,
237.0,cyclone_flood,2,Yaas,2021-05-26,Sentinel-1 SAR change detection (Module 08),NA,86.6458778356433,20.565805535811297,-10.842126878679299,-0.40650035356083514,-22.747639065293686,4.569823516257079,,1.0,
238.0,cyclone_flood,2,Yaas,2021-05-26,Sentinel-1 SAR change detection (Module 08),NA,86.98059011050624,20.745827918748848,-4.988281922244763,-6.427513755174811,-23.272633863400998,,,2.0,
239.0,cyclone_flood,2,Yaas,2021-05-26,Sentinel-1 SAR change detection (Module 08),NA,86.41545996526665,20.165875571321287,-4.658349382789186,-5.192946127077146,-23.9184051405598,5.12308089611844,,3.0,
240.0,agronomic_flood,1,none,,Sentinel-1 cropland + JRC transient water (Module 06 v4),Baleshwar,87.09945210957278,21.52805595459826,1.0524188331799067,0.32324622932452485,-20.065064072255847,,0.0,33.0,0.0
241.0,agronomic_flood,1,none,,Sentinel-1 cropland + JRC transient water (Module 06 v4),Baleshwar,87.17140716383079,21.577373463696418,-1.1183968973368863,2.228330144603339,-18.70652023660963,8.356907199221475,0.0,3.0,0.0
242.0,agronomic_flood,1,none,,Sentinel-1 cropland + JRC transient water (Module 06 v4),Baleshwar,87.32205463697761,21.592734655054862,-0.312705409916159,2.9869977700568633,-11.938850790906738,8.43252931926539,0.0,0.0,0.0
243.0,agronomic_flood,1,none,,Sentinel-1 cropland + JRC transient water (Module 06 v4),Baleshwar,87.0393548170652,21.577642958281658,-3.046688383542108,1.3266395825880988,-17.18503347432968,6.7070305538063035,0.0,2.0,0.0
244.0,agronomic_flood,1,none,,Sentinel-1 cropland + JRC transient water (Module 06 v4),Baleshwar,87.08058748860628,21.580337904134012,-0.36762257922694985,6.96832495709366,-18.339947596153564,7.801555928563996,0.0,21.0,0.0
245.0,agronomic_flood,1,none,,Sentinel-1 cropland + JRC transient water (Module 06 v4),Baleshwar,87.40263351796312,21.598394041344818,4.589724654301467,-5.20438861914937,-15.062966861061062,8.64239487289698,0.0,1.0,0.0
246.0,agronomic_flood,1,none,,Sentinel-1 cropland + JRC transient water (Module 06 v4),Bhadrak,86.77066871558503,21.034880863616642,0.3760140647530328,-0.004830602780991455,-9.551036731270926,6.281011512437858,0.0,1.0,0.0
247.0,agronomic_flood,1,none,,Sentinel-1 cropland + JRC transient water (Module 06 v4),Bhadrak,86.62325517746103,20.838958300150175,0.08749016231909579,1.8285390986975774,-9.568118998929974,4.790334605365076,0.0,4.0,0.0
248.0,agronomic_flood,1,none,,Sentinel-1 cropland + JRC transient water (Module 06 v4),Bhadrak,86.75422954588566,20.95753591765395,2.2069573263870765,-0.7384886090127392,-16.58072857125861,6.281011512437858,0.0,7.0,0.0
249.0,agronomic_flood,1,none,,Sentinel-1 cropland + JRC transient water (Module 06 v4),Bhadrak,86.82429813804697,21.126509022596828,0.6137520659443183,-2.6031186787005947,-11.584632675067974,5.857067350755381,0.0,9.0,0.0
250.0,agronomic_flood,1,none,,Sentinel-1 cropland + JRC transient water (Module 06 v4),Bhadrak,86.62514163955768,20.90336750602154,-3.4470267979190545,2.547267748944032,-17.48100948867651,4.937246054718042,0.0,4.0,0.0
251.0,agronomic_flood,1,none,,Sentinel-1 cropland + JRC transient water (Module 06 v4),Bhadrak,86.78441293943206,20.80284602572857,2.772594261617158,-1.138324542519081,-9.095376073648143,5.923340745342042,0.0,1.0,0.0
252.0,agronomic_flood,1,none,,Sentinel-1 cropland + JRC transient water (Module 06 v4),Kendrapara,86.48662142274645,20.45546750535955,3.8886397144546088,-2.5877887705326064,-9.95163120027993,4.860402151717895,0.0,1.0,0.0
253.0,agronomic_flood,1,none,,Sentinel-1 cropland + JRC transient water (Module 06 v4),Kendrapara,86.33759091711102,20.592640249244603,4.484243137583448,0.10095859197165424,-9.965872678314728,4.295262713632064,0.0,2.0,0.0
254.0,agronomic_flood,1,none,,Sentinel-1 cropland + JRC transient water (Module 06 v4),Kendrapara,86.42194272228983,20.535507397174598,-3.2218004631303288,4.248005886729322,-10.374619463380071,4.547874638718211,0.0,1.0,0.0
255.0,agronomic_flood,1,none,,Sentinel-1 cropland + JRC transient water (Module 06 v4),Kendrapara,86.69709669381564,20.526344581276582,-5.548839164100535,3.3063461843915825,-19.886415121654156,6.096509559015266,0.0,1.0,0.0
256.0,agronomic_flood,1,none,,Sentinel-1 cropland + JRC transient water (Module 06 v4),Kendrapara,86.41709181975563,20.551677072288747,2.2728930501813895,1.508344796395459,-11.4120742217561,4.446430551438091,0.0,3.0,0.0
257.0,agronomic_flood,1,none,,Sentinel-1 cropland + JRC transient water (Module 06 v4),Kendrapara,86.6652963327578,20.579974003738513,-5.015771135513209,2.232449911431324,-15.207861512824014,5.424255767410868,0.0,1.0,0.0
258.0,agronomic_flood,1,none,,Sentinel-1 cropland + JRC transient water (Module 06 v4),Jagatsinghpur,86.39984416630051,20.07035974305751,-4.749594712823832,2.8607797624140225,-16.5468856752754,6.96235051837397,0.0,5.0,0.0
259.0,agronomic_flood,1,none,,Sentinel-1 cropland + JRC transient water (Module 06 v4),Jagatsinghpur,86.42032575477845,20.098926169092508,-6.997002278635232,2.792927745148017,-18.351333477888478,6.96235051837397,0.0,2.0,0.0
260.0,agronomic_flood,1,none,,Sentinel-1 cropland + JRC transient water (Module 06 v4),Jagatsinghpur,86.2416508447671,20.09515324489921,-1.3048871145340755,0.43222445407207744,-10.384773935963189,6.071672615467955,0.0,1.0,0.0
261.0,agronomic_flood,1,none,,Sentinel-1 cropland + JRC transient water (Module 06 v4),Jagatsinghpur,86.38771690996492,20.16522183706053,-3.2407242973831387,4.440435834433682,-17.646351436376623,6.037812531466068,0.0,1.0,0.0
262.0,agronomic_flood,1,none,,Sentinel-1 cropland + JRC transient water (Module 06 v4),Jagatsinghpur,86.39068135040247,20.0048725588452,-1.3040775004190799,1.6846971779012279,-19.7054355704608,,0.0,3.0,0.0
263.0,agronomic_flood,1,none,,Sentinel-1 cropland + JRC transient water (Module 06 v4),Jagatsinghpur,86.52003875131572,20.230978515858084,-0.8705732985313155,1.335325753933029,-10.951524079399224,6.7766936438880565,0.0,3.0,0.0
264.0,agronomic_flood,1,none,,Sentinel-1 cropland + JRC transient water (Module 06 v4),Puri,85.7061651039034,20.039367865755388,2.021193215986056,1.391195990127212,-11.660072519989267,5.644824679112685,0.0,2.0,0.0
265.0,agronomic_flood,1,none,,Sentinel-1 cropland + JRC transient water (Module 06 v4),Puri,85.61049452614469,19.9410023421443,0.829957562737274,5.233254399953596,-5.908853733315198,6.757413886183009,0.0,13.0,0.0
266.0,agronomic_flood,1,none,,Sentinel-1 cropland + JRC transient water (Module 06 v4),Puri,85.7646454288996,19.83536046473185,1.2401374835219485,1.4830784636964705,-7.952801701590375,,0.0,4.0,0.0
267.0,agronomic_flood,1,none,,Sentinel-1 cropland + JRC transient water (Module 06 v4),Puri,85.68406654791409,19.87066425539774,3.104435853585205,-3.237999814327024,-9.563011575013391,6.5940174909512415,0.0,12.0,0.0
268.0,agronomic_flood,1,none,,Sentinel-1 cropland + JRC transient water (Module 06 v4),Puri,85.58597051888825,19.961753425207462,-5.567699774981687,0.11368331391149411,-18.326589704639325,5.764791983695502,0.0,3.0,0.0
269.0,agronomic_flood,1,none,,Sentinel-1 cropland + JRC transient water (Module 06 v4),Puri,86.14867521286072,19.939115880047652,-3.917249313219788,-0.7347316671680382,-19.60735207834204,8.665640772215095,0.0,4.0,0.0
270.0,agronomic_flood,1,none,,Sentinel-1 cropland + JRC transient water (Module 06 v4),Cuttack,86.17858911182185,20.648964617558896,-2.5502540253420243,2.683217091186771,-19.337601585131377,4.244920575182373,0.0,1.0,0.0
271.0,agronomic_flood,1,none,,Sentinel-1 cropland + JRC transient water (Module 06 v4),Cuttack,86.02848062784551,20.22397165664195,0.8358147982010458,-0.4448480979060889,-11.893926893686494,4.981587367214498,0.0,10.0,0.0
272.0,agronomic_flood,1,none,,Sentinel-1 cropland + JRC transient water (Module 06 v4),Cuttack,86.12630716228614,20.09380577197303,1.8262718274935779,-1.4688777486186044,-10.841311372472651,5.770862177186585,0.0,1.0,0.0
273.0,agronomic_flood,1,none,,Sentinel-1 cropland + JRC transient water (Module 06 v4),Cuttack,86.06189795641473,20.133151981417463,-10.03766922869986,3.3157096033262903,-19.64034822202472,5.770862177186585,0.0,10.0,0.0
274.0,agronomic_flood,1,none,,Sentinel-1 cropland + JRC transient water (Module 06 v4),Cuttack,85.80587810044068,20.47999151261601,2.206083377685413,0.05254366210077066,-13.520422363949285,4.188366668688131,0.0,2.0,0.0
275.0,agronomic_flood,1,none,,Sentinel-1 cropland + JRC transient water (Module 06 v4),Cuttack,86.08426600698931,20.392136277829124,-1.9581822122279853,0.20594130729815951,-19.02668987580021,4.363236133186572,0.0,3.0,0.0
276.0,agronomic_flood,1,none,,Sentinel-1 cropland + JRC transient water (Module 06 v4),Dhenkanal,85.69888875010207,20.675914076082478,2.6092108105512644,-0.6133797877706257,-22.838237794164854,3.426602357716757,0.0,19.0,0.0
277.0,agronomic_flood,1,none,,Sentinel-1 cropland + JRC transient water (Module 06 v4),Dhenkanal,85.7646454288996,20.902559022265834,1.8258499013484588,-0.29508007986714624,-10.960992548572788,3.254544436064198,0.0,2.0,0.0
278.0,agronomic_flood,1,none,,Sentinel-1 cropland + JRC transient water (Module 06 v4),Dhenkanal,85.60753008570708,20.81093086328564,4.377246728343827,-2.155345589477781,-8.764611913008768,2.9683441845874254,0.0,2.0,0.0
279.0,agronomic_flood,1,none,,Sentinel-1 cropland + JRC transient water (Module 06 v4),Dhenkanal,85.28413658342407,20.971549636086216,-1.9159092798231931,2.118038967666439,-8.767804418609872,3.1214399107951736,0.0,21.0,0.0
280.0,agronomic_flood,1,none,,Sentinel-1 cropland + JRC transient water (Module 06 v4),Dhenkanal,85.29222142098115,21.086623823981924,-1.761432768261777,3.301693456603882,-12.499667141938342,3.1841243015853613,0.0,37.0,0.0
281.0,agronomic_flood,1,none,,Sentinel-1 cropland + JRC transient water (Module 06 v4),Dhenkanal,85.61157250448565,21.119232668795462,2.464063190987133,1.414207564509855,-11.248675387744754,3.612075356820697,0.0,49.0,0.0
282.0,agronomic_flood,1,none,,Sentinel-1 cropland + JRC transient water (Module 06 v4),Angul,85.1251347781349,21.434002344350944,-0.12224167620932036,1.612311411357199,-12.453138055697519,3.3184388535267395,0.0,17.0,0.0
283.0,agronomic_flood,1,none,,Sentinel-1 cropland + JRC transient water (Module 06 v4),Angul,84.99820282848884,21.40651389665689,-1.4743040715291258,3.4749727092768463,-13.290779443355468,3.3801565225478134,0.0,20.0,0.0
284.0,agronomic_flood,1,none,,Sentinel-1 cropland + JRC transient water (Module 06 v4),Angul,85.03754903793327,21.333211369472735,-0.8455507047357393,2.3340889210471083,-17.268667985677588,3.775647183597344,0.0,42.0,0.0
285.0,agronomic_flood,1,none,,Sentinel-1 cropland + JRC transient water (Module 06 v4),Angul,85.11758892974831,21.119232668795462,4.146044339561609,-3.214788506883515,-17.36841498843006,3.5192244920111917,0.0,22.0,0.0
286.0,agronomic_flood,1,none,,Sentinel-1 cropland + JRC transient water (Module 06 v4),Angul,85.15477918251088,21.25963934770334,1.323322805881638,-1.275866825787725,-13.683197576857635,3.4913287606398047,0.0,10.0,0.0
287.0,agronomic_flood,1,none,,Sentinel-1 cropland + JRC transient water (Module 06 v4),Angul,85.0410524675413,21.331055412790846,0.785544207693885,-1.2495015860612888,-19.535213163739208,3.775647183597344,0.0,27.0,0.0
288.0,agronomic_flood,1,none,,Sentinel-1 cropland + JRC transient water (Module 06 v4),Baleshwar,87.09244525035666,21.56120378858227,-2.335558515738274,0.19207370305168148,-17.079832860672546,7.801555928563996,0.0,4.0,0.0
289.0,agronomic_flood,1,none,,Sentinel-1 cropland + JRC transient water (Module 06 v4),Baleshwar,86.68038802953106,21.22649151371933,-3.3081156431345953,3.1927352425957594,-13.03515898262206,4.855933799953366,0.0,1.0,0.0
290.0,agronomic_flood,1,none,,Sentinel-1 cropland + JRC transient water (Module 06 v4),Baleshwar,87.34469218213741,21.583032849986374,3.4028294949459337,-2.8507981073936683,-17.99629070774919,8.43252931926539,0.0,32.0,0.0
291.0,agronomic_flood,1,none,,Sentinel-1 cropland + JRC transient water (Module 06 v4),Baleshwar,87.39293171289466,21.61321624353279,-0.11557694014360465,-0.514938579556512,-11.205721243690196,8.64239487289698,0.0,1.0,0.0
292.0,agronomic_flood,1,none,,Sentinel-1 cropland + JRC transient water (Module 06 v4),Baleshwar,87.03908532247999,21.556083391462785,-2.0480754695746803,5.116532916808653,-7.773061714496336,6.7070305538063035,0.0,4.0,0.0
293.0,agronomic_flood,1,none,,Sentinel-1 cropland + JRC transient water (Module 06 v4),Baleshwar,87.10645896878896,21.588692236276323,2.0858651522387213,-0.5450542808994037,-11.990091169718369,7.801555928563996,0.0,5.0,0.0
294.0,agronomic_flood,1,none,,Sentinel-1 cropland + JRC transient water (Module 06 v4),Bhadrak,86.65963694646786,20.807157939092342,-0.5221747374540477,-1.0349997982134127,-13.724932638055856,5.306678357348205,0.0,1.0,0.0
295.0,agronomic_flood,1,none,,Sentinel-1 cropland + JRC transient water (Module 06 v4),Bhadrak,86.74371925706146,20.955110466386827,1.376416783069299,1.455713880855125,-12.345280234101638,5.5424265292669315,0.0,2.0,0.0
296.0,agronomic_flood,1,none,,Sentinel-1 cropland + JRC transient water (Module 06 v4),Bhadrak,86.63538243379668,20.81120035787088,0.3661100026711104,3.238091114869208,-8.993090218358915,4.790334605365076,0.0,3.0,0.0
297.0,agronomic_flood,1,none,,Sentinel-1 cropland + JRC transient water (Module 06 v4),Bhadrak,86.78576041235829,20.857553426531446,1.6657386278535427,1.526486737216647,-12.789865740475918,6.366743473251007,0.0,2.0,0.0
298.0,agronomic_flood,1,none,,Sentinel-1 cropland + JRC transient water (Module 06 v4),Bhadrak,86.63268748794428,21.038923282395174,-0.40742955061394426,2.062803073242856,-12.38993404214822,4.805919656172233,0.0,1.0,0.0
299.0,agronomic_flood,1,none,,Sentinel-1 cropland + JRC transient water (Module 06 v4),Bhadrak,86.35537755973661,21.177174004621172,-2.638390460711168,0.47429929328993303,-18.565805520713255,3.554169859832386,0.0,1.0,0.0
300.0,agronomic_flood,1,none,,Sentinel-1 cropland + JRC transient water (Module 06 v4),Kendrapara,86.95365553896022,20.734663895663893,1.200426745856003,-0.5246944392381288,-11.314986366355653,,0.0,1.0,0.0
301.0,agronomic_flood,1,none,,Sentinel-1 cropland + JRC transient water (Module 06 v4),Kendrapara,86.40388658507908,20.491849274366388,0.09555601758519572,-1.6794054685943536,-12.536901475206697,4.547874638718211,0.0,1.0,0.0
302.0,agronomic_flood,1,none,,Sentinel-1 cropland + JRC transient water (Module 06 v4),Kendrapara,86.42868008692074,20.550868588533042,0.7905823666634184,1.5867620928890425,-8.446697349632151,4.446430551438091,0.0,1.0,0.0
303.0,agronomic_flood,1,none,,Sentinel-1 cropland + JRC transient water (Module 06 v4),Kendrapara,86.50467755995726,20.67860902193484,-2.338438014083451,3.515117992831634,-13.674157502083055,4.455796780052109,0.0,5.0,0.0
304.0,agronomic_flood,1,none,,Sentinel-1 cropland + JRC transient water (Module 06 v4),Kendrapara,86.53054904013993,20.68292093529861,0.8916006887519465,-0.7566533216294999,-11.610743006817215,4.455796780052109,0.0,1.0,0.0
305.0,agronomic_flood,1,none,,Sentinel-1 cropland + JRC transient water (Module 06 v4),Kendrapara,86.58525644094277,20.524727613765165,-0.42196104700100534,2.6377252774276485,-11.958767859939579,5.242517410876736,0.0,1.0,0.0
306.0,agronomic_flood,1,none,,Sentinel-1 cropland + JRC transient water (Module 06 v4),Jagatsinghpur,86.38771690996492,20.085720934415953,-4.792168789151553,3.5686247003589475,-13.713889596715859,6.96235051837397,0.0,2.0,0.0
307.0,agronomic_flood,1,none,,Sentinel-1 cropland + JRC transient water (Module 06 v4),Jagatsinghpur,86.35941997851512,20.089493858609252,-1.6423970047448613,3.0021364428709383,-12.114049992650584,6.96235051837397,0.0,2.0,0.0
308.0,agronomic_flood,1,none,,Sentinel-1 cropland + JRC transient water (Module 06 v4),Jagatsinghpur,86.4515871266658,20.22774458083525,1.149303877659392,-0.8460112733445637,-12.968103684737818,6.7766936438880565,0.0,2.0,0.0
309.0,agronomic_flood,1,none,,Sentinel-1 cropland + JRC transient water (Module 06 v4),Jagatsinghpur,86.39634073669242,20.06658681886421,-2.713467313110492,1.5835102077476577,-12.202925414319195,6.96235051837397,0.0,7.0,0.0
310.0,agronomic_flood,1,none,,Sentinel-1 cropland + JRC transient water (Module 06 v4),Jagatsinghpur,86.44484976203489,20.155250537406808,-2.072520121390493,-0.006660504824802516,-14.493694471656235,6.037812531466068,0.0,1.0,0.0
311.0,agronomic_flood,1,none,,Sentinel-1 cropland + JRC transient water (Module 06 v4),Jagatsinghpur,86.38690842620917,19.99867418338478,2.0323289892479526,0.3811651934726914,-10.591464114932998,,0.0,8.0,0.0
312.0,agronomic_flood,1,none,,Sentinel-1 cropland + JRC transient water (Module 06 v4),Puri,85.67759867786845,19.877671114613875,6.421220354598631,-4.2096839810431135,-11.045310371036186,6.5940174909512415,0.0,15.0,0.0
313.0,agronomic_flood,1,none,,Sentinel-1 cropland + JRC transient water (Module 06 v4),Puri,86.11256293843911,20.007567504697555,1.0183102162126012,-2.1072913879309088,-11.575170876322137,7.031892850747942,0.0,1.0,0.0
314.0,agronomic_flood,1,none,,Sentinel-1 cropland + JRC transient water (Module 06 v4),Puri,85.3083910960953,19.658572016817118,0.6058977569182673,-1.4511780121558715,-15.295518773200513,,0.0,20.0,0.0
315.0,agronomic_flood,1,none,,Sentinel-1 cropland + JRC transient water (Module 06 v4),Puri,85.56387196289887,19.88467797383001,2.483997346517061,0.1510572973084905,-8.166455793933881,6.757413886183009,0.0,7.0,0.0
316.0,agronomic_flood,1,none,,Sentinel-1 cropland + JRC transient water (Module 06 v4),Puri,86.0982797254216,19.953668587650384,1.6662056889516705,0.4797294690906959,-12.448562145560762,7.031892850747942,0.0,2.0,0.0
317.0,agronomic_flood,1,none,,Sentinel-1 cropland + JRC transient water (Module 06 v4),Puri,85.56737539250696,19.941810825900006,-3.0057626539175715,0.9884439286550606,-18.321033913109698,6.757413886183009,0.0,4.0,0.0
318.0,agronomic_flood,1,none,,Sentinel-1 cropland + JRC transient water (Module 06 v4),Cuttack,86.02039579028843,20.1972916927036,-1.6594890151283934,-0.01063613885525605,-17.665272380327966,4.981587367214498,0.0,2.0,0.0
319.0,agronomic_flood,1,none,,Sentinel-1 cropland + JRC transient water (Module 06 v4),Cuttack,85.70454813639202,20.48026100720125,-1.2173856068364408,5.204464015397624,-7.834652466886157,3.9598378136156844,0.0,3.0,0.0
320.0,agronomic_flood,1,none,,Sentinel-1 cropland + JRC transient water (Module 06 v4),Cuttack,85.58624001347346,20.456545483700495,0.11534200246229176,4.133279574309464,-14.562153589277537,3.638379624890114,0.0,42.0,0.0
321.0,agronomic_flood,1,none,,Sentinel-1 cropland + JRC transient water (Module 06 v4),Cuttack,85.81072900297494,20.52311064625375,-0.7569982068417787,2.465098442775801,-16.43694052547528,4.188366668688131,0.0,4.0,0.0
322.0,agronomic_flood,1,none,,Sentinel-1 cropland + JRC transient water (Module 06 v4),Cuttack,85.75736907509821,20.429057036006434,2.030919644745129,-1.3739513961929966,-10.535091623318442,4.6329917111727905,0.0,5.0,0.0
323.0,agronomic_flood,1,none,,Sentinel-1 cropland + JRC transient water (Module 06 v4),Cuttack,85.86166347958454,20.53793284844172,1.3821044962262103,-3.324966272896696,-8.458174889424296,4.256276701584213,0.0,5.0,0.0
324.0,agronomic_flood,1,none,,Sentinel-1 cropland + JRC transient water (Module 06 v4),Dhenkanal,85.56414145748414,20.650851079655546,-1.2919254577597243,-1.5360347128108849,-14.26740413761419,3.121679990511294,0.0,1.0,0.0
325.0,agronomic_flood,1,none,,Sentinel-1 cropland + JRC transient water (Module 06 v4),Dhenkanal,85.5474327931995,20.692083751196634,0.7785035835294387,-1.4341177123826245,-16.815707353995286,2.9132913293526776,0.0,23.0,0.0
326.0,agronomic_flood,1,none,,Sentinel-1 cropland + JRC transient water (Module 06 v4),Dhenkanal,85.29222142098115,21.068567686771125,1.3587003439296126,0.3554326272749986,-13.664969913382823,3.1841243015853613,0.0,36.0,0.0
327.0,agronomic_flood,1,none,,Sentinel-1 cropland + JRC transient water (Module 06 v4),Dhenkanal,85.25206672778103,20.91010487065244,-1.2474667079062751,3.895938571350186,-8.3308580208886,2.924128102427125,0.0,3.0,0.0
328.0,agronomic_flood,1,none,,Sentinel-1 cropland + JRC transient water (Module 06 v4),Dhenkanal,85.86058550124358,20.88989277675975,6.004473552330975,-6.756555604704079,-10.512974894566637,3.4897841472098734,0.0,1.0,0.0
329.0,agronomic_flood,1,none,,Sentinel-1 cropland + JRC transient water (Module 06 v4),Dhenkanal,85.86031600665831,20.76107436501701,-5.972544191674743,1.2560918830671213,-21.020618565347956,3.6928020881866943,0.0,17.0,0.0
330.0,agronomic_flood,1,none,,Sentinel-1 cropland + JRC transient water (Module 06 v4),Angul,85.09872430878181,21.27419205530608,-0.10484879361474597,2.5676180975298664,-12.182654332440539,3.493506088301082,0.0,28.0,0.0
331.0,agronomic_flood,1,none,,Sentinel-1 cropland + JRC transient water (Module 06 v4),Angul,85.07096636650249,21.435888806447593,2.360115007566211,2.38317199563906,-12.565041440157232,3.3184388535267395,0.0,33.0,0.0
332.0,agronomic_flood,1,none,,Sentinel-1 cropland + JRC transient water (Module 06 v4),Angul,85.00871311731305,21.399507037440756,1.8437313653651728,-0.18657088008678713,-13.289895574642019,3.3801565225478134,0.0,40.0,0.0
333.0,agronomic_flood,1,none,,Sentinel-1 cropland + JRC transient water (Module 06 v4),Angul,85.0324286408138,21.401393499537406,2.354586342003916,-0.8241160797711018,-14.725800829369796,3.3801565225478134,0.0,34.0,0.0
334.0,agronomic_flood,1,none,,Sentinel-1 cropland + JRC transient water (Module 06 v4),Angul,84.67534831537625,20.896899635975885,1.4575300217198652,1.0181746776488776,-12.560916814955732,4.5149445275369935,0.0,39.0,0.0
335.0,agronomic_flood,1,none,,Sentinel-1 cropland + JRC transient water (Module 06 v4),Angul,85.08093766615622,21.42133609884486,0.5580939423457068,1.3609877182797945,-12.50695042372104,3.3184388535267395,0.0,38.0,0.0
336.0,agronomic_flood,1,none,,Sentinel-1 cropland + JRC transient water (Module 06 v4),Baleshwar,87.05983640554314,21.616719673140857,-4.5186976947329125,3.0179642869869596,-15.027645743433798,7.801555928563996,0.0,1.0,0.0
337.0,agronomic_flood,1,none,,Sentinel-1 cropland + JRC transient water (Module 06 v4),Baleshwar,87.028844528241,21.496794582710898,-5.503620972960288,2.672628946139451,-18.296579994807985,7.332571073463591,0.0,2.0,0.0
338.0,agronomic_flood,1,none,,Sentinel-1 cropland + JRC transient water (Module 06 v4),Baleshwar,87.28998478133457,21.621840070260333,-1.5142360498541407,2.106063048440898,-11.481611404370895,8.43252931926539,0.0,3.0,0.0
339.0,agronomic_flood,1,none,,Sentinel-1 cropland + JRC transient water (Module 06 v4),Baleshwar,87.18245644182542,21.54880703766142,-1.4474154549286702,3.848583767370764,-12.746279002208858,,0.0,1.0,0.0
340.0,agronomic_flood,1,none,,Sentinel-1 cropland + JRC transient water (Module 06 v4),Baleshwar,87.36786871646768,21.6110602868509,-1.3324406316051345,2.594417174658279,-12.177293267555804,8.64239487289698,0.0,7.0,0.0
341.0,agronomic_flood,1,none,,Sentinel-1 cropland + JRC transient water (Module 06 v4),Baleshwar,86.92293315624329,21.45825685702217,1.399320290462942,-1.9090063498545806,-15.971062984108492,5.856461290423548,0.0,8.0,0.0
342.0,agronomic_flood,1,none,,Sentinel-1 cropland + JRC transient water (Module 06 v4),Bhadrak,86.77713658563073,20.800959563631913,1.2620525748208102,0.39223396328939586,-14.342622273744464,5.923340745342042,0.0,0.0,0.0
343.0,agronomic_flood,1,none,,Sentinel-1 cropland + JRC transient water (Module 06 v4),Bhadrak,86.88709037640695,20.815512271234653,0.6098833543399209,0.5843004644866916,-13.05978315904908,6.830989847875286,0.0,3.0,0.0
344.0,agronomic_flood,1,none,,Sentinel-1 cropland + JRC transient water (Module 06 v4),Bhadrak,86.7520735892038,21.08365938354433,-3.470414858823231,4.675636225160973,-14.88425454892765,5.857067350755381,0.0,1.0,0.0
345.0,agronomic_flood,1,none,,Sentinel-1 cropland + JRC transient water (Module 06 v4),Bhadrak,86.69844416674187,20.84812111604819,2.846465706586528,0.40362520213957076,-8.918554808909997,5.306678357348205,0.0,1.0,0.0
346.0,agronomic_flood,1,none,,Sentinel-1 cropland + JRC transient water (Module 06 v4),Bhadrak,86.7596194375904,20.962656314773433,-0.1104472679388131,3.2405629946415964,-17.479506075691976,6.281011512437858,0.0,7.0,0.0
347.0,agronomic_flood,1,none,,Sentinel-1 cropland + JRC transient water (Module 06 v4),Bhadrak,86.92104669414664,20.811469852456113,-1.891421966578939,-9.212615683349412E-4,-10.915713094453752,6.830989847875286,0.0,1.0,0.0
348.0,agronomic_flood,1,none,,Sentinel-1 cropland + JRC transient water (Module 06 v4),Kendrapara,86.46209741549,20.515564797867142,-4.333079273556411,5.866423021055015,-16.93163866535692,4.860402151717895,0.0,3.0,0.0
349.0,agronomic_flood,1,none,,Sentinel-1 cropland + JRC transient water (Module 06 v4),Kendrapara,86.5318965130661,20.662978335991156,2.724956435729073,-2.523308341861732,-11.855549230370794,4.455796780052109,0.0,3.0,0.0
350.0,agronomic_flood,1,none,,Sentinel-1 cropland + JRC transient water (Module 06 v4),Kendrapara,86.47530265016655,20.62659656698432,1.0250013191060638,-0.5408277835050441,-12.50043071437605,4.558685540126678,0.0,4.0,0.0
351.0,agronomic_flood,1,none,,Sentinel-1 cropland + JRC transient water (Module 06 v4),Kendrapara,86.69574922088947,20.718494220549744,2.5360152086520706,-1.9097149473017225,-10.288526093529438,5.16142661996114,0.0,2.0,0.0
352.0,agronomic_flood,1,none,,Sentinel-1 cropland + JRC transient water (Module 06 v4),Kendrapara,86.69467124254857,20.561648371942475,-6.599138460048259,7.759583547634557,-10.018042996145171,5.424255767410868,0.0,1.0,0.0
353.0,agronomic_flood,1,none,,Sentinel-1 cropland + JRC transient water (Module 06 v4),Kendrapara,86.47368568265512,20.624171115717196,1.534177815765652,-1.5493837188206179,-11.55821837293897,4.558685540126678,0.0,2.0,0.0
354.0,agronomic_flood,1,none,,Sentinel-1 cropland + JRC transient water (Module 06 v4),Jagatsinghpur,86.4071205201019,20.090032847779725,2.3638552358576526,0.09689751181884709,-18.135127183582483,6.96235051837397,0.0,11.0,0.0
355.0,agronomic_flood,1,none,,Sentinel-1 cropland + JRC transient water (Module 06 v4),Jagatsinghpur,86.36858279441316,20.177079598810906,1.548593370936647,-1.2456081407733866,-9.976762255196096,6.037812531466068,0.0,1.0,0.0
356.0,agronomic_flood,1,none,,Sentinel-1 cropland + JRC transient water (Module 06 v4),Jagatsinghpur,86.29474127805855,20.166838804571945,3.0626685473806354,-1.4744341787249002,-14.107568996161795,5.548867114336105,0.0,1.0,0.0
357.0,agronomic_flood,1,none,,Sentinel-1 cropland + JRC transient water (Module 06 v4),Jagatsinghpur,86.38097954533401,20.17007273959478,0.2188924991569472,0.6544454040762258,-11.491498974740523,6.037812531466068,0.0,3.0,0.0
358.0,agronomic_flood,1,none,,Sentinel-1 cropland + JRC transient water (Module 06 v4),Jagatsinghpur,86.47557214475177,20.200256133141195,-14.322337180723117,7.4895687589669855,-21.145028308355926,6.7766936438880565,0.0,2.0,0.0
359.0,agronomic_flood,1,none,,Sentinel-1 cropland + JRC transient water (Module 06 v4),Jagatsinghpur,86.41143243346568,20.162796385793406,2.0368838452305127,2.0346568816617427,-12.109914905364576,6.037812531466068,0.0,3.0,0.0
360.0,agronomic_flood,1,none,,Sentinel-1 cropland + JRC transient water (Module 06 v4),Puri,85.38816149332513,19.643480320043906,9.068031913518894,-3.613029219127281,-10.774988148224505,,0.0,4.0,0.0
361.0,agronomic_flood,1,none,,Sentinel-1 cropland + JRC transient water (Module 06 v4),Puri,85.64930174641864,19.863118407011143,0.40752907899642565,3.2578388137587826,-6.850507187925327,6.757413886183009,0.0,0.0,0.0
362.0,agronomic_flood,1,none,,Sentinel-1 cropland + JRC transient water (Module 06 v4),Puri,85.57680770299021,19.912435916109303,-7.911127890349084,-3.459581118643783,-15.879781607020105,6.757413886183009,0.0,6.0,0.0
363.0,agronomic_flood,1,none,,Sentinel-1 cropland + JRC transient water (Module 06 v4),Puri,85.67786817245366,19.920790248251606,0.4283210487681117,2.144138328939018,-7.094261829320776,6.5940174909512415,0.0,15.0,0.0
364.0,agronomic_flood,1,none,,Sentinel-1 cropland + JRC transient water (Module 06 v4),Puri,86.11930030306996,19.958519490184628,1.8753321972278663,-2.0003145899885837,-16.23551122105856,7.031892850747942,0.0,2.0,0.0
365.0,agronomic_flood,1,none,,Sentinel-1 cropland + JRC transient water (Module 06 v4),Puri,85.70481763097723,19.849104688578876,5.926519014498313,0.09580528144132394,-6.937239209230585,7.588920390614253,0.0,15.0,0.0
366.0,agronomic_flood,1,none,,Sentinel-1 cropland + JRC transient water (Module 06 v4),Cuttack,86.1502921803721,20.533081945907476,2.3697855741504164,-0.8450218785990824,-10.870485679229622,4.23917539287893,0.0,2.0,0.0
367.0,agronomic_flood,1,none,,Sentinel-1 cropland + JRC transient water (Module 06 v4),Cuttack,86.14813622369024,20.53335144049271,0.39287293859017325,-3.0184411565416642,-16.613054504883294,4.28350110597753,0.0,2.0,0.0
368.0,agronomic_flood,1,none,,Sentinel-1 cropland + JRC transient water (Module 06 v4),Cuttack,86.12064777599619,20.191362811828412,-0.43758204755409835,2.2635975024599126,-18.074752442526794,5.1608743874705745,0.0,7.0,0.0
369.0,agronomic_flood,1,none,,Sentinel-1 cropland + JRC transient water (Module 06 v4),Cuttack,84.9491548139759,20.551138083118275,2.343273191719792,1.5155196212725732,-8.731227185193557,2.87806901679101,0.0,2.0,0.0
370.0,agronomic_flood,1,none,,Sentinel-1 cropland + JRC transient water (Module 06 v4),Cuttack,86.13088857023513,20.14959115111685,1.3895783750588784,0.7771451457908292,-9.679822212042431,5.770862177186585,0.0,1.0,0.0
371.0,agronomic_flood,1,none,,Sentinel-1 cropland + JRC transient water (Module 06 v4),Cuttack,86.02228225238508,20.247417685557465,-0.0830705592118477,-0.22842832813852532,-14.906366332169965,4.981587367214498,0.0,6.0,0.0
372.0,agronomic_flood,1,none,,Sentinel-1 cropland + JRC transient water (Module 06 v4),Dhenkanal,85.36336799148341,20.642766242098467,3.6116114449372922,0.5418920058769494,-7.600347811796572,2.9753055741766925,0.0,50.0,0.0
373.0,agronomic_flood,1,none,,Sentinel-1 cropland + JRC transient water (Module 06 v4),Dhenkanal,85.52048333467593,20.72981299312965,9.96285510659574,-6.641733948643857,-7.094595621968943,2.9132913293526776,0.0,3.0,0.0
374.0,agronomic_flood,1,none,,Sentinel-1 cropland + JRC transient water (Module 06 v4),Dhenkanal,85.81881384053202,20.72846552020347,1.5183729496670146,-0.19884630299017125,-12.386797185857525,3.696888268196079,0.0,5.0,0.0
375.0,agronomic_flood,1,none,,Sentinel-1 cropland + JRC transient water (Module 06 v4),Dhenkanal,85.28413658342407,21.074496567646314,2.0299729507717537,-1.5715908054551662,-14.18777152234773,3.1841243015853613,0.0,37.0,0.0
376.0,agronomic_flood,1,none,,Sentinel-1 cropland + JRC transient water (Module 06 v4),Dhenkanal,85.90963351575647,20.895282668464468,2.0690182943317943,-2.933430026982487,-16.10174302951869,3.4897841472098734,0.0,7.0,0.0
377.0,agronomic_flood,1,none,,Sentinel-1 cropland + JRC transient water (Module 06 v4),Dhenkanal,85.21029506706947,20.712565339674555,1.8435193080805163,-3.002943028500791,-11.83063555630049,2.649800416243617,0.0,8.0,0.0
378.0,agronomic_flood,1,none,,Sentinel-1 cropland + JRC transient water (Module 06 v4),Angul,85.09926329795229,21.30545342719344,-0.5963305076232928,2.7455172974576953,-11.702840037856031,3.493506088301082,0.0,59.0,0.0
379.0,agronomic_flood,1,none,,Sentinel-1 cropland + JRC transient water (Module 06 v4),Angul,85.24425138480916,20.86833320994088,0.8336977576586975,-0.14316388387134893,-11.06474561378758,3.187100168386924,0.0,1.0,0.0
380.0,agronomic_flood,1,none,,Sentinel-1 cropland + JRC transient water (Module 06 v4),Angul,85.03269813539902,21.395195124076977,1.7555604731080514,-2.3205723402742002,-17.295805134020622,3.3801565225478134,0.0,17.0,0.0
381.0,agronomic_flood,1,none,,Sentinel-1 cropland + JRC transient water (Module 06 v4),Angul,85.03000318954668,21.402740972463583,-4.236288121675418,7.39788905581851,-12.898419185219318,3.3801565225478134,0.0,14.0,0.0
382.0,agronomic_flood,1,none,,Sentinel-1 cropland + JRC transient water (Module 06 v4),Angul,85.06476799104206,21.36069981716679,2.3186385330205326,-2.9966714420433167,-16.554717714168472,3.3184388535267395,0.0,42.0,0.0
383.0,agronomic_flood,1,none,,Sentinel-1 cropland + JRC transient water (Module 06 v4),Angul,85.11031257594692,20.77401010510833,-0.9452522758488691,2.8414215864045786,-9.322742222027278,3.0129370900934394,0.0,4.0,0.0
384.0,agronomic_flood,1,none,,Sentinel-1 cropland + JRC transient water (Module 06 v4),Baleshwar,86.92535860751042,21.359352344240612,-0.08679376171619424,0.5766243683757928,-14.516242834127443,6.057647517938404,0.0,1.0,0.0
385.0,agronomic_flood,1,none,,Sentinel-1 cropland + JRC transient water (Module 06 v4),Baleshwar,87.3406497633589,21.59462111715151,-8.68316897864333,0.14549139411898437,-17.152161274859747,8.43252931926539,0.0,3.0,0.0
386.0,agronomic_flood,1,none,,Sentinel-1 cropland + JRC transient water (Module 06 v4),Baleshwar,87.14634416740381,21.543686640541935,-1.8084797242648456,-0.03837056073509082,-14.37142538958498,,0.0,1.0,0.0
387.0,agronomic_flood,1,none,,Sentinel-1 cropland + JRC transient water (Module 06 v4),Baleshwar,86.71757828229357,21.185528336763483,-1.6788640505891905,2.2299278114259415,-12.506822192707634,4.855933799953366,0.0,1.0,0.0
388.0,agronomic_flood,1,none,,Sentinel-1 cropland + JRC transient water (Module 06 v4),Baleshwar,87.1207421818064,21.53048140586538,-7.585408873454298,3.842301348497326,-20.821541703463176,,0.0,2.0,0.0
389.0,agronomic_flood,1,none,,Sentinel-1 cropland + JRC transient water (Module 06 v4),Baleshwar,87.329330990779,21.5930041496401,-0.38242094003283,3.312501790875654,-12.82187098029018,8.43252931926539,0.0,1.0,0.0
390.0,agronomic_flood,1,none,,Sentinel-1 cropland + JRC transient water (Module 06 v4),Bhadrak,86.82214218136511,21.134593860153906,0.358364126675756,-3.3363437097278084,-17.551162782533293,5.857067350755381,0.0,18.0,0.0
391.0,agronomic_flood,1,none,,Sentinel-1 cropland + JRC transient water (Module 06 v4),Bhadrak,86.83130499726315,20.89770811973159,2.110310516105269,0.4596291577537883,-15.944119261313528,6.366743473251007,0.0,1.0,0.0
392.0,agronomic_flood,1,none,,Sentinel-1 cropland + JRC transient water (Module 06 v4),Bhadrak,86.70356456386133,20.814703787478948,-0.24792637282397223,0.16007070868249507,-12.642848552197991,5.306678357348205,0.0,2.0,0.0
393.0,agronomic_flood,1,none,,Sentinel-1 cropland + JRC transient water (Module 06 v4),Bhadrak,86.72404615233927,20.86078736155428,2.0449167525926626,-1.6047786536879034,-10.22180428318797,5.565860066183928,0.0,4.0,0.0
394.0,agronomic_flood,1,none,,Sentinel-1 cropland + JRC transient water (Module 06 v4),Bhadrak,86.69386275879282,20.981790430325177,1.8915587076468832,-0.001694088253735515,-9.517845547784464,5.5424265292669315,0.0,2.0,0.0
395.0,agronomic_flood,1,none,,Sentinel-1 cropland + JRC transient water (Module 06 v4),Bhadrak,86.71919524980501,20.81497328206418,4.1054049590253285,-0.49053662589805036,-11.652247797145709,5.306678357348205,0.0,2.0,0.0
396.0,agronomic_flood,1,none,,Sentinel-1 cropland + JRC transient water (Module 06 v4),Kendrapara,86.6283755745805,20.60207255972785,-4.075547629128199,2.8364448018157375,-13.183282809907874,4.789957959687166,0.0,2.0,0.0
397.0,agronomic_flood,1,none,,Sentinel-1 cropland + JRC transient water (Module 06 v4),Kendrapara,86.70760698263985,20.369498732669314,-1.9218320542143807,-2.521614363405453,-23.135638691760523,,0.0,21.0,0.0
398.0,agronomic_flood,1,none,,Sentinel-1 cropland + JRC transient water (Module 06 v4),Kendrapara,86.93559940174941,20.734933390249132,-3.2800149228775304,3.707284427536294,-13.37804601696906,6.50238393521275,0.0,2.0,0.0
399.0,agronomic_flood,1,none,,Sentinel-1 cropland + JRC transient water (Module 06 v4),Kendrapara,86.69925265049756,20.527153065032287,-5.112442720630284,5.942459850604523,-10.64544056950715,6.096509559015266,0.0,0.0,0.0
400.0,agronomic_flood,1,none,,Sentinel-1 cropland + JRC transient water (Module 06 v4),Kendrapara,86.62783658541002,20.761882848772714,0.621665419339891,0.7630951722461052,-9.23566768099551,4.790334605365076,0.0,4.0,0.0
401.0,agronomic_flood,1,none,,Sentinel-1 cropland + JRC transient water (Module 06 v4),Kendrapara,86.32869759579825,20.58967580880701,4.4410792582832155,-2.9925202886922335,-10.050984379249769,4.295262713632064,0.0,2.0,0.0
402.0,agronomic_flood,1,none,,Sentinel-1 cropland + JRC transient water (Module 06 v4),Jagatsinghpur,86.45616853461479,20.113209382110014,-2.6497552289768542,5.847833527581454,-14.631720905310033,,0.0,2.0,0.0
403.0,agronomic_flood,1,none,,Sentinel-1 cropland + JRC transient water (Module 06 v4),Jagatsinghpur,86.51545734336668,20.211035916550628,-5.960852111805558,2.432764161620206,-18.566942649527867,6.7766936438880565,0.0,1.0,0.0
404.0,agronomic_flood,1,none,,Sentinel-1 cropland + JRC transient water (Module 06 v4),Jagatsinghpur,86.40523405800525,20.150130140287324,0.3624662428362768,-2.876354812350927,-14.049209695104024,6.037812531466068,0.0,4.0,0.0
405.0,agronomic_flood,1,none,,Sentinel-1 cropland + JRC transient water (Module 06 v4),Jagatsinghpur,86.43919037574494,20.09111082612067,-1.881005902226871,-0.2637266617684251,-18.67075717526366,6.96235051837397,0.0,3.0,0.0
406.0,agronomic_flood,1,none,,Sentinel-1 cropland + JRC transient water (Module 06 v4),Jagatsinghpur,86.30848550190558,20.213730862402983,-0.11388316503408014,-1.0179678455289825,-12.31211142110632,5.548867114336105,0.0,2.0,0.0
407.0,agronomic_flood,1,none,,Sentinel-1 cropland + JRC transient water (Module 06 v4),Jagatsinghpur,86.1427463319855,20.220737721619116,-1.2628134273052183,1.9957478431982487,-13.037122106981178,5.1608743874705745,0.0,5.0,0.0
408.0,agronomic_flood,1,none,,Sentinel-1 cropland + JRC transient water (Module 06 v4),Puri,85.64930174641864,19.99005035665722,-8.358581351588343,1.1664866059359689,-19.229905709258173,5.764791983695502,0.0,6.0,0.0
409.0,agronomic_flood,1,none,,Sentinel-1 cropland + JRC transient water (Module 06 v4),Puri,85.6835275587436,19.952051620138974,-1.4269633943090643,5.073926111430147,-8.5630966845801,5.644824679112685,0.0,16.0,0.0
410.0,agronomic_flood,1,none,,Sentinel-1 cropland + JRC transient water (Module 06 v4),Puri,85.81611889467968,19.83320450804996,5.00746174686876,1.0210428258110156,-12.516812782283537,,0.0,12.0,0.0
411.0,agronomic_flood,1,none,,Sentinel-1 cropland + JRC transient water (Module 06 v4),Puri,85.68756997752217,19.9275276128825,-3.6110029816445,0.9083081815683753,-11.017402494232986,6.5940174909512415,0.0,18.0,0.0
412.0,agronomic_flood,1,none,,Sentinel-1 cropland + JRC transient water (Module 06 v4),Puri,85.609686042389,19.78900739607127,-0.4901803576639452,1.9115198289369548,-12.3946914568444,7.764094366073151,0.0,7.0,0.0
413.0,agronomic_flood,1,none,,Sentinel-1 cropland + JRC transient water (Module 06 v4),Puri,86.00530409351524,19.999482667140484,-1.126247599398095,-2.4348279456773625,-15.731069294368712,6.46527149573131,0.0,6.0,0.0
414.0,agronomic_flood,1,none,,Sentinel-1 cropland + JRC transient water (Module 06 v4),Cuttack,85.74847575378544,20.423936638886957,3.4524211052347695,-3.450611346352817,-13.245196544605253,4.4729768407614365,0.0,22.0,0.0
415.0,agronomic_flood,1,none,,Sentinel-1 cropland + JRC transient water (Module 06 v4),Cuttack,86.1548735883211,20.561378877357242,0.24731480273774054,1.6903314462273062,-18.2234431119876,4.244920575182373,0.0,4.0,0.0
416.0,agronomic_flood,1,none,,Sentinel-1 cropland + JRC transient water (Module 06 v4),Cuttack,86.20014867864074,20.530387000055114,3.4046688797847455,-1.982922018936577,-10.705887975091635,4.23917539287893,0.0,5.0,0.0
417.0,agronomic_flood,1,none,,Sentinel-1 cropland + JRC transient water (Module 06 v4),Cuttack,86.1907163681575,20.642766242098467,-0.7035343416155904,-3.632253902027541,-18.81409792773207,4.244920575182373,0.0,6.0,0.0
418.0,agronomic_flood,1,none,,Sentinel-1 cropland + JRC transient water (Module 06 v4),Cuttack,86.15514308290636,20.561378877357242,0.0941914548224041,1.4083534320391315,-15.040690839655369,4.244920575182373,0.0,3.0,0.0
419.0,agronomic_flood,1,none,,Sentinel-1 cropland + JRC transient water (Module 06 v4),Cuttack,86.21119795663543,20.576740068715687,1.6957064165451268,-0.6242184596265705,-13.193410777697299,4.244920575182373,0.0,1.0,0.0
420.0,agronomic_flood,1,none,,Sentinel-1 cropland + JRC transient water (Module 06 v4),Dhenkanal,85.86732286587448,20.8917792388564,6.092722095669515,-6.027226427917983,-11.103624075088387,3.4897841472098734,0.0,1.0,0.0
421.0,agronomic_flood,1,none,,Sentinel-1 cropland + JRC transient water (Module 06 v4),Dhenkanal,85.60025373190575,20.687502343247623,2.642780090200894,-1.7909659194132654,-9.921675131660137,3.121679990511294,0.0,33.0,0.0
422.0,agronomic_flood,1,none,,Sentinel-1 cropland + JRC transient water (Module 06 v4),Dhenkanal,85.28440607800928,21.07395757847584,-0.9229605199201742,3.3185690603435845,-11.178203626735112,3.1841243015853613,0.0,37.0,0.0
423.0,agronomic_flood,1,none,,Sentinel-1 cropland + JRC transient water (Module 06 v4),Dhenkanal,85.5256037317954,20.741401260294793,1.6103734648469548,3.7170164246764337,-10.61897834185613,2.9132913293526776,0.0,7.0,0.0
424.0,agronomic_flood,1,none,,Sentinel-1 cropland + JRC transient water (Module 06 v4),Dhenkanal,85.21029506706947,20.712295845089322,1.5397354392195943,-0.2197060312420085,-11.046971609828002,2.649800416243617,0.0,6.0,0.0
425.0,agronomic_flood,1,none,,Sentinel-1 cropland + JRC transient water (Module 06 v4),Dhenkanal,85.96892232450836,20.755684473312293,-1.776116345583862,1.5503852662598305,-16.955999487567773,3.8513851701353854,0.0,7.0,0.0
426.0,agronomic_flood,1,none,,Sentinel-1 cropland + JRC transient water (Module 06 v4),Angul,85.06018658309307,21.36743718179769,1.316680942093548,-1.2579079868377434,-16.616256279536,3.3184388535267395,0.0,26.0,0.0
427.0,agronomic_flood,1,none,,Sentinel-1 cropland + JRC transient water (Module 06 v4),Angul,85.08875300912808,21.287936279153108,1.0295127166009514,-0.4211100505073446,-13.173810692025086,3.493506088301082,0.0,40.0,0.0
428.0,agronomic_flood,1,none,,Sentinel-1 cropland + JRC transient water (Module 06 v4),Angul,85.0663849585535,21.29682960046589,-2.3806767308611114,0.591118210398971,-13.162730135399531,3.493506088301082,0.0,48.0,0.0
429.0,agronomic_flood,1,none,,Sentinel-1 cropland + JRC transient water (Module 06 v4),Angul,85.0332371245695,21.393578156565567,-3.24712527315555,5.9319538284434525,-15.287117869277969,3.3801565225478134,0.0,33.0,0.0
430.0,agronomic_flood,1,none,,Sentinel-1 cropland + JRC transient water (Module 06 v4),Angul,85.08659705244617,21.426725990549578,3.632640420060012,-3.9402193593648143,-12.202388085538523,3.3184388535267395,0.0,18.0,0.0
431.0,agronomic_flood,1,none,,Sentinel-1 cropland + JRC transient water (Module 06 v4),Angul,85.0068266552164,21.40166299412264,-0.0203083474418726,1.511133962447058,-15.759049680409552,3.3801565225478134,0.0,24.0,0.0
432.0,agronomic_flood,1,none,,Sentinel-1 cropland + JRC transient water (Module 06 v4),Baleshwar,87.1280185356078,21.543147651371463,-2.8395028698633418,-6.517653003157026,-22.81988530966678,,0.0,1.0,0.0
433.0,agronomic_flood,1,none,,Sentinel-1 cropland + JRC transient water (Module 06 v4),Baleshwar,87.04393622501419,21.542069673030525,-4.968875498799012,2.16168850260388,-17.063752652004993,7.332571073463591,0.0,2.0,0.0
434.0,agronomic_flood,1,none,,Sentinel-1 cropland + JRC transient water (Module 06 v4),Baleshwar,87.1207421818064,21.6072873626576,2.954643065568259,-1.8818509641853254,-10.222941800979806,7.801555928563996,0.0,1.0,0.0
435.0,agronomic_flood,1,none,,Sentinel-1 cropland + JRC transient water (Module 06 v4),Baleshwar,86.67472864324111,21.177712993791644,-3.231145624360856,-2.9938811048968414,-17.598136168602036,4.855933799953366,0.0,3.0,0.0
436.0,agronomic_flood,1,none,,Sentinel-1 cropland + JRC transient water (Module 06 v4),Baleshwar,86.96497431154012,21.397620575344106,1.5173427499174643,-0.1701644550474697,-10.868928922083727,7.085076863555448,0.0,0.0,0.0
437.0,agronomic_flood,1,none,,Sentinel-1 cropland + JRC transient water (Module 06 v4),Baleshwar,87.37568405943955,21.603783933049534,-0.9053363496012103,1.2327231379113002,-9.626675374381305,8.64239487289698,0.0,4.0,0.0
438.0,agronomic_flood,1,none,,Sentinel-1 cropland + JRC transient water (Module 06 v4),Bhadrak,86.71946474439022,21.01143483470112,-3.375146635420979,6.704477394322595,-7.501270665588221,5.5424265292669315,0.0,3.0,0.0
439.0,agronomic_flood,1,none,,Sentinel-1 cropland + JRC transient water (Module 06 v4),Bhadrak,86.70706799346937,21.01763321016155,-2.0833552797059127,-1.0371653029918804,-12.5751851664095,5.5424265292669315,0.0,1.0,0.0
440.0,agronomic_flood,1,none,,Sentinel-1 cropland + JRC transient water (Module 06 v4),Bhadrak,86.77821456397163,21.035689347372347,-4.620825018980998,-1.4098732964567464,-16.417395643689055,6.281011512437858,0.0,1.0,0.0
441.0,agronomic_flood,1,none,,Sentinel-1 cropland + JRC transient water (Module 06 v4),Bhadrak,86.91996871580574,20.834376892201163,-2.754203174779029,3.0149525670988115,-12.571052362979373,6.830989847875286,0.0,2.0,0.0
442.0,agronomic_flood,1,none,,Sentinel-1 cropland + JRC transient water (Module 06 v4),Bhadrak,86.8372338781383,20.797725628609086,-4.688910007690545,1.4453513669510833,-16.594034319251506,5.923340745342042,0.0,1.0,0.0
443.0,agronomic_flood,1,none,,Sentinel-1 cropland + JRC transient water (Module 06 v4),Bhadrak,86.7019475963499,20.812817325382298,2.9246865755422586,-3.459082752160393,-11.038309276372615,5.306678357348205,0.0,2.0,0.0
444.0,agronomic_flood,1,none,,Sentinel-1 cropland + JRC transient water (Module 06 v4),Kendrapara,86.63619091755237,20.54628718058403,-1.8821900651165429,0.8987131477824413,-11.747631349542955,5.242517410876736,0.0,0.0,0.0
445.0,agronomic_flood,1,none,,Sentinel-1 cropland + JRC transient water (Module 06 v4),Kendrapara,86.47503315558134,20.56083988818677,1.7587644951855097,-1.456319016701178,-13.20748744591697,4.558685540126678,0.0,1.0,0.0
446.0,agronomic_flood,1,none,,Sentinel-1 cropland + JRC transient water (Module 06 v4),Kendrapara,86.81998622468319,20.656779960530734,0.9480649425934935,-1.5571958499520342,-12.51890028975888,5.831715021140216,0.0,1.0,0.0
447.0,agronomic_flood,1,none,,Sentinel-1 cropland + JRC transient water (Module 06 v4),Kendrapara,86.81513532214899,20.617703245671535,1.5667039903334192,-0.7592149641538732,-13.739585940850777,6.100079260643945,0.0,1.0,0.0
448.0,agronomic_flood,1,none,,Sentinel-1 cropland + JRC transient water (Module 06 v4),Kendrapara,86.93667738009032,20.73439440107866,2.9935142468050664,-1.9003149966998887,-10.348857498499946,6.50238393521275,0.0,2.0,0.0
449.0,agronomic_flood,1,none,,Sentinel-1 cropland + JRC transient water (Module 06 v4),Kendrapara,86.91053640532249,20.71552978011215,0.005606791370155406,-1.4711042045571325,-13.451847449820901,6.50238393521275,0.0,2.0,0.0
450.0,agronomic_flood,1,none,,Sentinel-1 cropland + JRC transient water (Module 06 v4),Jagatsinghpur,86.42302070063079,20.17222869627666,-0.21813477488770516,-0.47602445318408293,-16.893983563797317,6.037812531466068,0.0,4.0,0.0
451.0,agronomic_flood,1,none,,Sentinel-1 cropland + JRC transient water (Module 06 v4),Jagatsinghpur,86.40577304717573,20.162257396622934,2.6375132779288286,-1.0859347170086213,-13.52732200051081,6.037812531466068,0.0,1.0,0.0
452.0,agronomic_flood,1,none,,Sentinel-1 cropland + JRC transient water (Module 06 v4),Jagatsinghpur,86.46479236134235,20.270863714472988,-7.752733762359263,0.38187763559389865,-22.951545801757263,5.944495286928148,0.0,2.0,0.0
453.0,agronomic_flood,1,none,,Sentinel-1 cropland + JRC transient water (Module 06 v4),Jagatsinghpur,86.4071205201019,20.112939887524774,0.1276214519915193,2.8176662483179626,-12.628351197457873,6.96235051837397,0.0,2.0,0.0
454.0,agronomic_flood,1,none,,Sentinel-1 cropland + JRC transient water (Module 06 v4),Jagatsinghpur,86.43460896779595,20.10350757704152,-3.5119139237298285,2.391119295491224,-13.617416334578769,6.96235051837397,0.0,10.0,0.0
455.0,agronomic_flood,1,none,,Sentinel-1 cropland + JRC transient water (Module 06 v4),Jagatsinghpur,86.51195391375865,20.22181569996006,-5.360169511857428,6.354766514726496,-17.878276746208822,6.7766936438880565,0.0,3.0,0.0
456.0,agronomic_flood,1,none,,Sentinel-1 cropland + JRC transient water (Module 06 v4),Puri,85.57572972464925,19.909740970256934,-0.36774326540225033,-1.7413916721956468,-12.258560837777248,6.757413886183009,0.0,6.0,0.0
457.0,agronomic_flood,1,none,,Sentinel-1 cropland + JRC transient water (Module 06 v4),Puri,85.6172318907756,19.835899453902314,-4.982846720293583,4.175040185681484,-9.26420215425369,7.764094366073151,0.0,17.0,0.0
458.0,agronomic_flood,1,none,,Sentinel-1 cropland + JRC transient water (Module 06 v4),Puri,85.74524181876262,19.871203244568207,-1.4726324334432945,3.3999031103480934,-10.33016838849348,6.5940174909512415,0.0,5.0,0.0
459.0,agronomic_flood,1,none,,Sentinel-1 cropland + JRC transient water (Module 06 v4),Puri,85.72206528443235,19.852338623601696,-3.9734639926730893,2.497055745013471,-9.85485659749019,6.5940174909512415,0.0,3.0,0.0
460.0,agronomic_flood,1,none,,Sentinel-1 cropland + JRC transient water (Module 06 v4),Puri,85.6107640207299,19.941541331314767,-4.131632977401816,7.857736338906356,-8.291691607738274,6.757413886183009,0.0,13.0,0.0
461.0,agronomic_flood,1,none,,Sentinel-1 cropland + JRC transient water (Module 06 v4),Puri,85.61426745033799,19.961753425207462,-4.169621164866342,1.7169036641449935,-12.4946893749432,5.764791983695502,0.0,4.0,0.0
462.0,agronomic_flood,1,none,,Sentinel-1 cropland + JRC transient water (Module 06 v4),Cuttack,86.1982622165441,20.625518588643374,-3.3382334968575513,-0.47322955033138747,-15.923339480471231,4.244920575182373,0.0,1.0,0.0
463.0,agronomic_flood,1,none,,Sentinel-1 cropland + JRC transient water (Module 06 v4),Cuttack,86.1462497615936,20.532812451322236,1.4448524598526937,-1.5573555203177438,-11.08761630351934,4.28350110597753,0.0,2.0,0.0
464.0,agronomic_flood,1,none,,Sentinel-1 cropland + JRC transient water (Module 06 v4),Cuttack,85.77111329894524,20.513947830355733,-0.3023798436454648,0.7900541106564347,-8.550707490415201,4.188366668688131,0.0,1.0,0.0
465.0,agronomic_flood,1,none,,Sentinel-1 cropland + JRC transient water (Module 06 v4),Cuttack,86.00719055561188,20.213730862402983,-0.03422152777855203,0.9236937265932426,-11.318851236256624,4.981587367214498,0.0,1.0,0.0
466.0,agronomic_flood,1,none,,Sentinel-1 cropland + JRC transient water (Module 06 v4),Cuttack,86.15083116954258,20.057154508380954,1.5390429561493626,0.06177204553391569,-10.973100642296396,6.071672615467955,0.0,0.0,0.0
467.0,agronomic_flood,1,none,,Sentinel-1 cropland + JRC transient water (Module 06 v4),Cuttack,86.02982810077168,20.222354689130533,-0.5889915346777634,2.4072370266715826,-12.428187342418301,4.981587367214498,0.0,4.0,0.0
468.0,agronomic_flood,1,none,,Sentinel-1 cropland + JRC transient water (Module 06 v4),Dhenkanal,85.67220878616371,20.99445667583126,2.3296898793357705,-3.8181272330279974,-19.785407214870602,3.415315147938291,0.0,11.0,0.0
469.0,agronomic_flood,1,none,,Sentinel-1 cropland + JRC transient water (Module 06 v4),Dhenkanal,85.90963351575647,20.895282668464468,2.0690182943317943,-2.933430026982487,-16.10174302951869,3.4897841472098734,0.0,7.0,0.0
470.0,agronomic_flood,1,none,,Sentinel-1 cropland + JRC transient water (Module 06 v4),Dhenkanal,85.31081654736244,21.103332488266545,-0.5115450900474485,2.626801544333123,-12.037825090099785,3.1841243015853613,0.0,11.0,0.0
471.0,agronomic_flood,1,none,,Sentinel-1 cropland + JRC transient water (Module 06 v4),Dhenkanal,85.68568351542547,20.878304509594606,-5.872830117318376,4.590032899290426,-19.51721844901163,3.126187371462648,0.0,13.0,0.0
472.0,agronomic_flood,1,none,,Sentinel-1 cropland + JRC transient water (Module 06 v4),Dhenkanal,85.44340788329845,20.737358841516254,2.138886035363832,-0.859051750374574,-12.477235424610967,2.869411016671429,0.0,6.0,0.0
473.0,agronomic_flood,1,none,,Sentinel-1 cropland + JRC transient water (Module 06 v4),Dhenkanal,85.56306347914318,20.64950360672937,0.816182090467823,0.46454508635439495,-10.400114342957323,3.3511160112901646,0.0,36.0,0.0
474.0,agronomic_flood,1,none,,Sentinel-1 cropland + JRC transient water (Module 06 v4),Angul,85.0777037311334,21.272844582379903,1.1075886806047954,-1.1205091448873343,-13.750784774268032,3.493506088301082,0.0,41.0,0.0
475.0,agronomic_flood,1,none,,Sentinel-1 cropland + JRC transient water (Module 06 v4),Angul,85.06988838816159,21.43561931186236,1.0210175704717734,1.78775593811665,-12.557529554735057,3.3184388535267395,0.0,41.0,0.0
476.0,agronomic_flood,1,none,,Sentinel-1 cropland + JRC transient water (Module 06 v4),Angul,85.05614416431456,21.348033571660707,0.077791174975399,3.668914711072773,-13.573291677174561,3.493506088301082,0.0,50.0,0.0
477.0,agronomic_flood,1,none,,Sentinel-1 cropland + JRC transient water (Module 06 v4),Angul,85.1324111319363,21.44154819273755,2.800556379336289,-4.872609853422887,-13.66430292724196,3.3184388535267395,0.0,18.0,0.0
478.0,agronomic_flood,1,none,,Sentinel-1 cropland + JRC transient water (Module 06 v4),Angul,85.10222773838984,21.334558842398913,4.061212107839385,-4.028530036470416,-13.594888139626267,3.493506088301082,0.0,15.0,0.0
479.0,agronomic_flood,1,none,,Sentinel-1 cropland + JRC transient water (Module 06 v4),Angul,84.9965858609774,21.13135992513108,-0.29269939530529143,-1.9709086251166088,-12.094226849023483,3.842115091171039,0.0,9.0,0.0
