district,district_code,treatment,system:index,year,dekad_start,doy,NDVI_mean,NDVI_count,VH_mean,VH_count,VV_mean,VV_count,CR_mean,CR_count
Jagatsinghpur,JGS,1,"1_1_1_1_1_1_1_2_0_961,226",2017,2017-05-01,121,,0,-22.300054693515545,12383,-13.882265280139492,12383,-8.417789413375935,12383
Jagatsinghpur,JGS,1,"1_1_1_1_1_1_1_2_0_959,227",2017,2017-05-01,121,0.2680046732279952,431950,-19.258954337367364,510204,-11.782451587782749,510204,-7.476502749584588,510204
Jagatsinghpur,JGS,1,"1_1_1_1_1_1_1_2_0_960,227",2017,2017-05-01,121,0.2230212313032357,179517,-19.5528708431452,432279,-12.21433009528817,432279,-7.338540747856969,432279
Jagatsinghpur,JGS,1,"1_1_1_1_1_1_1_2_0_961,227",2017,2017-05-01,121,,0,-21.616308645286814,447583,-13.22350819530365,447583,-8.39280044998321,447583
Jagatsinghpur,JGS,1,"1_1_1_1_1_1_1_2_0_962,227",2017,2017-05-01,121,,0,-20.774355327466004,786,-12.421537691367105,786,-8.352817636098901,786
Jagatsinghpur,JGS,1,"1_1_1_1_1_1_1_2_0_958,228",2017,2017-05-01,121,0.29491316336705536,645633,-19.01347591546634,657750,-11.8461755322551,657750,-7.167300383211262,657750
Jagatsinghpur,JGS,1,"1_1_1_1_1_1_1_2_0_959,228",2017,2017-05-01,121,0.24459710524647485,626320,-18.929940659546226,653265,-11.313617161606766,653265,-7.616323497939457,653265
Jagatsinghpur,JGS,1,"1_1_1_1_1_1_1_2_0_960,228",2017,2017-05-01,121,0.24081412550014855,445646,-18.728549458853657,693526,-11.40210853698471,693526,-7.326440921869005,693526
Jagatsinghpur,JGS,1,"1_1_1_1_1_1_1_2_0_961,228",2017,2017-05-01,121,,0,-21.559197632644583,728813,-13.024850534708863,728813,-8.534347097935656,728813
Jagatsinghpur,JGS,1,"1_1_1_1_1_1_1_2_0_962,228",2017,2017-05-01,121,,0,-21.71581406534918,246956,-13.683638739133123,246956,-8.032175326216091,246956
Jagatsinghpur,JGS,1,"1_1_1_1_1_1_1_2_0_958,229",2017,2017-05-01,121,0.2966318378575821,602012,-18.632536265716265,604467,-11.20435609980414,604467,-7.428180165912151,604467
Jagatsinghpur,JGS,1,"1_1_1_1_1_1_1_2_0_959,229",2017,2017-05-01,121,0.2500561577868927,595855,-18.679272144991916,604967,-10.921249462290152,604967,-7.758022682701767,604967
Jagatsinghpur,JGS,1,"1_1_1_1_1_1_1_2_0_960,229",2017,2017-05-01,121,0.2563159962734822,702492,-18.524573957713635,733746,-11.195739251895185,733746,-7.3288347058184105,733746
Jagatsinghpur,JGS,1,"1_1_1_1_1_1_1_2_0_961,229",2017,2017-05-01,121,0.25414118553379644,18558,-20.922045854811092,778594,-13.056093539705477,778594,-7.8659523151056225,778594
Jagatsinghpur,JGS,1,"1_1_1_1_1_1_1_2_0_962,229",2017,2017-05-01,121,,0,-22.099020133855507,513858,-13.826708652545499,513858,-8.27231148131006,513858
Jagatsinghpur,JGS,1,"1_1_1_1_1_1_1_2_0_963,229",2017,2017-05-01,121,,0,-21.190823777807132,55675,-13.561213046288247,55675,-7.629610731518927,55675
Jagatsinghpur,JGS,1,"1_1_1_1_1_1_1_2_0_964,229",2017,2017-05-01,121,,0,,0,,0,,0
Jagatsinghpur,JGS,1,"1_1_1_1_1_1_1_2_0_957,230",2017,2017-05-01,121,0.27299261381699946,105736,-18.788177588954564,620511,-11.808166254145227,620511,-6.980011334809303,620511
Jagatsinghpur,JGS,1,"1_1_1_1_1_1_1_2_0_958,230",2017,2017-05-01,121,0.2755732802110964,574066,-18.952549641320992,574078,-11.402840804543963,574078,-7.549708836777062,574078
Jagatsinghpur,JGS,1,"1_1_1_1_1_1_1_2_0_959,230",2017,2017-05-01,121,0.2548135965994812,637431,-17.91269138498542,640106,-10.229056718294053,640106,-7.683634666691341,640106
Jagatsinghpur,JGS,1,"1_1_1_1_1_1_1_2_0_960,230",2017,2017-05-01,121,0.26989776483055156,667732,-17.575753559722123,679387,-10.224955118561503,679387,-7.3507984411606975,679387
Jagatsinghpur,JGS,1,"1_1_1_1_1_1_1_2_0_961,230",2017,2017-05-01,121,0.2904533730696873,153556,-19.14208576996762,712352,-11.900536843333764,712352,-7.241548926633908,712352
Jagatsinghpur,JGS,1,"1_1_1_1_1_1_1_2_0_962,230",2017,2017-05-01,121,,0,-21.09311190775978,741892,-13.047973802499122,741892,-8.045138105260678,741892
Jagatsinghpur,JGS,1,"1_1_1_1_1_1_1_2_0_963,230",2017,2017-05-01,121,,0,-20.11677488704598,601275,-12.720412563601908,601275,-7.3963623234440545,601275
Jagatsinghpur,JGS,1,"1_1_1_1_1_1_1_2_0_964,230",2017,2017-05-01,121,,0,-18.61309863280661,125259,-12.729374101095534,125259,-5.88372453171107,125259
Jagatsinghpur,JGS,1,"1_1_1_1_1_1_1_2_0_965,230",2017,2017-05-01,121,,0,-20.832155933581024,10328,-14.875707190880604,10328,-5.956448742700419,10328
Jagatsinghpur,JGS,1,"1_1_1_1_1_1_1_2_0_957,231",2017,2017-05-01,121,0.2568695427193111,126493,-19.392635894438015,535010,-12.22068671125311,535010,-7.17194918318491,535010
Jagatsinghpur,JGS,1,"1_1_1_1_1_1_1_2_0_958,231",2017,2017-05-01,121,0.30339431352789104,649724,-18.079230029610933,649727,-10.719048879645444,649727,-7.3601811499654275,649727
Jagatsinghpur,JGS,1,"1_1_1_1_1_1_1_2_0_959,231",2017,2017-05-01,121,0.30825331062317873,544209,-17.6218416230772,544379,-10.086211669865232,544379,-7.535629953211963,544379
Jagatsinghpur,JGS,1,"1_1_1_1_1_1_1_2_0_960,231",2017,2017-05-01,121,0.25415153997661605,525591,-18.19827056239579,525591,-10.340665881211619,525591,-7.857604681184185,525591
Jagatsinghpur,JGS,1,"1_1_1_1_1_1_1_2_0_961,231",2017,2017-05-01,121,0.24766195410263633,297471,-19.038189793481376,638601,-11.538199512252023,638601,-7.499990281229395,638601
Jagatsinghpur,JGS,1,"1_1_1_1_1_1_1_2_0_962,231",2017,2017-05-01,121,,0,-19.963505903644347,661478,-12.328575820092938,661478,-7.634930083551407,661478
Jagatsinghpur,JGS,1,"1_1_1_1_1_1_1_2_0_963,231",2017,2017-05-01,121,,0,-19.181070720121948,623890,-12.086821839172513,623890,-7.094248880949397,623890
Jagatsinghpur,JGS,1,"1_1_1_1_1_1_1_2_0_964,231",2017,2017-05-01,121,,0,-19.180949356588627,543323,-12.318214679221065,543323,-6.862734677367491,543323
Jagatsinghpur,JGS,1,"1_1_1_1_1_1_1_2_1_961,226",2017,2017-05-11,131,,0,-22.462758880445016,12383,-14.063270164377338,12383,-8.399488716067728,12383
Jagatsinghpur,JGS,1,"1_1_1_1_1_1_1_2_1_959,227",2017,2017-05-11,131,,0,-17.83152127961609,510204,-9.971707335532141,510204,-7.859813944083968,510204
Jagatsinghpur,JGS,1,"1_1_1_1_1_1_1_2_1_960,227",2017,2017-05-11,131,,0,-18.25016782971388,432279,-10.555085967638243,432279,-7.695081862075651,432279
Jagatsinghpur,JGS,1,"1_1_1_1_1_1_1_2_1_961,227",2017,2017-05-11,131,,0,-21.75651113903346,447583,-13.414905230537853,447583,-8.341605908495637,447583
Jagatsinghpur,JGS,1,"1_1_1_1_1_1_1_2_1_962,227",2017,2017-05-11,131,,0,-20.41554734021049,786,-12.461629309748187,786,-7.953918030462318,786
Jagatsinghpur,JGS,1,"1_1_1_1_1_1_1_2_1_958,228",2017,2017-05-11,131,,0,-17.66437136305913,657750,-9.989846843765445,657750,-7.674524519293725,657750
Jagatsinghpur,JGS,1,"1_1_1_1_1_1_1_2_1_959,228",2017,2017-05-11,131,,0,-17.65778212651665,653265,-9.561650018264679,653265,-8.096132108251904,653265
Jagatsinghpur,JGS,1,"1_1_1_1_1_1_1_2_1_960,228",2017,2017-05-11,131,,0,-17.591876513755768,693526,-10.167666390683241,693526,-7.424210123072517,693526
Jagatsinghpur,JGS,1,"1_1_1_1_1_1_1_2_1_961,228",2017,2017-05-11,131,,0,-21.71073125105517,728813,-13.19266389896619,728813,-8.51806735208899,728813
Jagatsinghpur,JGS,1,"1_1_1_1_1_1_1_2_1_962,228",2017,2017-05-11,131,,0,-21.926338325290445,246956,-13.739112190121046,246956,-8.187226135169386,246956
Jagatsinghpur,JGS,1,"1_1_1_1_1_1_1_2_1_958,229",2017,2017-05-11,131,,0,-18.593529883791327,604467,-11.005436455379007,604467,-7.5880934284123525,604467
Jagatsinghpur,JGS,1,"1_1_1_1_1_1_1_2_1_959,229",2017,2017-05-11,131,,0,-18.795003641804655,604967,-10.989067412836599,604967,-7.805936228968065,604967
Jagatsinghpur,JGS,1,"1_1_1_1_1_1_1_2_1_960,229",2017,2017-05-11,131,,0,-17.8545695836663,733746,-10.611601510632772,733746,-7.242968073033481,733746
Jagatsinghpur,JGS,1,"1_1_1_1_1_1_1_2_1_961,229",2017,2017-05-11,131,,0,-20.892510396539866,778594,-13.115641952242271,778594,-7.77686844429754,778594
Jagatsinghpur,JGS,1,"1_1_1_1_1_1_1_2_1_962,229",2017,2017-05-11,131,,0,-22.156516146115145,513858,-13.915880272583534,513858,-8.240635873531627,513858
Jagatsinghpur,JGS,1,"1_1_1_1_1_1_1_2_1_963,229",2017,2017-05-11,131,,0,-21.39242810630589,55675,-13.706166325307803,55675,-7.686261780998174,55675
Jagatsinghpur,JGS,1,"1_1_1_1_1_1_1_2_1_964,229",2017,2017-05-11,131,,0,,0,,0,,0
Jagatsinghpur,JGS,1,"1_1_1_1_1_1_1_2_1_957,230",2017,2017-05-11,131,,0,-18.59161081506213,620511,-11.473014902523783,620511,-7.118595912538356,620511
Jagatsinghpur,JGS,1,"1_1_1_1_1_1_1_2_1_958,230",2017,2017-05-11,131,,0,-18.935609487540134,574078,-11.269739381912947,574078,-7.665870105627238,574078
Jagatsinghpur,JGS,1,"1_1_1_1_1_1_1_2_1_959,230",2017,2017-05-11,131,,0,-17.961393700941862,640106,-10.102579881731954,640106,-7.858813819209956,640106
Jagatsinghpur,JGS,1,"1_1_1_1_1_1_1_2_1_960,230",2017,2017-05-11,131,,0,-17.586387946248873,679387,-10.040533094104443,679387,-7.545854852144394,679387
Jagatsinghpur,JGS,1,"1_1_1_1_1_1_1_2_1_961,230",2017,2017-05-11,131,,0,-19.28306502612408,712352,-12.051635530794398,712352,-7.231429495329653,712352
Jagatsinghpur,JGS,1,"1_1_1_1_1_1_1_2_1_962,230",2017,2017-05-11,131,,0,-21.043059618682026,741892,-13.041500366884485,741892,-8.001559251797522,741892
Jagatsinghpur,JGS,1,"1_1_1_1_1_1_1_2_1_963,230",2017,2017-05-11,131,,0,-20.2657942985032,601275,-12.877142216801163,601275,-7.388652081702102,601275
Jagatsinghpur,JGS,1,"1_1_1_1_1_1_1_2_1_964,230",2017,2017-05-11,131,,0,-18.563005246911334,125259,-12.791533460820718,125259,-5.771471786090603,125259
Jagatsinghpur,JGS,1,"1_1_1_1_1_1_1_2_1_965,230",2017,2017-05-11,131,,0,-19.51419900878481,10328,-13.384601923050276,10328,-6.129597085734502,10328
Jagatsinghpur,JGS,1,"1_1_1_1_1_1_1_2_1_957,231",2017,2017-05-11,131,,0,-19.256511676762436,535010,-11.956643361055926,535010,-7.299868315706506,535010
Jagatsinghpur,JGS,1,"1_1_1_1_1_1_1_2_1_958,231",2017,2017-05-11,131,,0,-18.455945894313984,649727,-11.106291194233338,649727,-7.349654700080634,649727
Jagatsinghpur,JGS,1,"1_1_1_1_1_1_1_2_1_959,231",2017,2017-05-11,131,,0,-18.356148023615116,544379,-10.63026661721493,544379,-7.725881406400194,544379
Jagatsinghpur,JGS,1,"1_1_1_1_1_1_1_2_1_960,231",2017,2017-05-11,131,,0,-19.124402717947238,525591,-11.027179010541003,525591,-8.097223707406188,525591
Jagatsinghpur,JGS,1,"1_1_1_1_1_1_1_2_1_961,231",2017,2017-05-11,131,,0,-19.232534083283642,638601,-11.403928750172238,638601,-7.828605333111356,638601
Jagatsinghpur,JGS,1,"1_1_1_1_1_1_1_2_1_962,231",2017,2017-05-11,131,,0,-19.328163879329978,661478,-11.506436592996199,661478,-7.821727286333827,661478
Jagatsinghpur,JGS,1,"1_1_1_1_1_1_1_2_1_963,231",2017,2017-05-11,131,,0,-19.521869230175824,623890,-12.314308752136274,623890,-7.207560478039508,623890
Jagatsinghpur,JGS,1,"1_1_1_1_1_1_1_2_1_964,231",2017,2017-05-11,131,,0,-20.434937172135218,543323,-13.101387315926502,543323,-7.333549856208771,543323
Jagatsinghpur,JGS,1,"1_1_1_1_1_1_1_2_2_961,226",2017,2017-05-21,141,,0,-22.181842160910055,12383,-13.662681003208762,12383,-8.51916115770125,12383
Jagatsinghpur,JGS,1,"1_1_1_1_1_1_1_2_2_959,227",2017,2017-05-21,141,,0,-20.22155719345073,510204,-12.450168930679812,510204,-7.771388262770844,510204
Jagatsinghpur,JGS,1,"1_1_1_1_1_1_1_2_2_960,227",2017,2017-05-21,141,,0,-20.252844068621524,432279,-12.502788878658468,432279,-7.7500551899631445,432279
Jagatsinghpur,JGS,1,"1_1_1_1_1_1_1_2_2_961,227",2017,2017-05-21,141,,0,-21.599298111928913,447583,-13.000652857659384,447583,-8.598645254269586,447583
Jagatsinghpur,JGS,1,"1_1_1_1_1_1_1_2_2_962,227",2017,2017-05-21,141,,0,-20.525879590077363,786,-12.160139754542865,786,-8.365739835534491,786
Jagatsinghpur,JGS,1,"1_1_1_1_1_1_1_2_2_958,228",2017,2017-05-21,141,,0,-20.001993042677757,657750,-12.425132352826688,657750,-7.576860689851029,657750
Jagatsinghpur,JGS,1,"1_1_1_1_1_1_1_2_2_959,228",2017,2017-05-21,141,,0,-20.233975104484397,653265,-12.328804114922296,653265,-7.905170989562126,653265
Jagatsinghpur,JGS,1,"1_1_1_1_1_1_1_2_2_960,228",2017,2017-05-21,141,,0,-19.631585419607255,693526,-12.01042985944964,693526,-7.621155560157529,693526
Jagatsinghpur,JGS,1,"1_1_1_1_1_1_1_2_2_961,228",2017,2017-05-21,141,,0,-21.809333164770877,728813,-13.05191946053378,728813,-8.757413704237027,728813
Jagatsinghpur,JGS,1,"1_1_1_1_1_1_1_2_2_962,228",2017,2017-05-21,141,,0,-22.088642946890925,246956,-13.573918418245857,246956,-8.514724528645148,246956
Jagatsinghpur,JGS,1,"1_1_1_1_1_1_1_2_2_958,229",2017,2017-05-21,141,,0,-20.17998344601633,604467,-12.654990522796114,604467,-7.524992923220236,604467
Jagatsinghpur,JGS,1,"1_1_1_1_1_1_1_2_2_959,229",2017,2017-05-21,141,,0,-20.319580432972934,604967,-12.520863754283189,604967,-7.798716678689762,604967
Jagatsinghpur,JGS,1,"1_1_1_1_1_1_1_2_2_960,229",2017,2017-05-21,141,,0,-19.640300062968787,733746,-12.180309686918784,733746,-7.45999037604996,733746
Jagatsinghpur,JGS,1,"1_1_1_1_1_1_1_2_2_961,229",2017,2017-05-21,141,,0,-21.020905250070797,778594,-13.055688771757774,778594,-7.965216478313071,778594
Jagatsinghpur,JGS,1,"1_1_1_1_1_1_1_2_2_962,229",2017,2017-05-21,141,,0,-22.310765637194294,513858,-13.768384796396342,513858,-8.542380840798,513858
Jagatsinghpur,JGS,1,"1_1_1_1_1_1_1_2_2_963,229",2017,2017-05-21,141,,0,-21.66557142329964,55675,-13.589933968120047,55675,-8.075637455179683,55675
Jagatsinghpur,JGS,1,"1_1_1_1_1_1_1_2_2_964,229",2017,2017-05-21,141,,0,,0,,0,,0
Jagatsinghpur,JGS,1,"1_1_1_1_1_1_1_2_2_957,230",2017,2017-05-21,141,,0,-19.642376642420842,620511,-12.780373677382707,620511,-6.862002965038104,620511
Jagatsinghpur,JGS,1,"1_1_1_1_1_1_1_2_2_958,230",2017,2017-05-21,141,,0,-20.39279312106004,574078,-12.847406514566329,574078,-7.545386606493722,574078
Jagatsinghpur,JGS,1,"1_1_1_1_1_1_1_2_2_959,230",2017,2017-05-21,141,,0,-19.86235803616447,640106,-12.18126054236813,640106,-7.681097493796395,640106
Jagatsinghpur,JGS,1,"1_1_1_1_1_1_1_2_2_960,230",2017,2017-05-21,141,,0,-19.641156248794605,679387,-11.98525480906893,679387,-7.655901439725715,679387
Jagatsinghpur,JGS,1,"1_1_1_1_1_1_1_2_2_961,230",2017,2017-05-21,141,,0,-19.773502542029092,712352,-12.270135923626432,712352,-7.503366618402744,712352
Jagatsinghpur,JGS,1,"1_1_1_1_1_1_1_2_2_962,230",2017,2017-05-21,141,,0,-21.386715228515758,741892,-13.06370404645537,741892,-8.323011182060378,741892
Jagatsinghpur,JGS,1,"1_1_1_1_1_1_1_2_2_963,230",2017,2017-05-21,141,,0,-20.5020941992354,601275,-12.821268853285586,601275,-7.6808253459498035,601275
Jagatsinghpur,JGS,1,"1_1_1_1_1_1_1_2_2_964,230",2017,2017-05-21,141,,0,-18.705894342830657,125259,-12.750803380070758,125259,-5.955090962759915,125259
Jagatsinghpur,JGS,1,"1_1_1_1_1_1_1_2_2_965,230",2017,2017-05-21,141,,0,-19.821301218510037,10328,-13.364699709821302,10328,-6.45660150868875,10328
Jagatsinghpur,JGS,1,"1_1_1_1_1_1_1_2_2_957,231",2017,2017-05-21,141,,0,-20.296932008469067,524251,-13.283416265927524,524251,-7.013515742541552,524251
Jagatsinghpur,JGS,1,"1_1_1_1_1_1_1_2_2_958,231",2017,2017-05-21,141,,0,-19.66438970263042,649727,-12.406923197036,649727,-7.257466505594452,649727
Jagatsinghpur,JGS,1,"1_1_1_1_1_1_1_2_2_959,231",2017,2017-05-21,141,,0,-19.61439079664689,544379,-12.09061503245683,544379,-7.523775764190099,544379
Jagatsinghpur,JGS,1,"1_1_1_1_1_1_1_2_2_960,231",2017,2017-05-21,141,,0,-20.558547542268656,525591,-12.637525076470666,525591,-7.92102246579794,525591
Jagatsinghpur,JGS,1,"1_1_1_1_1_1_1_2_2_961,231",2017,2017-05-21,141,,0,-20.387172082295958,638601,-12.57853807935544,638601,-7.808634002940507,638601
Jagatsinghpur,JGS,1,"1_1_1_1_1_1_1_2_2_962,231",2017,2017-05-21,141,,0,-20.47854943446194,661478,-12.418969559321345,661478,-8.059579875140589,661478
Jagatsinghpur,JGS,1,"1_1_1_1_1_1_1_2_2_963,231",2017,2017-05-21,141,,0,-19.88400711388439,623890,-12.30218670122921,623890,-7.581820412655219,623890
Jagatsinghpur,JGS,1,"1_1_1_1_1_1_1_2_2_964,231",2017,2017-05-21,141,,0,-20.573869495549527,543323,-12.969297087703627,543323,-7.604572407845871,543323
Jagatsinghpur,JGS,1,"1_1_1_1_1_1_1_2_3_961,226",2017,2017-05-31,151,,0,-21.368737945042614,12383,-12.714249652193033,12383,-8.654488292849603,12383
Jagatsinghpur,JGS,1,"1_1_1_1_1_1_1_2_3_959,227",2017,2017-05-31,151,,0,-19.667654096038426,510204,-11.614832100758544,510204,-8.052821995279837,510204
Jagatsinghpur,JGS,1,"1_1_1_1_1_1_1_2_3_960,227",2017,2017-05-31,151,,0,-19.868813889164635,432279,-11.961358470250193,432279,-7.907455418914457,432279
Jagatsinghpur,JGS,1,"1_1_1_1_1_1_1_2_3_961,227",2017,2017-05-31,151,,0,-21.040005008594772,447583,-12.132255374379575,447583,-8.907749634215177,447583
Jagatsinghpur,JGS,1,"1_1_1_1_1_1_1_2_3_962,227",2017,2017-05-31,151,,0,-19.986086437303342,786,-11.53296015998311,786,-8.453126277320242,786
Jagatsinghpur,JGS,1,"1_1_1_1_1_1_1_2_3_958,228",2017,2017-05-31,151,,0,-19.489256454211244,657750,-11.55928514544123,657750,-7.929971308770039,657750
Jagatsinghpur,JGS,1,"1_1_1_1_1_1_1_2_3_959,228",2017,2017-05-31,151,,0,-19.69526103578598,653265,-11.572840556362607,653265,-8.12242047942335,653265
Jagatsinghpur,JGS,1,"1_1_1_1_1_1_1_2_3_960,228",2017,2017-05-31,151,,0,-19.243560234061658,693526,-11.429994730276432,693526,-7.813565503785241,693526
Jagatsinghpur,JGS,1,"1_1_1_1_1_1_1_2_3_961,228",2017,2017-05-31,151,,0,-21.699578897341183,728813,-12.757285619298141,728813,-8.942293278042989,728813
Jagatsinghpur,JGS,1,"1_1_1_1_1_1_1_2_3_962,228",2017,2017-05-31,151,,0,-22.127709348766086,246956,-13.195626565975454,246956,-8.93208278279061,246956
Jagatsinghpur,JGS,1,"1_1_1_1_1_1_1_2_3_958,229",2017,2017-05-31,151,,0,-19.770978728703113,604467,-11.836087840842564,604467,-7.934890887860584,604467
Jagatsinghpur,JGS,1,"1_1_1_1_1_1_1_2_3_959,229",2017,2017-05-31,151,,0,-19.93020680478346,604967,-11.829355595453082,604967,-8.100851209330397,604967
Jagatsinghpur,JGS,1,"1_1_1_1_1_1_1_2_3_960,229",2017,2017-05-31,151,,0,-19.083524419462854,733746,-11.34823429211879,733746,-7.735290127344044,733746
Jagatsinghpur,JGS,1,"1_1_1_1_1_1_1_2_3_961,229",2017,2017-05-31,151,,0,-20.781186086967406,778594,-12.59558653605752,778594,-8.185599550909904,778594
Jagatsinghpur,JGS,1,"1_1_1_1_1_1_1_2_3_962,229",2017,2017-05-31,151,,0,-22.285704800379264,513858,-13.574157999294416,513858,-8.711546801084875,513858
Jagatsinghpur,JGS,1,"1_1_1_1_1_1_1_2_3_963,229",2017,2017-05-31,151,,0,-21.899408919990897,55675,-13.586106132376583,55675,-8.313302787614257,55675
Jagatsinghpur,JGS,1,"1_1_1_1_1_1_1_2_3_964,229",2017,2017-05-31,151,,0,,0,,0,,0
Jagatsinghpur,JGS,1,"1_1_1_1_1_1_1_2_3_957,230",2017,2017-05-31,151,,0,-19.209839764302004,620511,-12.033502336695559,620511,-7.176337427606473,620511
Jagatsinghpur,JGS,1,"1_1_1_1_1_1_1_2_3_958,230",2017,2017-05-31,151,,0,-19.67049523035364,574078,-11.823136971088216,574078,-7.847358259265393,574078
Jagatsinghpur,JGS,1,"1_1_1_1_1_1_1_2_3_959,230",2017,2017-05-31,151,,0,-18.80313334862387,640106,-10.757055967569261,640106,-8.046077381054625,640106
Jagatsinghpur,JGS,1,"1_1_1_1_1_1_1_2_3_960,230",2017,2017-05-31,151,,0,-18.313718180514968,679387,-10.451618124222454,679387,-7.862100056292446,679387
Jagatsinghpur,JGS,1,"1_1_1_1_1_1_1_2_3_961,230",2017,2017-05-31,151,,0,-19.694243906235823,712352,-11.953248197782981,712352,-7.7409957084528855,712352
Jagatsinghpur,JGS,1,"1_1_1_1_1_1_1_2_3_962,230",2017,2017-05-31,151,,0,-21.55051368195631,741892,-13.03987890702358,741892,-8.510634774932784,741892
Jagatsinghpur,JGS,1,"1_1_1_1_1_1_1_2_3_963,230",2017,2017-05-31,151,,0,-20.6766401990346,601275,-12.789395178885739,601275,-7.8872450201488205,601275
Jagatsinghpur,JGS,1,"1_1_1_1_1_1_1_2_3_964,230",2017,2017-05-31,151,,0,-18.183594155791784,125259,-11.982139514421672,125259,-6.201454641370106,125259
Jagatsinghpur,JGS,1,"1_1_1_1_1_1_1_2_3_965,230",2017,2017-05-31,151,,0,-20.459458189898342,10328,-14.511160156546357,10328,-5.948298033351964,10328
Jagatsinghpur,JGS,1,"1_1_1_1_1_1_1_2_3_957,231",2017,2017-05-31,151,,0,-19.815017259187435,535010,-12.410306551702552,535010,-7.404710707484832,535010
Jagatsinghpur,JGS,1,"1_1_1_1_1_1_1_2_3_958,231",2017,2017-05-31,151,,0,-19.312373618562667,649727,-11.804825461540833,649727,-7.507548157021807,649727
Jagatsinghpur,JGS,1,"1_1_1_1_1_1_1_2_3_959,231",2017,2017-05-31,151,,0,-19.11090360600601,544379,-11.327191351075749,544379,-7.783712254930299,544379
Jagatsinghpur,JGS,1,"1_1_1_1_1_1_1_2_3_960,231",2017,2017-05-31,151,,0,-20.00131711609621,525591,-11.626830074609446,525591,-8.374487041486761,525591
Jagatsinghpur,JGS,1,"1_1_1_1_1_1_1_2_3_961,231",2017,2017-05-31,151,,0,-20.188657649563066,638601,-11.918593174450063,638601,-8.270064475112925,638601
Jagatsinghpur,JGS,1,"1_1_1_1_1_1_1_2_3_962,231",2017,2017-05-31,151,,0,-20.573178671229304,661478,-12.05539951717284,661478,-8.517779154056488,661478
Jagatsinghpur,JGS,1,"1_1_1_1_1_1_1_2_3_963,231",2017,2017-05-31,151,,0,-19.960884367969115,623890,-11.992730599881858,623890,-7.968153768087258,623890
Jagatsinghpur,JGS,1,"1_1_1_1_1_1_1_2_3_964,231",2017,2017-05-31,151,,0,-20.00907590670013,543323,-12.258356804432152,543323,-7.7507191022680315,543323
Jagatsinghpur,JGS,1,"1_1_1_1_1_1_1_2_4_961,226",2017,2017-06-10,161,,0,-20.004469772683635,12383,-11.419877758146548,12383,-8.584592014537069,12383
Jagatsinghpur,JGS,1,"1_1_1_1_1_1_1_2_4_959,227",2017,2017-06-10,161,,0,-18.539777188478233,510204,-11.266155513016791,510204,-7.273621675461467,510204
Jagatsinghpur,JGS,1,"1_1_1_1_1_1_1_2_4_960,227",2017,2017-06-10,161,,0,-18.365631589006643,432279,-11.06043129686091,432279,-7.305200292145714,432279
Jagatsinghpur,JGS,1,"1_1_1_1_1_1_1_2_4_961,227",2017,2017-06-10,161,,0,-19.884312901918726,447583,-11.502033289029447,447583,-8.38227961288926,447583
Jagatsinghpur,JGS,1,"1_1_1_1_1_1_1_2_4_962,227",2017,2017-06-10,161,,0,-20.08545487742657,786,-12.206882862584008,786,-7.878572014842565,786
Jagatsinghpur,JGS,1,"1_1_1_1_1_1_1_2_4_958,228",2017,2017-06-10,161,,0,-18.85269999369431,657750,-11.773119899471451,657750,-7.079580094222846,657750
Jagatsinghpur,JGS,1,"1_1_1_1_1_1_1_2_4_959,228",2017,2017-06-10,161,,0,-18.478245450646607,653265,-11.234494142334599,653265,-7.243751308312022,653265
Jagatsinghpur,JGS,1,"1_1_1_1_1_1_1_2_4_960,228",2017,2017-06-10,161,,0,-18.680713932031022,693526,-11.333359555919408,693526,-7.347354376111563,693526
Jagatsinghpur,JGS,1,"1_1_1_1_1_1_1_2_4_961,228",2017,2017-06-10,161,,0,-20.406268363146047,728813,-11.923260864937134,728813,-8.483007498208899,728813
Jagatsinghpur,JGS,1,"1_1_1_1_1_1_1_2_4_962,228",2017,2017-06-10,161,,0,-20.412100285241344,246956,-11.999632589898743,246956,-8.41246769534258,246956
Jagatsinghpur,JGS,1,"1_1_1_1_1_1_1_2_4_958,229",2017,2017-06-10,161,,0,-19.539715759194138,604467,-12.15011501270201,604467,-7.389600746492131,604467
Jagatsinghpur,JGS,1,"1_1_1_1_1_1_1_2_4_959,229",2017,2017-06-10,161,,0,-19.399909911316595,604967,-11.901800875098388,604967,-7.498109036218139,604967
Jagatsinghpur,JGS,1,"1_1_1_1_1_1_1_2_4_960,229",2017,2017-06-10,161,,0,-18.41890616790787,733746,-11.354422597637527,733746,-7.064483570270377,733746
Jagatsinghpur,JGS,1,"1_1_1_1_1_1_1_2_4_961,229",2017,2017-06-10,161,,0,-19.902050665184696,778594,-12.039123319943576,778594,-7.8629273452411175,778594
Jagatsinghpur,JGS,1,"1_1_1_1_1_1_1_2_4_962,229",2017,2017-06-10,161,,0,-20.971192518799153,513858,-12.626413451688144,513858,-8.344779067111041,513858
Jagatsinghpur,JGS,1,"1_1_1_1_1_1_1_2_4_963,229",2017,2017-06-10,161,,0,-20.85139969456094,55675,-12.653412390400433,55675,-8.197987304160637,55675
Jagatsinghpur,JGS,1,"1_1_1_1_1_1_1_2_4_964,229",2017,2017-06-10,161,,0,,0,,0,,0
Jagatsinghpur,JGS,1,"1_1_1_1_1_1_1_2_4_957,230",2017,2017-06-10,161,,0,-18.213115020981647,620511,-11.90392731423197,620511,-6.309187706749685,620511
Jagatsinghpur,JGS,1,"1_1_1_1_1_1_1_2_4_958,230",2017,2017-06-10,161,,0,-19.1277972741668,574078,-12.178175254284517,574078,-6.949622019882296,574078
Jagatsinghpur,JGS,1,"1_1_1_1_1_1_1_2_4_959,230",2017,2017-06-10,161,,0,-19.41310350940461,640106,-11.864372430175608,640106,-7.548731079228979,640106
Jagatsinghpur,JGS,1,"1_1_1_1_1_1_1_2_4_960,230",2017,2017-06-10,161,,0,-18.328333371138243,679387,-11.214492618066332,679387,-7.113840753071931,679387
Jagatsinghpur,JGS,1,"1_1_1_1_1_1_1_2_4_961,230",2017,2017-06-10,161,,0,-18.591514074038923,712352,-11.571181012927566,712352,-7.020333061111405,712352
Jagatsinghpur,JGS,1,"1_1_1_1_1_1_1_2_4_962,230",2017,2017-06-10,161,,0,-20.436246529780306,741892,-12.300959861943213,741892,-8.135286667837088,741892
Jagatsinghpur,JGS,1,"1_1_1_1_1_1_1_2_4_963,230",2017,2017-06-10,161,,0,-19.772555772440228,601275,-12.096100169571839,601275,-7.676455602868362,601275
Jagatsinghpur,JGS,1,"1_1_1_1_1_1_1_2_4_964,230",2017,2017-06-10,161,,0,-17.68437305502338,125259,-11.714373727265635,125259,-5.969999327757716,125259
Jagatsinghpur,JGS,1,"1_1_1_1_1_1_1_2_4_965,230",2017,2017-06-10,161,,0,-20.31574703812532,10328,-13.460908418210401,10328,-6.8548386199148945,10328
Jagatsinghpur,JGS,1,"1_1_1_1_1_1_1_2_4_957,231",2017,2017-06-10,161,,0,-19.279985701332453,526082,-12.632836844071383,526082,-6.647148857260996,526082
Jagatsinghpur,JGS,1,"1_1_1_1_1_1_1_2_4_958,231",2017,2017-06-10,161,,0,-19.243891058716304,649727,-12.099562255966436,649727,-7.144328802749872,649727
Jagatsinghpur,JGS,1,"1_1_1_1_1_1_1_2_4_959,231",2017,2017-06-10,161,,0,-18.514449231792103,544379,-11.550988927050314,544379,-6.9634603047418056,544379
Jagatsinghpur,JGS,1,"1_1_1_1_1_1_1_2_4_960,231",2017,2017-06-10,161,,0,-19.24816193462232,525591,-11.647279215645424,525591,-7.6008827189768775,525591
Jagatsinghpur,JGS,1,"1_1_1_1_1_1_1_2_4_961,231",2017,2017-06-10,161,,0,-19.525618101187444,638601,-11.82019631108719,638601,-7.705421790100343,638601
Jagatsinghpur,JGS,1,"1_1_1_1_1_1_1_2_4_962,231",2017,2017-06-10,161,,0,-19.92292342688181,661478,-11.616058767868227,661478,-8.306864659013591,661478
Jagatsinghpur,JGS,1,"1_1_1_1_1_1_1_2_4_963,231",2017,2017-06-10,161,,0,-19.10636697420817,623890,-11.450391397559738,623890,-7.655975576648419,623890
Jagatsinghpur,JGS,1,"1_1_1_1_1_1_1_2_4_964,231",2017,2017-06-10,161,,0,-19.189977369024565,543323,-11.790698003239699,543323,-7.399279365784854,543323
Jagatsinghpur,JGS,1,"1_1_1_1_1_1_1_2_5_961,226",2017,2017-06-20,171,,0,,0,,0,,0
Jagatsinghpur,JGS,1,"1_1_1_1_1_1_1_2_5_959,227",2017,2017-06-20,171,,0,-14.607975735068722,510204,-7.266760818012083,510204,-7.34121491705662,510204
Jagatsinghpur,JGS,1,"1_1_1_1_1_1_1_2_5_960,227",2017,2017-06-20,171,,0,-14.585119212112089,299114,-7.27315554641668,299114,-7.311963665695312,299114
Jagatsinghpur,JGS,1,"1_1_1_1_1_1_1_2_5_961,227",2017,2017-06-20,171,,0,,0,,0,,0
Jagatsinghpur,JGS,1,"1_1_1_1_1_1_1_2_5_962,227",2017,2017-06-20,171,,0,,0,,0,,0
Jagatsinghpur,JGS,1,"1_1_1_1_1_1_1_2_5_958,228",2017,2017-06-20,171,,0,-15.345571325321554,657750,-7.796796336026787,657750,-7.548774989294743,657750
Jagatsinghpur,JGS,1,"1_1_1_1_1_1_1_2_5_959,228",2017,2017-06-20,171,,0,-15.11135281994462,653265,-7.6566975881789245,653265,-7.4546552317656944,653265
Jagatsinghpur,JGS,1,"1_1_1_1_1_1_1_2_5_960,228",2017,2017-06-20,171,,0,-14.240416705204817,562851,-7.1390928713860475,562851,-7.101323833818806,562851
Jagatsinghpur,JGS,1,"1_1_1_1_1_1_1_2_5_961,228",2017,2017-06-20,171,,0,,0,,0,,0
Jagatsinghpur,JGS,1,"1_1_1_1_1_1_1_2_5_962,228",2017,2017-06-20,171,,0,,0,,0,,0
Jagatsinghpur,JGS,1,"1_1_1_1_1_1_1_2_5_958,229",2017,2017-06-20,171,,0,-15.917632208779914,604467,-7.931917078420531,604467,-7.985715130359345,604467
Jagatsinghpur,JGS,1,"1_1_1_1_1_1_1_2_5_959,229",2017,2017-06-20,171,,0,-15.277709627910145,604967,-7.556720073895198,604967,-7.720989554014958,604967
Jagatsinghpur,JGS,1,"1_1_1_1_1_1_1_2_5_960,229",2017,2017-06-20,171,,0,-13.927896504292248,718218,-6.83895568058212,718218,-7.088940823710119,718218
Jagatsinghpur,JGS,1,"1_1_1_1_1_1_1_2_5_961,229",2017,2017-06-20,171,,0,-15.362116213105796,24992,-7.642988812189761,24992,-7.71912740091598,24992
Jagatsinghpur,JGS,1,"1_1_1_1_1_1_1_2_5_962,229",2017,2017-06-20,171,,0,,0,,0,,0
Jagatsinghpur,JGS,1,"1_1_1_1_1_1_1_2_5_963,229",2017,2017-06-20,171,,0,,0,,0,,0
Jagatsinghpur,JGS,1,"1_1_1_1_1_1_1_2_5_964,229",2017,2017-06-20,171,,0,,0,,0,,0
Jagatsinghpur,JGS,1,"1_1_1_1_1_1_1_2_5_957,230",2017,2017-06-20,171,,0,-15.160837118550157,619512,-8.398595087523708,619512,-6.7622420310264335,619512
Jagatsinghpur,JGS,1,"1_1_1_1_1_1_1_2_5_958,230",2017,2017-06-20,171,,0,-15.24324109327386,573177,-7.920787230925696,573177,-7.32245386234819,573177
Jagatsinghpur,JGS,1,"1_1_1_1_1_1_1_2_5_959,230",2017,2017-06-20,171,,0,-14.424376185132342,639100,-6.596241827036364,639100,-7.828134358095969,639100
Jagatsinghpur,JGS,1,"1_1_1_1_1_1_1_2_5_960,230",2017,2017-06-20,171,,0,-14.060307696188593,679375,-6.604339196819181,679375,-7.455968499369413,679375
Jagatsinghpur,JGS,1,"1_1_1_1_1_1_1_2_5_961,230",2017,2017-06-20,171,,0,-14.727948161511778,143625,-7.639287441108961,143625,-7.088660720402798,143625
Jagatsinghpur,JGS,1,"1_1_1_1_1_1_1_2_5_962,230",2017,2017-06-20,171,,0,,0,,0,,0
Jagatsinghpur,JGS,1,"1_1_1_1_1_1_1_2_5_963,230",2017,2017-06-20,171,,0,,0,,0,,0
Jagatsinghpur,JGS,1,"1_1_1_1_1_1_1_2_5_964,230",2017,2017-06-20,171,,0,,0,,0,,0
Jagatsinghpur,JGS,1,"1_1_1_1_1_1_1_2_5_965,230",2017,2017-06-20,171,,0,,0,,0,,0
Jagatsinghpur,JGS,1,"1_1_1_1_1_1_1_2_5_957,231",2017,2017-06-20,171,,0,-15.641608200017153,535010,-8.55595457592611,535010,-7.085653624091052,535010
Jagatsinghpur,JGS,1,"1_1_1_1_1_1_1_2_5_958,231",2017,2017-06-20,171,,0,-15.173483598693187,649727,-7.87185935239542,649727,-7.301624246297791,649727
Jagatsinghpur,JGS,1,"1_1_1_1_1_1_1_2_5_959,231",2017,2017-06-20,171,,0,-14.581557620217117,544379,-7.211824420811358,544379,-7.369733199405763,544379
Jagatsinghpur,JGS,1,"1_1_1_1_1_1_1_2_5_960,231",2017,2017-06-20,171,,0,-14.948889538163803,525591,-7.000891350785377,525591,-7.947998187378448,525591
Jagatsinghpur,JGS,1,"1_1_1_1_1_1_1_2_5_961,231",2017,2017-06-20,171,,0,-15.247401675663292,261700,-6.789488066739319,261700,-8.457913608924041,261700
Jagatsinghpur,JGS,1,"1_1_1_1_1_1_1_2_5_962,231",2017,2017-06-20,171,,0,,0,,0,,0
Jagatsinghpur,JGS,1,"1_1_1_1_1_1_1_2_5_963,231",2017,2017-06-20,171,,0,,0,,0,,0
Jagatsinghpur,JGS,1,"1_1_1_1_1_1_1_2_5_964,231",2017,2017-06-20,171,,0,,0,,0,,0
Jagatsinghpur,JGS,1,"1_1_1_1_1_1_1_2_6_961,226",2017,2017-06-30,181,,0,-23.287924441975285,12383,-14.752379364871384,12383,-8.535545077103858,12383
Jagatsinghpur,JGS,1,"1_1_1_1_1_1_1_2_6_959,227",2017,2017-06-30,181,,0,-16.501292867777767,510204,-9.269521308058934,510204,-7.231771559718833,510204
Jagatsinghpur,JGS,1,"1_1_1_1_1_1_1_2_6_960,227",2017,2017-06-30,181,,0,-18.127763812184416,432279,-10.721010275303774,432279,-7.406753536880654,432279
Jagatsinghpur,JGS,1,"1_1_1_1_1_1_1_2_6_961,227",2017,2017-06-30,181,,0,-18.335254611026485,447583,-11.038392629867612,447583,-7.296861981158901,447583
Jagatsinghpur,JGS,1,"1_1_1_1_1_1_1_2_6_962,227",2017,2017-06-30,181,,0,-19.420259786893947,786,-11.682808501857032,786,-7.737451285036905,786
Jagatsinghpur,JGS,1,"1_1_1_1_1_1_1_2_6_958,228",2017,2017-06-30,181,,0,-15.37078048248868,657750,-8.512715438168232,657750,-6.858065044320465,657750
Jagatsinghpur,JGS,1,"1_1_1_1_1_1_1_2_6_959,228",2017,2017-06-30,181,,0,-15.641266603722729,653265,-8.574072667179452,653265,-7.067193936543281,653265
Jagatsinghpur,JGS,1,"1_1_1_1_1_1_1_2_6_960,228",2017,2017-06-30,181,,0,-15.6406473863807,693526,-8.913750412215968,693526,-6.726896974164727,693526
Jagatsinghpur,JGS,1,"1_1_1_1_1_1_1_2_6_961,228",2017,2017-06-30,181,,0,-16.559789240851025,728813,-9.88263245454395,728813,-6.6771567863070285,728813
Jagatsinghpur,JGS,1,"1_1_1_1_1_1_1_2_6_962,228",2017,2017-06-30,181,,0,-20.133490406357936,246956,-12.346720256576239,246956,-7.786770149781706,246956
Jagatsinghpur,JGS,1,"1_1_1_1_1_1_1_2_6_958,229",2017,2017-06-30,181,,0,-16.23290458229696,604467,-9.0782516510497,604467,-7.154652931247258,604467
Jagatsinghpur,JGS,1,"1_1_1_1_1_1_1_2_6_959,229",2017,2017-06-30,181,,0,-15.87026511824298,604967,-8.62277476295666,604967,-7.247490355286309,604967
Jagatsinghpur,JGS,1,"1_1_1_1_1_1_1_2_6_960,229",2017,2017-06-30,181,,0,-15.228713221283405,733746,-8.640408591939158,733746,-6.588304629344245,733746
Jagatsinghpur,JGS,1,"1_1_1_1_1_1_1_2_6_961,229",2017,2017-06-30,181,,0,-15.771647172831043,778594,-9.403015352086722,778594,-6.368631820744292,778594
Jagatsinghpur,JGS,1,"1_1_1_1_1_1_1_2_6_962,229",2017,2017-06-30,181,,0,-18.81088028093615,513858,-11.288182390670105,513858,-7.522697890266019,513858
Jagatsinghpur,JGS,1,"1_1_1_1_1_1_1_2_6_963,229",2017,2017-06-30,181,,0,-17.86653185192411,55675,-10.414254333068365,55675,-7.4522775188557375,55675
Jagatsinghpur,JGS,1,"1_1_1_1_1_1_1_2_6_964,229",2017,2017-06-30,181,,0,,0,,0,,0
Jagatsinghpur,JGS,1,"1_1_1_1_1_1_1_2_6_957,230",2017,2017-06-30,181,,0,-15.524337057107147,620511,-9.226402431202187,620511,-6.2979346259049835,620511
Jagatsinghpur,JGS,1,"1_1_1_1_1_1_1_2_6_958,230",2017,2017-06-30,181,,0,-15.730613909213973,574078,-9.015365538928119,574078,-6.715248370285827,574078
Jagatsinghpur,JGS,1,"1_1_1_1_1_1_1_2_6_959,230",2017,2017-06-30,181,,0,-16.25369927858131,640106,-9.104559943975467,640106,-7.14913933460584,640106
Jagatsinghpur,JGS,1,"1_1_1_1_1_1_1_2_6_960,230",2017,2017-06-30,181,,0,-15.738287936933844,679387,-8.837113414145,679387,-6.901174522788816,679387
Jagatsinghpur,JGS,1,"1_1_1_1_1_1_1_2_6_961,230",2017,2017-06-30,181,,0,-15.084054525587527,712352,-8.910154325428744,712352,-6.173900200158773,712352
Jagatsinghpur,JGS,1,"1_1_1_1_1_1_1_2_6_962,230",2017,2017-06-30,181,,0,-15.995671064927418,741892,-9.307666119727227,741892,-6.688004945200224,741892
Jagatsinghpur,JGS,1,"1_1_1_1_1_1_1_2_6_963,230",2017,2017-06-30,181,,0,-16.920343897852213,601275,-9.956586092518693,601275,-6.9637578053334686,601275
Jagatsinghpur,JGS,1,"1_1_1_1_1_1_1_2_6_964,230",2017,2017-06-30,181,,0,-17.443102714932262,125259,-10.901659599934739,125259,-6.541443114997531,125259
Jagatsinghpur,JGS,1,"1_1_1_1_1_1_1_2_6_965,230",2017,2017-06-30,181,,0,-20.77397789331212,10328,-13.604400348783292,10328,-7.16957754452881,10328
Jagatsinghpur,JGS,1,"1_1_1_1_1_1_1_2_6_957,231",2017,2017-06-30,181,,0,-16.310747880089643,535010,-9.66757813303876,535010,-6.643169747050901,535010
Jagatsinghpur,JGS,1,"1_1_1_1_1_1_1_2_6_958,231",2017,2017-06-30,181,,0,-16.083626401549246,649727,-9.08336507343258,649727,-7.000261328116666,649727
Jagatsinghpur,JGS,1,"1_1_1_1_1_1_1_2_6_959,231",2017,2017-06-30,181,,0,-15.75873938565903,544379,-9.071780191886672,544379,-6.686959193772352,544379
Jagatsinghpur,JGS,1,"1_1_1_1_1_1_1_2_6_960,231",2017,2017-06-30,181,,0,-16.01469205649025,525591,-8.798419768817235,525591,-7.216272287673027,525591
Jagatsinghpur,JGS,1,"1_1_1_1_1_1_1_2_6_961,231",2017,2017-06-30,181,,0,-15.749340667750083,638601,-8.728878112424555,638601,-7.020462555325515,638601
Jagatsinghpur,JGS,1,"1_1_1_1_1_1_1_2_6_962,231",2017,2017-06-30,181,,0,-15.9521927209407,661478,-8.814870124482262,661478,-7.137322596458471,661478
Jagatsinghpur,JGS,1,"1_1_1_1_1_1_1_2_6_963,231",2017,2017-06-30,181,,0,-15.872102983101323,623890,-9.2106613793992,623890,-6.661441603702115,623890
Jagatsinghpur,JGS,1,"1_1_1_1_1_1_1_2_6_964,231",2017,2017-06-30,181,,0,-17.538522794439885,543323,-10.65769490644888,543323,-6.8808278879910025,543323
Jagatsinghpur,JGS,1,"1_1_1_1_1_1_1_2_7_961,226",2017,2017-07-10,191,,0,,0,,0,,0
Jagatsinghpur,JGS,1,"1_1_1_1_1_1_1_2_7_959,227",2017,2017-07-10,191,,0,,0,,0,,0
Jagatsinghpur,JGS,1,"1_1_1_1_1_1_1_2_7_960,227",2017,2017-07-10,191,,0,,0,,0,,0
Jagatsinghpur,JGS,1,"1_1_1_1_1_1_1_2_7_961,227",2017,2017-07-10,191,,0,,0,,0,,0
Jagatsinghpur,JGS,1,"1_1_1_1_1_1_1_2_7_962,227",2017,2017-07-10,191,,0,,0,,0,,0
Jagatsinghpur,JGS,1,"1_1_1_1_1_1_1_2_7_958,228",2017,2017-07-10,191,,0,,0,,0,,0
Jagatsinghpur,JGS,1,"1_1_1_1_1_1_1_2_7_959,228",2017,2017-07-10,191,,0,,0,,0,,0
Jagatsinghpur,JGS,1,"1_1_1_1_1_1_1_2_7_960,228",2017,2017-07-10,191,,0,,0,,0,,0
Jagatsinghpur,JGS,1,"1_1_1_1_1_1_1_2_7_961,228",2017,2017-07-10,191,,0,,0,,0,,0
Jagatsinghpur,JGS,1,"1_1_1_1_1_1_1_2_7_962,228",2017,2017-07-10,191,,0,,0,,0,,0
Jagatsinghpur,JGS,1,"1_1_1_1_1_1_1_2_7_958,229",2017,2017-07-10,191,,0,,0,,0,,0
Jagatsinghpur,JGS,1,"1_1_1_1_1_1_1_2_7_959,229",2017,2017-07-10,191,,0,,0,,0,,0
Jagatsinghpur,JGS,1,"1_1_1_1_1_1_1_2_7_960,229",2017,2017-07-10,191,,0,,0,,0,,0
Jagatsinghpur,JGS,1,"1_1_1_1_1_1_1_2_7_961,229",2017,2017-07-10,191,,0,,0,,0,,0
Jagatsinghpur,JGS,1,"1_1_1_1_1_1_1_2_7_962,229",2017,2017-07-10,191,,0,,0,,0,,0
Jagatsinghpur,JGS,1,"1_1_1_1_1_1_1_2_7_963,229",2017,2017-07-10,191,,0,,0,,0,,0
Jagatsinghpur,JGS,1,"1_1_1_1_1_1_1_2_7_964,229",2017,2017-07-10,191,,0,,0,,0,,0
Jagatsinghpur,JGS,1,"1_1_1_1_1_1_1_2_7_957,230",2017,2017-07-10,191,,0,,0,,0,,0
Jagatsinghpur,JGS,1,"1_1_1_1_1_1_1_2_7_958,230",2017,2017-07-10,191,,0,,0,,0,,0
Jagatsinghpur,JGS,1,"1_1_1_1_1_1_1_2_7_959,230",2017,2017-07-10,191,,0,,0,,0,,0
Jagatsinghpur,JGS,1,"1_1_1_1_1_1_1_2_7_960,230",2017,2017-07-10,191,,0,,0,,0,,0
Jagatsinghpur,JGS,1,"1_1_1_1_1_1_1_2_7_961,230",2017,2017-07-10,191,,0,,0,,0,,0
Jagatsinghpur,JGS,1,"1_1_1_1_1_1_1_2_7_962,230",2017,2017-07-10,191,,0,,0,,0,,0
Jagatsinghpur,JGS,1,"1_1_1_1_1_1_1_2_7_963,230",2017,2017-07-10,191,,0,,0,,0,,0
Jagatsinghpur,JGS,1,"1_1_1_1_1_1_1_2_7_964,230",2017,2017-07-10,191,,0,,0,,0,,0
Jagatsinghpur,JGS,1,"1_1_1_1_1_1_1_2_7_965,230",2017,2017-07-10,191,,0,,0,,0,,0
Jagatsinghpur,JGS,1,"1_1_1_1_1_1_1_2_7_957,231",2017,2017-07-10,191,,0,,0,,0,,0
Jagatsinghpur,JGS,1,"1_1_1_1_1_1_1_2_7_958,231",2017,2017-07-10,191,,0,,0,,0,,0
Jagatsinghpur,JGS,1,"1_1_1_1_1_1_1_2_7_959,231",2017,2017-07-10,191,,0,,0,,0,,0
Jagatsinghpur,JGS,1,"1_1_1_1_1_1_1_2_7_960,231",2017,2017-07-10,191,,0,,0,,0,,0
Jagatsinghpur,JGS,1,"1_1_1_1_1_1_1_2_7_961,231",2017,2017-07-10,191,,0,,0,,0,,0
Jagatsinghpur,JGS,1,"1_1_1_1_1_1_1_2_7_962,231",2017,2017-07-10,191,,0,,0,,0,,0
Jagatsinghpur,JGS,1,"1_1_1_1_1_1_1_2_7_963,231",2017,2017-07-10,191,,0,,0,,0,,0
Jagatsinghpur,JGS,1,"1_1_1_1_1_1_1_2_7_964,231",2017,2017-07-10,191,,0,,0,,0,,0
Jagatsinghpur,JGS,1,"1_1_1_1_1_1_1_2_8_961,226",2017,2017-07-20,201,,0,-18.6572911822201,12383,-10.418358697575277,12383,-8.238932484644872,12383
Jagatsinghpur,JGS,1,"1_1_1_1_1_1_1_2_8_959,227",2017,2017-07-20,201,,0,-18.578885603634983,510204,-11.054917445133759,510204,-7.5239681585012415,510204
Jagatsinghpur,JGS,1,"1_1_1_1_1_1_1_2_8_960,227",2017,2017-07-20,201,,0,-19.671167775590288,432279,-12.064527886847301,432279,-7.606639888743024,432279
Jagatsinghpur,JGS,1,"1_1_1_1_1_1_1_2_8_961,227",2017,2017-07-20,201,,0,-22.44343344083929,447583,-13.222298061454147,447583,-9.2211353793851,447583
Jagatsinghpur,JGS,1,"1_1_1_1_1_1_1_2_8_962,227",2017,2017-07-20,201,,0,-20.89372587988817,786,-13.769975983913014,786,-7.123749895975162,786
Jagatsinghpur,JGS,1,"1_1_1_1_1_1_1_2_8_958,228",2017,2017-07-20,201,,0,-17.616708388799843,657750,-10.581522166640147,657750,-7.0351862221597194,657750
Jagatsinghpur,JGS,1,"1_1_1_1_1_1_1_2_8_959,228",2017,2017-07-20,201,,0,-18.963538366632967,653265,-11.041678575921322,653265,-7.921859790711622,653265
Jagatsinghpur,JGS,1,"1_1_1_1_1_1_1_2_8_960,228",2017,2017-07-20,201,,0,-19.27935130834157,693526,-11.628118841888144,693526,-7.6512324664533855,693526
Jagatsinghpur,JGS,1,"1_1_1_1_1_1_1_2_8_961,228",2017,2017-07-20,201,,0,-20.745677374064382,728813,-12.391246393302836,728813,-8.354430980761549,728813
Jagatsinghpur,JGS,1,"1_1_1_1_1_1_1_2_8_962,228",2017,2017-07-20,201,,0,-22.913002689638024,246956,-13.425740340749483,246956,-9.487262348888512,246956
Jagatsinghpur,JGS,1,"1_1_1_1_1_1_1_2_8_958,229",2017,2017-07-20,201,,0,-17.654187035579778,604467,-10.24795873197271,604467,-7.406228303606982,604467
Jagatsinghpur,JGS,1,"1_1_1_1_1_1_1_2_8_959,229",2017,2017-07-20,201,,0,-18.704427787728807,604967,-11.053401394754731,604967,-7.651026392973991,604967
Jagatsinghpur,JGS,1,"1_1_1_1_1_1_1_2_8_960,229",2017,2017-07-20,201,,0,-19.810613711437192,733746,-11.566995553252955,733746,-8.24361815818425,733746
Jagatsinghpur,JGS,1,"1_1_1_1_1_1_1_2_8_961,229",2017,2017-07-20,201,,0,-19.275299680869637,778594,-10.674166455172982,778594,-8.601133225696705,778594
Jagatsinghpur,JGS,1,"1_1_1_1_1_1_1_2_8_962,229",2017,2017-07-20,201,,0,-21.14707887216839,513858,-12.502451489610344,513858,-8.644627382558077,513858
Jagatsinghpur,JGS,1,"1_1_1_1_1_1_1_2_8_963,229",2017,2017-07-20,201,,0,-20.318307849262453,55675,-11.4531445573263,55675,-8.865163291936113,55675
Jagatsinghpur,JGS,1,"1_1_1_1_1_1_1_2_8_964,229",2017,2017-07-20,201,,0,,0,,0,,0
Jagatsinghpur,JGS,1,"1_1_1_1_1_1_1_2_8_957,230",2017,2017-07-20,201,,0,-18.12645801740791,620511,-11.445668569698425,620511,-6.680789447709492,620511
Jagatsinghpur,JGS,1,"1_1_1_1_1_1_1_2_8_958,230",2017,2017-07-20,201,,0,-17.87364460756577,574078,-10.883178489360715,574078,-6.990466118205062,574078
Jagatsinghpur,JGS,1,"1_1_1_1_1_1_1_2_8_959,230",2017,2017-07-20,201,,0,-19.679899595584807,640106,-11.879350313493337,640106,-7.80054928209147,640106
Jagatsinghpur,JGS,1,"1_1_1_1_1_1_1_2_8_960,230",2017,2017-07-20,201,,0,-19.75023045349943,679387,-12.011181128559365,679387,-7.739049324940053,679387
Jagatsinghpur,JGS,1,"1_1_1_1_1_1_1_2_8_961,230",2017,2017-07-20,201,,0,-18.207265007393424,712352,-11.023312543573907,712352,-7.183952463819529,712352
Jagatsinghpur,JGS,1,"1_1_1_1_1_1_1_2_8_962,230",2017,2017-07-20,201,,0,-17.2206146702563,741892,-10.0358176514425,741892,-7.184797018813772,741892
Jagatsinghpur,JGS,1,"1_1_1_1_1_1_1_2_8_963,230",2017,2017-07-20,201,,0,-18.97880930012847,601275,-11.101060534838687,601275,-7.8777487652898035,601275
Jagatsinghpur,JGS,1,"1_1_1_1_1_1_1_2_8_964,230",2017,2017-07-20,201,,0,-17.84813408570299,125259,-10.432485325459213,125259,-7.4156487602437595,125259
Jagatsinghpur,JGS,1,"1_1_1_1_1_1_1_2_8_965,230",2017,2017-07-20,201,,0,-20.321887082234102,10328,-12.783544210719816,10328,-7.538342871514303,10328
Jagatsinghpur,JGS,1,"1_1_1_1_1_1_1_2_8_957,231",2017,2017-07-20,201,,0,-18.53859631826434,525200,-11.584957458276389,525200,-6.953638859987947,525200
Jagatsinghpur,JGS,1,"1_1_1_1_1_1_1_2_8_958,231",2017,2017-07-20,201,,0,-18.059681980103722,649727,-11.153793892085229,649727,-6.905888088018527,649727
Jagatsinghpur,JGS,1,"1_1_1_1_1_1_1_2_8_959,231",2017,2017-07-20,201,,0,-17.231179316209843,544379,-10.515871363263946,544379,-6.715307952945881,544379
Jagatsinghpur,JGS,1,"1_1_1_1_1_1_1_2_8_960,231",2017,2017-07-20,201,,0,-17.75811559163818,525591,-10.626656157813791,525591,-7.13145943382442,525591
Jagatsinghpur,JGS,1,"1_1_1_1_1_1_1_2_8_961,231",2017,2017-07-20,201,,0,-15.756273053533604,638601,-9.792906706002043,638601,-5.9633663475314975,638601
Jagatsinghpur,JGS,1,"1_1_1_1_1_1_1_2_8_962,231",2017,2017-07-20,201,,0,-15.529594651519007,661478,-9.543768629057613,661478,-5.985826022461376,661478
Jagatsinghpur,JGS,1,"1_1_1_1_1_1_1_2_8_963,231",2017,2017-07-20,201,,0,-17.2773403130194,623890,-10.075531016028677,623890,-7.201809296990736,623890
Jagatsinghpur,JGS,1,"1_1_1_1_1_1_1_2_8_964,231",2017,2017-07-20,201,,0,-20.127682556852285,543323,-12.1939581691008,543323,-7.933724387751326,543323
Jagatsinghpur,JGS,1,"1_1_1_1_1_1_1_2_9_961,226",2017,2017-07-30,211,,0,-18.164378347543774,12383,-9.210949889823107,12383,-8.953428457720698,12383
Jagatsinghpur,JGS,1,"1_1_1_1_1_1_1_2_9_959,227",2017,2017-07-30,211,,0,-19.085082635430684,510204,-11.682304220644726,510204,-7.402778414785965,510204
Jagatsinghpur,JGS,1,"1_1_1_1_1_1_1_2_9_960,227",2017,2017-07-30,211,,0,-19.708920582182326,432279,-12.40176565019438,432279,-7.307154931987977,432279
Jagatsinghpur,JGS,1,"1_1_1_1_1_1_1_2_9_961,227",2017,2017-07-30,211,,0,-22.10601999066759,447583,-12.53558181946559,447583,-9.570438171202012,447583
Jagatsinghpur,JGS,1,"1_1_1_1_1_1_1_2_9_962,227",2017,2017-07-30,211,,0,-20.122146703592104,786,-12.712345422135709,786,-7.409801281456388,786
Jagatsinghpur,JGS,1,"1_1_1_1_1_1_1_2_9_958,228",2017,2017-07-30,211,,0,-17.566869014094685,657750,-10.300938074757775,657750,-7.265930939336914,657750
Jagatsinghpur,JGS,1,"1_1_1_1_1_1_1_2_9_959,228",2017,2017-07-30,211,,0,-19.491294945009304,653265,-12.161636066601162,653265,-7.329658878408108,653265
Jagatsinghpur,JGS,1,"1_1_1_1_1_1_1_2_9_960,228",2017,2017-07-30,211,,0,-20.822454057165814,693526,-13.766076360858571,693526,-7.05637769630713,693526
Jagatsinghpur,JGS,1,"1_1_1_1_1_1_1_2_9_961,228",2017,2017-07-30,211,,0,-22.529562553640247,728813,-13.963091808233662,728813,-8.566470745406665,728813
Jagatsinghpur,JGS,1,"1_1_1_1_1_1_1_2_9_962,228",2017,2017-07-30,211,,0,-22.443284428394374,246956,-12.868447096090613,246956,-9.574837332303753,246956
Jagatsinghpur,JGS,1,"1_1_1_1_1_1_1_2_9_958,229",2017,2017-07-30,211,,0,-17.818220348043507,604467,-10.472452538652478,604467,-7.345767809391044,604467
Jagatsinghpur,JGS,1,"1_1_1_1_1_1_1_2_9_959,229",2017,2017-07-30,211,,0,-20.221165055343086,604967,-12.876040911021832,604967,-7.345124144321281,604967
Jagatsinghpur,JGS,1,"1_1_1_1_1_1_1_2_9_960,229",2017,2017-07-30,211,,0,-21.16398829464127,733746,-14.01316605801494,733746,-7.150822236626343,733746
Jagatsinghpur,JGS,1,"1_1_1_1_1_1_1_2_9_961,229",2017,2017-07-30,211,,0,-21.367780332709383,778594,-12.654789886917222,778594,-8.712990445792114,778594
Jagatsinghpur,JGS,1,"1_1_1_1_1_1_1_2_9_962,229",2017,2017-07-30,211,,0,-21.599952262256632,513858,-12.549645734338394,513858,-9.05030652791822,513858
Jagatsinghpur,JGS,1,"1_1_1_1_1_1_1_2_9_963,229",2017,2017-07-30,211,,0,-21.151271426823346,55675,-11.157635554136144,55675,-9.993635872687276,55675
Jagatsinghpur,JGS,1,"1_1_1_1_1_1_1_2_9_964,229",2017,2017-07-30,211,,0,,0,,0,,0
Jagatsinghpur,JGS,1,"1_1_1_1_1_1_1_2_9_957,230",2017,2017-07-30,211,,0,-18.29614168508542,620511,-11.366667180127049,620511,-6.929474504958347,620511
Jagatsinghpur,JGS,1,"1_1_1_1_1_1_1_2_9_958,230",2017,2017-07-30,211,,0,-18.623428939378194,574078,-11.623659395155595,574078,-6.999769544222589,574078
Jagatsinghpur,JGS,1,"1_1_1_1_1_1_1_2_9_959,230",2017,2017-07-30,211,,0,-20.458885657203293,640106,-13.169000131008653,640106,-7.289885526194701,640106
Jagatsinghpur,JGS,1,"1_1_1_1_1_1_1_2_9_960,230",2017,2017-07-30,211,,0,-20.445046251803877,679387,-13.038881855505887,679387,-7.406164396298063,679387
Jagatsinghpur,JGS,1,"1_1_1_1_1_1_1_2_9_961,230",2017,2017-07-30,211,,0,-20.949448810679467,712352,-13.384880734533487,712352,-7.564568076146007,712352
Jagatsinghpur,JGS,1,"1_1_1_1_1_1_1_2_9_962,230",2017,2017-07-30,211,,0,-20.121878842733953,741892,-11.689711902339559,741892,-8.432166940394403,741892
Jagatsinghpur,JGS,1,"1_1_1_1_1_1_1_2_9_963,230",2017,2017-07-30,211,,0,-21.49267483965553,601275,-12.616505130166274,601275,-8.876169709489277,601275
Jagatsinghpur,JGS,1,"1_1_1_1_1_1_1_2_9_964,230",2017,2017-07-30,211,,0,-18.991180678629842,125259,-10.864007718585926,125259,-8.12717296004388,125259
Jagatsinghpur,JGS,1,"1_1_1_1_1_1_1_2_9_965,230",2017,2017-07-30,211,,0,-20.180846542642094,10328,-12.767760913797266,10328,-7.413085628844853,10328
Jagatsinghpur,JGS,1,"1_1_1_1_1_1_1_2_9_957,231",2017,2017-07-30,211,,0,-18.45830596467392,535010,-11.425558568229201,535010,-7.032747396444701,535010
Jagatsinghpur,JGS,1,"1_1_1_1_1_1_1_2_9_958,231",2017,2017-07-30,211,,0,-18.747321535927984,649727,-11.7615163018879,649727,-6.985805234040049,649727
Jagatsinghpur,JGS,1,"1_1_1_1_1_1_1_2_9_959,231",2017,2017-07-30,211,,0,-17.890054752102586,544379,-10.970618538804445,544379,-6.9194362132981855,544379
Jagatsinghpur,JGS,1,"1_1_1_1_1_1_1_2_9_960,231",2017,2017-07-30,211,,0,-18.028976987598888,525591,-10.63183980070073,525591,-7.397137186898122,525591
Jagatsinghpur,JGS,1,"1_1_1_1_1_1_1_2_9_961,231",2017,2017-07-30,211,,0,-17.18157942369162,638601,-10.148501074801851,638601,-7.033078348889753,638601
Jagatsinghpur,JGS,1,"1_1_1_1_1_1_1_2_9_962,231",2017,2017-07-30,211,,0,-17.92605047374313,661478,-10.550054821399458,661478,-7.375995652343696,661478
Jagatsinghpur,JGS,1,"1_1_1_1_1_1_1_2_9_963,231",2017,2017-07-30,211,,0,-21.433687898620278,623890,-13.398484296180733,623890,-8.035203602439502,623890
Jagatsinghpur,JGS,1,"1_1_1_1_1_1_1_2_9_964,231",2017,2017-07-30,211,,0,-22.70908336508749,543323,-14.572053214592685,543323,-8.137030150494743,543323
Jagatsinghpur,JGS,1,"1_1_1_1_1_1_1_2_10_961,226",2017,2017-08-09,221,,0,-18.533424730707484,12383,-9.1011606538933,12383,-9.432264076814308,12383
Jagatsinghpur,JGS,1,"1_1_1_1_1_1_1_2_10_959,227",2017,2017-08-09,221,,0,-19.904582262400133,510204,-12.055575920810604,510204,-7.849006341589524,510204
Jagatsinghpur,JGS,1,"1_1_1_1_1_1_1_2_10_960,227",2017,2017-08-09,221,,0,-19.92723081664972,432279,-12.048977436957903,432279,-7.8782533796918175,432279
Jagatsinghpur,JGS,1,"1_1_1_1_1_1_1_2_10_961,227",2017,2017-08-09,221,,0,-21.19603318135869,447583,-11.744859344592298,447583,-9.451173836766378,447583
Jagatsinghpur,JGS,1,"1_1_1_1_1_1_1_2_10_962,227",2017,2017-08-09,221,,0,-20.70576100112281,786,-13.496814958846677,786,-7.208946042276129,786
Jagatsinghpur,JGS,1,"1_1_1_1_1_1_1_2_10_958,228",2017,2017-08-09,221,,0,-18.723989848803793,657750,-11.441219845672537,657750,-7.282770003131213,657750
Jagatsinghpur,JGS,1,"1_1_1_1_1_1_1_2_10_959,228",2017,2017-08-09,221,,0,-19.654993043133903,653265,-12.043750039523411,653265,-7.611243003610522,653265
Jagatsinghpur,JGS,1,"1_1_1_1_1_1_1_2_10_960,228",2017,2017-08-09,221,,0,-20.87220374980518,693526,-13.268560105071872,693526,-7.603643644733278,693526
Jagatsinghpur,JGS,1,"1_1_1_1_1_1_1_2_10_961,228",2017,2017-08-09,221,,0,-22.24277797065328,728813,-13.089188512880064,728813,-9.153589457773295,728813
Jagatsinghpur,JGS,1,"1_1_1_1_1_1_1_2_10_962,228",2017,2017-08-09,221,,0,-21.76403504476796,246956,-12.436470678624412,246956,-9.327564366143381,246956
Jagatsinghpur,JGS,1,"1_1_1_1_1_1_1_2_10_958,229",2017,2017-08-09,221,,0,-18.66892571297023,604467,-11.421658803249755,604467,-7.247266909720496,604467
Jagatsinghpur,JGS,1,"1_1_1_1_1_1_1_2_10_959,229",2017,2017-08-09,221,,0,-20.408396053511645,604967,-12.586848450860886,604967,-7.821547602650777,604967
Jagatsinghpur,JGS,1,"1_1_1_1_1_1_1_2_10_960,229",2017,2017-08-09,221,,0,-20.657743492753294,733746,-13.148304721786673,733746,-7.5094387709666295,733746
Jagatsinghpur,JGS,1,"1_1_1_1_1_1_1_2_10_961,229",2017,2017-08-09,221,,0,-20.14559232324644,778594,-11.685977843764057,778594,-8.459614479482386,778594
Jagatsinghpur,JGS,1,"1_1_1_1_1_1_1_2_10_962,229",2017,2017-08-09,221,,0,-21.053440731498622,513858,-11.974379841001218,513858,-9.079060890497376,513858
Jagatsinghpur,JGS,1,"1_1_1_1_1_1_1_2_10_963,229",2017,2017-08-09,221,,0,-20.647416539448088,55675,-10.67459217393217,55675,-9.972824365515889,55675
Jagatsinghpur,JGS,1,"1_1_1_1_1_1_1_2_10_964,229",2017,2017-08-09,221,,0,,0,,0,,0
Jagatsinghpur,JGS,1,"1_1_1_1_1_1_1_2_10_957,230",2017,2017-08-09,221,,0,-18.928756808616065,620511,-11.76194969887105,620511,-7.166807109745025,620511
Jagatsinghpur,JGS,1,"1_1_1_1_1_1_1_2_10_958,230",2017,2017-08-09,221,,0,-19.8385326710756,574078,-12.48274986303906,574078,-7.3557828080365635,574078
Jagatsinghpur,JGS,1,"1_1_1_1_1_1_1_2_10_959,230",2017,2017-08-09,221,,0,-21.09557417306626,640106,-13.339480630876464,640106,-7.756093542189771,640106
Jagatsinghpur,JGS,1,"1_1_1_1_1_1_1_2_10_960,230",2017,2017-08-09,221,,0,-20.767702238291292,679387,-12.995685343700202,679387,-7.772016894591073,679387
Jagatsinghpur,JGS,1,"1_1_1_1_1_1_1_2_10_961,230",2017,2017-08-09,221,,0,-20.491519187775854,712352,-12.597374551988173,712352,-7.894144635787686,712352
Jagatsinghpur,JGS,1,"1_1_1_1_1_1_1_2_10_962,230",2017,2017-08-09,221,,0,-20.297611181290886,741892,-11.792389213242634,741892,-8.505221968048264,741892
Jagatsinghpur,JGS,1,"1_1_1_1_1_1_1_2_10_963,230",2017,2017-08-09,221,,0,-21.893897630744824,601275,-12.43176607557439,601275,-9.4621315551704,601275
Jagatsinghpur,JGS,1,"1_1_1_1_1_1_1_2_10_964,230",2017,2017-08-09,221,,0,-18.275501183786304,125259,-10.244237580341157,125259,-8.031263603445087,125259
Jagatsinghpur,JGS,1,"1_1_1_1_1_1_1_2_10_965,230",2017,2017-08-09,221,,0,-18.788871377005563,10328,-12.510670493214953,10328,-6.278200883790621,10328
Jagatsinghpur,JGS,1,"1_1_1_1_1_1_1_2_10_957,231",2017,2017-08-09,221,,0,-19.37239997178295,535010,-12.249602033255934,535010,-7.122797938527015,535010
Jagatsinghpur,JGS,1,"1_1_1_1_1_1_1_2_10_958,231",2017,2017-08-09,221,,0,-19.58075959774847,649727,-12.12096453491343,649727,-7.459795062835007,649727
Jagatsinghpur,JGS,1,"1_1_1_1_1_1_1_2_10_959,231",2017,2017-08-09,221,,0,-19.104420354505443,544379,-11.737459001674214,544379,-7.3669613528312405,544379
Jagatsinghpur,JGS,1,"1_1_1_1_1_1_1_2_10_960,231",2017,2017-08-09,221,,0,-18.65847986640187,525591,-11.074031684862812,525591,-7.584448181539098,525591
Jagatsinghpur,JGS,1,"1_1_1_1_1_1_1_2_10_961,231",2017,2017-08-09,221,,0,-18.28708113485342,638601,-11.202075114296788,638601,-7.0850060205566106,638601
Jagatsinghpur,JGS,1,"1_1_1_1_1_1_1_2_10_962,231",2017,2017-08-09,221,,0,-18.34223850557419,661478,-10.958945792127915,661478,-7.383292713446253,661478
Jagatsinghpur,JGS,1,"1_1_1_1_1_1_1_2_10_963,231",2017,2017-08-09,221,,0,-19.142190116117607,623890,-10.80754193037945,623890,-8.33464818573822,623890
Jagatsinghpur,JGS,1,"1_1_1_1_1_1_1_2_10_964,231",2017,2017-08-09,221,,0,-19.311402095786665,543323,-11.209713228699538,543323,-8.101688867087086,543323
Jagatsinghpur,JGS,1,"1_1_1_1_1_1_1_2_11_961,226",2017,2017-08-19,231,,0,,0,,0,,0
Jagatsinghpur,JGS,1,"1_1_1_1_1_1_1_2_11_959,227",2017,2017-08-19,231,,0,-18.667473775420515,510204,-11.715303883938999,510204,-6.9521698914815255,510204
Jagatsinghpur,JGS,1,"1_1_1_1_1_1_1_2_11_960,227",2017,2017-08-19,231,,0,-18.650818441202208,302547,-12.396035243051577,302547,-6.254783198150599,302547
Jagatsinghpur,JGS,1,"1_1_1_1_1_1_1_2_11_961,227",2017,2017-08-19,231,,0,,0,,0,,0
Jagatsinghpur,JGS,1,"1_1_1_1_1_1_1_2_11_962,227",2017,2017-08-19,231,,0,,0,,0,,0
Jagatsinghpur,JGS,1,"1_1_1_1_1_1_1_2_11_958,228",2017,2017-08-19,231,,0,-17.51894591242369,657750,-10.56762516157501,657750,-6.951320750848667,657750
Jagatsinghpur,JGS,1,"1_1_1_1_1_1_1_2_11_959,228",2017,2017-08-19,231,,0,-18.25835043672113,653265,-11.24820397901866,653265,-7.010146457702496,653265
Jagatsinghpur,JGS,1,"1_1_1_1_1_1_1_2_11_960,228",2017,2017-08-19,231,,0,-18.999362146435672,568808,-12.291969439994014,568808,-6.707392706441671,568808
Jagatsinghpur,JGS,1,"1_1_1_1_1_1_1_2_11_961,228",2017,2017-08-19,231,,0,,0,,0,,0
Jagatsinghpur,JGS,1,"1_1_1_1_1_1_1_2_11_962,228",2017,2017-08-19,231,,0,,0,,0,,0
Jagatsinghpur,JGS,1,"1_1_1_1_1_1_1_2_11_958,229",2017,2017-08-19,231,,0,-17.35647634972781,604467,-10.585164405233012,604467,-6.771311944494843,604467
Jagatsinghpur,JGS,1,"1_1_1_1_1_1_1_2_11_959,229",2017,2017-08-19,231,,0,-19.223671307195264,604967,-11.822083784896066,604967,-7.401587522299214,604967
Jagatsinghpur,JGS,1,"1_1_1_1_1_1_1_2_11_960,229",2017,2017-08-19,231,,0,-18.866347522258494,720794,-11.979978872389907,720794,-6.886368649868617,720794
Jagatsinghpur,JGS,1,"1_1_1_1_1_1_1_2_11_961,229",2017,2017-08-19,231,,0,-19.715176294999512,29109,-12.647083604815677,29109,-7.068092690183869,29109
Jagatsinghpur,JGS,1,"1_1_1_1_1_1_1_2_11_962,229",2017,2017-08-19,231,,0,,0,,0,,0
Jagatsinghpur,JGS,1,"1_1_1_1_1_1_1_2_11_963,229",2017,2017-08-19,231,,0,,0,,0,,0
Jagatsinghpur,JGS,1,"1_1_1_1_1_1_1_2_11_964,229",2017,2017-08-19,231,,0,,0,,0,,0
Jagatsinghpur,JGS,1,"1_1_1_1_1_1_1_2_11_957,230",2017,2017-08-19,231,,0,-17.673781898796364,619466,-10.745085382883829,619466,-6.92869651591255,619466
Jagatsinghpur,JGS,1,"1_1_1_1_1_1_1_2_11_958,230",2017,2017-08-19,231,,0,-18.367550412005052,573092,-11.23123636350006,573092,-7.136314048505007,573092
Jagatsinghpur,JGS,1,"1_1_1_1_1_1_1_2_11_959,230",2017,2017-08-19,231,,0,-19.70885243754586,639102,-12.436965993087146,639102,-7.27188644445873,639102
Jagatsinghpur,JGS,1,"1_1_1_1_1_1_1_2_11_960,230",2017,2017-08-19,231,,0,-19.505705388418527,679376,-12.679100382770695,679376,-6.826605005647796,679376
Jagatsinghpur,JGS,1,"1_1_1_1_1_1_1_2_11_961,230",2017,2017-08-19,231,,0,-19.482646080965072,149063,-13.171136225415648,149063,-6.3115098555494304,149063
Jagatsinghpur,JGS,1,"1_1_1_1_1_1_1_2_11_962,230",2017,2017-08-19,231,,0,,0,,0,,0
Jagatsinghpur,JGS,1,"1_1_1_1_1_1_1_2_11_963,230",2017,2017-08-19,231,,0,,0,,0,,0
Jagatsinghpur,JGS,1,"1_1_1_1_1_1_1_2_11_964,230",2017,2017-08-19,231,,0,,0,,0,,0
Jagatsinghpur,JGS,1,"1_1_1_1_1_1_1_2_11_965,230",2017,2017-08-19,231,,0,,0,,0,,0
Jagatsinghpur,JGS,1,"1_1_1_1_1_1_1_2_11_957,231",2017,2017-08-19,231,,0,-18.24102469380044,535010,-11.097665073363991,535010,-7.1433596204364544,535010
Jagatsinghpur,JGS,1,"1_1_1_1_1_1_1_2_11_958,231",2017,2017-08-19,231,,0,-18.67040330640397,649727,-11.393408250243004,649727,-7.276995056161007,649727
Jagatsinghpur,JGS,1,"1_1_1_1_1_1_1_2_11_959,231",2017,2017-08-19,231,,0,-18.521150067903587,544379,-11.319438919693662,544379,-7.201711148209891,544379
Jagatsinghpur,JGS,1,"1_1_1_1_1_1_1_2_11_960,231",2017,2017-08-19,231,,0,-17.708257037191938,525591,-10.67258030874532,525591,-7.035676728446575,525591
Jagatsinghpur,JGS,1,"1_1_1_1_1_1_1_2_11_961,231",2017,2017-08-19,231,,0,-17.473183284687487,266882,-10.766103143773849,266882,-6.707080140913643,266882
Jagatsinghpur,JGS,1,"1_1_1_1_1_1_1_2_11_962,231",2017,2017-08-19,231,,0,,0,,0,,0
Jagatsinghpur,JGS,1,"1_1_1_1_1_1_1_2_11_963,231",2017,2017-08-19,231,,0,,0,,0,,0
Jagatsinghpur,JGS,1,"1_1_1_1_1_1_1_2_11_964,231",2017,2017-08-19,231,,0,,0,,0,,0
Jagatsinghpur,JGS,1,"1_1_1_1_1_1_1_2_12_961,226",2017,2017-08-29,241,,0,,0,,0,,0
Jagatsinghpur,JGS,1,"1_1_1_1_1_1_1_2_12_959,227",2017,2017-08-29,241,,0,-18.145096731859137,510204,-10.84481122501805,510204,-7.300285506841139,510204
Jagatsinghpur,JGS,1,"1_1_1_1_1_1_1_2_12_960,227",2017,2017-08-29,241,,0,-17.866239405025937,301253,-11.23530211791153,301253,-6.630937287114448,301253
Jagatsinghpur,JGS,1,"1_1_1_1_1_1_1_2_12_961,227",2017,2017-08-29,241,,0,,0,,0,,0
Jagatsinghpur,JGS,1,"1_1_1_1_1_1_1_2_12_962,227",2017,2017-08-29,241,,0,,0,,0,,0
Jagatsinghpur,JGS,1,"1_1_1_1_1_1_1_2_12_958,228",2017,2017-08-29,241,,0,-17.389042902426176,657750,-10.215596211679392,657750,-7.173446690746796,657750
Jagatsinghpur,JGS,1,"1_1_1_1_1_1_1_2_12_959,228",2017,2017-08-29,241,,0,-18.556739892077076,653265,-11.52781593771928,653265,-7.028923954357733,653265
Jagatsinghpur,JGS,1,"1_1_1_1_1_1_1_2_12_960,228",2017,2017-08-29,241,,0,-18.599246654515742,566281,-11.75503981542748,566281,-6.844206839088244,566281
Jagatsinghpur,JGS,1,"1_1_1_1_1_1_1_2_12_961,228",2017,2017-08-29,241,,0,,0,,0,,0
Jagatsinghpur,JGS,1,"1_1_1_1_1_1_1_2_12_962,228",2017,2017-08-29,241,,0,,0,,0,,0
Jagatsinghpur,JGS,1,"1_1_1_1_1_1_1_2_12_958,229",2017,2017-08-29,241,,0,-17.035483163549664,604467,-10.039111156702191,604467,-6.996372006847447,604467
Jagatsinghpur,JGS,1,"1_1_1_1_1_1_1_2_12_959,229",2017,2017-08-29,241,,0,-18.850819410620783,604967,-11.356960624308918,604967,-7.493858786311865,604967
Jagatsinghpur,JGS,1,"1_1_1_1_1_1_1_2_12_960,229",2017,2017-08-29,241,,0,-20.07696076383463,719941,-13.0584760238296,719941,-7.018484740004991,719941
Jagatsinghpur,JGS,1,"1_1_1_1_1_1_1_2_12_961,229",2017,2017-08-29,241,,0,-20.84435947525442,27180,-13.907404982531427,27180,-6.936954492723021,27180
Jagatsinghpur,JGS,1,"1_1_1_1_1_1_1_2_12_962,229",2017,2017-08-29,241,,0,,0,,0,,0
Jagatsinghpur,JGS,1,"1_1_1_1_1_1_1_2_12_963,229",2017,2017-08-29,241,,0,,0,,0,,0
Jagatsinghpur,JGS,1,"1_1_1_1_1_1_1_2_12_964,229",2017,2017-08-29,241,,0,,0,,0,,0
Jagatsinghpur,JGS,1,"1_1_1_1_1_1_1_2_12_957,230",2017,2017-08-29,241,,0,-17.231069984990118,619374,-10.242542372273054,619374,-6.988527612717077,619374
Jagatsinghpur,JGS,1,"1_1_1_1_1_1_1_2_12_958,230",2017,2017-08-29,241,,0,-18.046482491780413,573050,-10.613361126057688,573050,-7.433121365722705,573050
Jagatsinghpur,JGS,1,"1_1_1_1_1_1_1_2_12_959,230",2017,2017-08-29,241,,0,-19.488870187801936,639134,-12.063800622326747,639134,-7.425069565475164,639134
Jagatsinghpur,JGS,1,"1_1_1_1_1_1_1_2_12_960,230",2017,2017-08-29,241,,0,-20.20515794483007,679368,-13.398375129411242,679368,-6.806782815418775,679368
Jagatsinghpur,JGS,1,"1_1_1_1_1_1_1_2_12_961,230",2017,2017-08-29,241,,0,-19.391025898494682,146789,-12.326086217589715,146789,-7.064939680904962,146789
Jagatsinghpur,JGS,1,"1_1_1_1_1_1_1_2_12_962,230",2017,2017-08-29,241,,0,,0,,0,,0
Jagatsinghpur,JGS,1,"1_1_1_1_1_1_1_2_12_963,230",2017,2017-08-29,241,,0,,0,,0,,0
Jagatsinghpur,JGS,1,"1_1_1_1_1_1_1_2_12_964,230",2017,2017-08-29,241,,0,,0,,0,,0
Jagatsinghpur,JGS,1,"1_1_1_1_1_1_1_2_12_965,230",2017,2017-08-29,241,,0,,0,,0,,0
Jagatsinghpur,JGS,1,"1_1_1_1_1_1_1_2_12_957,231",2017,2017-08-29,241,,0,-17.730253870461134,535010,-10.336585486626715,535010,-7.393668383834438,535010
Jagatsinghpur,JGS,1,"1_1_1_1_1_1_1_2_12_958,231",2017,2017-08-29,241,,0,-18.476024686906353,649727,-10.990517835793387,649727,-7.485506851112952,649727
Jagatsinghpur,JGS,1,"1_1_1_1_1_1_1_2_12_959,231",2017,2017-08-29,241,,0,-18.30996063682416,544379,-10.95235122337835,544379,-7.357609413445804,544379
Jagatsinghpur,JGS,1,"1_1_1_1_1_1_1_2_12_960,231",2017,2017-08-29,241,,0,-18.15570867067184,525591,-11.076270155351358,525591,-7.079438515320487,525591
Jagatsinghpur,JGS,1,"1_1_1_1_1_1_1_2_12_961,231",2017,2017-08-29,241,,0,-17.78554347139364,264783,-10.921171520210551,264783,-6.864371951183069,264783
Jagatsinghpur,JGS,1,"1_1_1_1_1_1_1_2_12_962,231",2017,2017-08-29,241,,0,,0,,0,,0
Jagatsinghpur,JGS,1,"1_1_1_1_1_1_1_2_12_963,231",2017,2017-08-29,241,,0,,0,,0,,0
Jagatsinghpur,JGS,1,"1_1_1_1_1_1_1_2_12_964,231",2017,2017-08-29,241,,0,,0,,0,,0
Jagatsinghpur,JGS,1,"1_1_1_1_1_1_1_2_13_961,226",2017,2017-09-08,251,,0,-18.104202370569986,12383,-8.341797474898453,12383,-9.76240489567148,12383
Jagatsinghpur,JGS,1,"1_1_1_1_1_1_1_2_13_959,227",2017,2017-09-08,251,,0,-17.140575748737554,510204,-9.88839142708877,510204,-7.252184321648738,510204
Jagatsinghpur,JGS,1,"1_1_1_1_1_1_1_2_13_960,227",2017,2017-09-08,251,,0,-16.887164736821678,432279,-9.945299900509962,432279,-6.941864836311712,432279
Jagatsinghpur,JGS,1,"1_1_1_1_1_1_1_2_13_961,227",2017,2017-09-08,251,,0,-18.912880253599095,447583,-9.261028929477849,447583,-9.651851324121255,447583
Jagatsinghpur,JGS,1,"1_1_1_1_1_1_1_2_13_962,227",2017,2017-09-08,251,,0,-19.60801863709412,786,-12.56953406933397,786,-7.038484567760123,786
Jagatsinghpur,JGS,1,"1_1_1_1_1_1_1_2_13_958,228",2017,2017-09-08,251,,0,-16.917628219014173,657750,-9.820205677939848,657750,-7.097422541074312,657750
Jagatsinghpur,JGS,1,"1_1_1_1_1_1_1_2_13_959,228",2017,2017-09-08,251,,0,-17.05432045956067,653265,-9.972023909317583,653265,-7.082296550243088,653265
Jagatsinghpur,JGS,1,"1_1_1_1_1_1_1_2_13_960,228",2017,2017-09-08,251,,0,-17.26043001588043,693526,-10.086110117603736,693526,-7.174319898276701,693526
Jagatsinghpur,JGS,1,"1_1_1_1_1_1_1_2_13_961,228",2017,2017-09-08,251,,0,-18.268314908487653,728813,-9.271126810750326,728813,-8.997188097737382,728813
Jagatsinghpur,JGS,1,"1_1_1_1_1_1_1_2_13_962,228",2017,2017-09-08,251,,0,-19.752291692304148,246956,-10.608057937257312,246956,-9.14423375504686,246956
Jagatsinghpur,JGS,1,"1_1_1_1_1_1_1_2_13_958,229",2017,2017-09-08,251,,0,-16.516584265850977,604467,-9.866795829356985,604467,-6.64978843649398,604467
Jagatsinghpur,JGS,1,"1_1_1_1_1_1_1_2_13_959,229",2017,2017-09-08,251,,0,-17.51425485577205,604967,-9.9682925725086,604967,-7.545962283263422,604967
Jagatsinghpur,JGS,1,"1_1_1_1_1_1_1_2_13_960,229",2017,2017-09-08,251,,0,-17.366149427633438,733746,-9.72750085739661,733746,-7.638648570236803,733746
Jagatsinghpur,JGS,1,"1_1_1_1_1_1_1_2_13_961,229",2017,2017-09-08,251,,0,-18.2597786096039,778594,-9.083995359424083,778594,-9.175783250179789,778594
Jagatsinghpur,JGS,1,"1_1_1_1_1_1_1_2_13_962,229",2017,2017-09-08,251,,0,-19.358615014598264,513858,-9.840824418354764,513858,-9.51779059624351,513858
Jagatsinghpur,JGS,1,"1_1_1_1_1_1_1_2_13_963,229",2017,2017-09-08,251,,0,-18.856182036773216,55675,-8.711515453893975,55675,-10.144666582879273,55675
Jagatsinghpur,JGS,1,"1_1_1_1_1_1_1_2_13_964,229",2017,2017-09-08,251,,0,,0,,0,,0
Jagatsinghpur,JGS,1,"1_1_1_1_1_1_1_2_13_957,230",2017,2017-09-08,251,,0,-16.698560127176954,620511,-10.079824720213118,620511,-6.618735406963856,620511
Jagatsinghpur,JGS,1,"1_1_1_1_1_1_1_2_13_958,230",2017,2017-09-08,251,,0,-17.232738571937304,574078,-9.992500038471048,574078,-7.240238533466285,574078
Jagatsinghpur,JGS,1,"1_1_1_1_1_1_1_2_13_959,230",2017,2017-09-08,251,,0,-17.939190247362,640106,-9.912869995802708,640106,-8.026320251559262,640106
Jagatsinghpur,JGS,1,"1_1_1_1_1_1_1_2_13_960,230",2017,2017-09-08,251,,0,-17.538023826447812,679387,-9.64977838553604,679387,-7.8882454409117395,679387
Jagatsinghpur,JGS,1,"1_1_1_1_1_1_1_2_13_961,230",2017,2017-09-08,251,,0,-17.961053070387877,712352,-9.341009399004527,712352,-8.620043671383355,712352
Jagatsinghpur,JGS,1,"1_1_1_1_1_1_1_2_13_962,230",2017,2017-09-08,251,,0,-18.543791537443035,741892,-8.780718145819863,741892,-9.763073391623209,741892
Jagatsinghpur,JGS,1,"1_1_1_1_1_1_1_2_13_963,230",2017,2017-09-08,251,,0,-18.169647481850376,601275,-8.540339646300152,601275,-9.62930783555021,601275
Jagatsinghpur,JGS,1,"1_1_1_1_1_1_1_2_13_964,230",2017,2017-09-08,251,,0,-17.24294172325514,125259,-10.260682013860944,125259,-6.982259709394198,125259
Jagatsinghpur,JGS,1,"1_1_1_1_1_1_1_2_13_965,230",2017,2017-09-08,251,,0,-18.50682786067032,10328,-12.73111822268138,10328,-5.7757096379889985,10328
Jagatsinghpur,JGS,1,"1_1_1_1_1_1_1_2_13_957,231",2017,2017-09-08,251,,0,-17.401199463289768,535010,-9.920592751546032,535010,-7.480606711743789,535010
Jagatsinghpur,JGS,1,"1_1_1_1_1_1_1_2_13_958,231",2017,2017-09-08,251,,0,-17.68668458452742,649727,-10.137116139525286,649727,-7.549568445002133,649727
Jagatsinghpur,JGS,1,"1_1_1_1_1_1_1_2_13_959,231",2017,2017-09-08,251,,0,-17.53041833617517,544379,-10.043474730130338,544379,-7.486943606044857,544379
Jagatsinghpur,JGS,1,"1_1_1_1_1_1_1_2_13_960,231",2017,2017-09-08,251,,0,-17.138700254765297,525591,-9.904604296258634,525591,-7.234095958506655,525591
Jagatsinghpur,JGS,1,"1_1_1_1_1_1_1_2_13_961,231",2017,2017-09-08,251,,0,-16.854590231602316,638601,-9.73421444822617,638601,-7.120375783376113,638601
Jagatsinghpur,JGS,1,"1_1_1_1_1_1_1_2_13_962,231",2017,2017-09-08,251,,0,-16.009425117117303,661478,-9.623162191379103,661478,-6.386262925738226,661478
Jagatsinghpur,JGS,1,"1_1_1_1_1_1_1_2_13_963,231",2017,2017-09-08,251,,0,-16.451303089154376,623890,-9.309641856385372,623890,-7.141661232768975,623890
Jagatsinghpur,JGS,1,"1_1_1_1_1_1_1_2_13_964,231",2017,2017-09-08,251,,0,-17.055037038032637,543323,-9.591402937992747,543323,-7.4636341000398705,543323
Jagatsinghpur,JGS,1,"1_1_1_1_1_1_1_2_14_961,226",2017,2017-09-18,261,,0,-17.834099768285597,12383,-7.846708882773486,12383,-9.987390885512202,12383
Jagatsinghpur,JGS,1,"1_1_1_1_1_1_1_2_14_959,227",2017,2017-09-18,261,,0,-17.418879260636675,510204,-9.725572884200782,510204,-7.6933063764359515,510204
Jagatsinghpur,JGS,1,"1_1_1_1_1_1_1_2_14_960,227",2017,2017-09-18,261,,0,-17.25770652173577,432279,-10.028143081735701,432279,-7.229563440000016,432279
Jagatsinghpur,JGS,1,"1_1_1_1_1_1_1_2_14_961,227",2017,2017-09-18,261,,0,-18.724335406188715,447583,-8.807283933462932,447583,-9.917051472725838,447583
Jagatsinghpur,JGS,1,"1_1_1_1_1_1_1_2_14_962,227",2017,2017-09-18,261,,0,-19.54892359307976,786,-11.896100322480123,786,-7.652823270599656,786
Jagatsinghpur,JGS,1,"1_1_1_1_1_1_1_2_14_958,228",2017,2017-09-18,261,,0,-17.107642412305694,657750,-9.58767807353124,657750,-7.519964338774482,657750
Jagatsinghpur,JGS,1,"1_1_1_1_1_1_1_2_14_959,228",2017,2017-09-18,261,,0,-17.501291435589025,653265,-9.947373953574454,653265,-7.553917482014614,653265
Jagatsinghpur,JGS,1,"1_1_1_1_1_1_1_2_14_960,228",2017,2017-09-18,261,,0,-17.601555869836684,693526,-9.939333173964604,693526,-7.66222269587207,693526
Jagatsinghpur,JGS,1,"1_1_1_1_1_1_1_2_14_961,228",2017,2017-09-18,261,,0,-18.347121658960777,728813,-8.980629976494706,728813,-9.3664916824661,728813
Jagatsinghpur,JGS,1,"1_1_1_1_1_1_1_2_14_962,228",2017,2017-09-18,261,,0,-19.550311576087523,246956,-10.222499013278217,246956,-9.327812562809283,246956
Jagatsinghpur,JGS,1,"1_1_1_1_1_1_1_2_14_958,229",2017,2017-09-18,261,,0,-16.85713605691648,604467,-9.881617382161215,604467,-6.975518674755328,604467
Jagatsinghpur,JGS,1,"1_1_1_1_1_1_1_2_14_959,229",2017,2017-09-18,261,,0,-17.936838429709344,604967,-9.696276067188533,604967,-8.240562362520858,604967
Jagatsinghpur,JGS,1,"1_1_1_1_1_1_1_2_14_960,229",2017,2017-09-18,261,,0,-17.585502814576305,733746,-9.391921809792159,733746,-8.193581004784159,733746
Jagatsinghpur,JGS,1,"1_1_1_1_1_1_1_2_14_961,229",2017,2017-09-18,261,,0,-17.905979464372184,778594,-8.88334901601042,778594,-9.022630448361776,778594
Jagatsinghpur,JGS,1,"1_1_1_1_1_1_1_2_14_962,229",2017,2017-09-18,261,,0,-18.977421427053166,513858,-9.40414947692131,513858,-9.573271950131845,513858
Jagatsinghpur,JGS,1,"1_1_1_1_1_1_1_2_14_963,229",2017,2017-09-18,261,,0,-17.469752037222655,55675,-8.931578032989425,55675,-8.538174004233202,55675
Jagatsinghpur,JGS,1,"1_1_1_1_1_1_1_2_14_964,229",2017,2017-09-18,261,,0,,0,,0,,0
Jagatsinghpur,JGS,1,"1_1_1_1_1_1_1_2_14_957,230",2017,2017-09-18,261,,0,-17.078659592509425,620511,-10.241250655200577,620511,-6.837408937308849,620511
Jagatsinghpur,JGS,1,"1_1_1_1_1_1_1_2_14_958,230",2017,2017-09-18,261,,0,-17.59220080465387,574078,-9.784622332891313,574078,-7.807578471762517,574078
Jagatsinghpur,JGS,1,"1_1_1_1_1_1_1_2_14_959,230",2017,2017-09-18,261,,0,-18.157937455639846,640106,-9.361869590944911,640106,-8.796067864694974,640106
Jagatsinghpur,JGS,1,"1_1_1_1_1_1_1_2_14_960,230",2017,2017-09-18,261,,0,-17.908029543660607,679387,-9.039226161913172,679387,-8.86880338174743,679387
Jagatsinghpur,JGS,1,"1_1_1_1_1_1_1_2_14_961,230",2017,2017-09-18,261,,0,-17.66121115087954,712352,-9.082609426143629,712352,-8.578601724735908,712352
Jagatsinghpur,JGS,1,"1_1_1_1_1_1_1_2_14_962,230",2017,2017-09-18,261,,0,-17.627823614427513,741892,-8.598080233501028,741892,-9.029743380926458,741892
Jagatsinghpur,JGS,1,"1_1_1_1_1_1_1_2_14_963,230",2017,2017-09-18,261,,0,-17.467947454881337,601275,-8.477925293164887,601275,-8.990022161716444,601275
Jagatsinghpur,JGS,1,"1_1_1_1_1_1_1_2_14_964,230",2017,2017-09-18,261,,0,-16.963106983354383,125259,-10.295280644487189,125259,-6.667826338867179,125259
Jagatsinghpur,JGS,1,"1_1_1_1_1_1_1_2_14_965,230",2017,2017-09-18,261,,0,-19.097841298711238,10328,-12.2393280341583,10328,-6.858513264552945,10328
Jagatsinghpur,JGS,1,"1_1_1_1_1_1_1_2_14_957,231",2017,2017-09-18,261,,0,-17.539609286390146,525362,-9.97950500107379,525362,-7.560104285316336,525362
Jagatsinghpur,JGS,1,"1_1_1_1_1_1_1_2_14_958,231",2017,2017-09-18,261,,0,-17.681833084966676,649727,-9.799504184867667,649727,-7.882328900098959,649727
Jagatsinghpur,JGS,1,"1_1_1_1_1_1_1_2_14_959,231",2017,2017-09-18,261,,0,-17.44341570495221,544379,-9.741993379069285,544379,-7.70142232588294,544379
Jagatsinghpur,JGS,1,"1_1_1_1_1_1_1_2_14_960,231",2017,2017-09-18,261,,0,-16.984323197248425,525591,-9.125689253929014,525591,-7.85863394331942,525591
Jagatsinghpur,JGS,1,"1_1_1_1_1_1_1_2_14_961,231",2017,2017-09-18,261,,0,-16.718338067710913,638601,-9.447432694471537,638601,-7.270905373239396,638601
Jagatsinghpur,JGS,1,"1_1_1_1_1_1_1_2_14_962,231",2017,2017-09-18,261,,0,-16.2169411472092,661478,-9.269833327051968,661478,-6.947107820157186,661478
Jagatsinghpur,JGS,1,"1_1_1_1_1_1_1_2_14_963,231",2017,2017-09-18,261,,0,-16.94500296468033,623890,-9.10766291015784,623890,-7.837340054522444,623890
Jagatsinghpur,JGS,1,"1_1_1_1_1_1_1_2_14_964,231",2017,2017-09-18,261,,0,-17.03584517924709,543323,-9.710621029439528,543323,-7.3252241498075765,543323
Jagatsinghpur,JGS,1,"1_1_1_1_1_1_1_2_15_961,226",2017,2017-09-28,271,,0,-16.98160990957201,12383,-7.603899982602537,12383,-9.377709926969548,12383
Jagatsinghpur,JGS,1,"1_1_1_1_1_1_1_2_15_959,227",2017,2017-09-28,271,,0,-16.264699269120012,510204,-9.78146506469098,510204,-6.483234204429027,510204
Jagatsinghpur,JGS,1,"1_1_1_1_1_1_1_2_15_960,227",2017,2017-09-28,271,,0,-16.348682919104,432279,-9.940895919351165,432279,-6.407786999752856,432279
Jagatsinghpur,JGS,1,"1_1_1_1_1_1_1_2_15_961,227",2017,2017-09-28,271,,0,-17.105649766475654,447583,-8.93087473416773,447583,-8.174775032307924,447583
Jagatsinghpur,JGS,1,"1_1_1_1_1_1_1_2_15_962,227",2017,2017-09-28,271,,0,-19.130269412492584,786,-11.685809981823043,786,-7.444459430669577,786
Jagatsinghpur,JGS,1,"1_1_1_1_1_1_1_2_15_958,228",2017,2017-09-28,271,,0,-16.15847066026591,657750,-9.730663981357976,657750,-6.427806678907922,657750
Jagatsinghpur,JGS,1,"1_1_1_1_1_1_1_2_15_959,228",2017,2017-09-28,271,,0,-16.3919832149853,653265,-9.972316537441634,653265,-6.419666677543688,653265
Jagatsinghpur,JGS,1,"1_1_1_1_1_1_1_2_15_960,228",2017,2017-09-28,271,,0,-16.60571047156467,693526,-10.055880548976626,693526,-6.549829922587987,693526
Jagatsinghpur,JGS,1,"1_1_1_1_1_1_1_2_15_961,228",2017,2017-09-28,271,,0,-17.387959886254077,728813,-8.639328083866442,728813,-8.74863180238762,728813
Jagatsinghpur,JGS,1,"1_1_1_1_1_1_1_2_15_962,228",2017,2017-09-28,271,,0,-18.871901430562765,246956,-9.596882075780618,246956,-9.2750193547821,246956
Jagatsinghpur,JGS,1,"1_1_1_1_1_1_1_2_15_958,229",2017,2017-09-28,271,,0,-15.840258732827,604467,-9.704658522673778,604467,-6.135600210153252,604467
Jagatsinghpur,JGS,1,"1_1_1_1_1_1_1_2_15_959,229",2017,2017-09-28,271,,0,-16.59633859132792,604967,-9.829772821639954,604967,-6.766565769688,604967
Jagatsinghpur,JGS,1,"1_1_1_1_1_1_1_2_15_960,229",2017,2017-09-28,271,,0,-16.67469588849145,733746,-9.624376630900604,733746,-7.050319257590839,733746
Jagatsinghpur,JGS,1,"1_1_1_1_1_1_1_2_15_961,229",2017,2017-09-28,271,,0,-17.609150217922057,778594,-8.40324214957527,778594,-9.205908068346751,778594
Jagatsinghpur,JGS,1,"1_1_1_1_1_1_1_2_15_962,229",2017,2017-09-28,271,,0,-18.92958732051887,513858,-9.00995950374543,513858,-9.919627816773435,513858
Jagatsinghpur,JGS,1,"1_1_1_1_1_1_1_2_15_963,229",2017,2017-09-28,271,,0,-17.467060739498578,55675,-8.61945421418067,55675,-8.84760652531802,55675
Jagatsinghpur,JGS,1,"1_1_1_1_1_1_1_2_15_964,229",2017,2017-09-28,271,,0,,0,,0,,0
Jagatsinghpur,JGS,1,"1_1_1_1_1_1_1_2_15_957,230",2017,2017-09-28,271,,0,-15.992512785063473,620511,-9.995250038688953,620511,-5.997262746374561,620511
Jagatsinghpur,JGS,1,"1_1_1_1_1_1_1_2_15_958,230",2017,2017-09-28,271,,0,-16.41169934018507,574078,-9.881331578287456,574078,-6.530367761897614,574078
Jagatsinghpur,JGS,1,"1_1_1_1_1_1_1_2_15_959,230",2017,2017-09-28,271,,0,-16.775474704212105,640106,-9.696511748727238,640106,-7.078962955484888,640106
Jagatsinghpur,JGS,1,"1_1_1_1_1_1_1_2_15_960,230",2017,2017-09-28,271,,0,-16.697036428252193,679387,-9.419877340688158,679387,-7.277159087564041,679387
Jagatsinghpur,JGS,1,"1_1_1_1_1_1_1_2_15_961,230",2017,2017-09-28,271,,0,-17.110739674190114,712352,-9.005947517511045,712352,-8.1047921566791,712352
Jagatsinghpur,JGS,1,"1_1_1_1_1_1_1_2_15_962,230",2017,2017-09-28,271,,0,-17.446065051322943,741892,-8.287017637623471,741892,-9.159047413699435,741892
Jagatsinghpur,JGS,1,"1_1_1_1_1_1_1_2_15_963,230",2017,2017-09-28,271,,0,-17.422590161554098,601275,-7.767586164739115,601275,-9.655003996814958,601275
Jagatsinghpur,JGS,1,"1_1_1_1_1_1_1_2_15_964,230",2017,2017-09-28,271,,0,-16.972791735130084,125259,-9.663829850862054,125259,-7.308961884267996,125259
Jagatsinghpur,JGS,1,"1_1_1_1_1_1_1_2_15_965,230",2017,2017-09-28,271,,0,-18.21620868490381,10328,-11.699333851612797,10328,-6.5168748332909585,10328
Jagatsinghpur,JGS,1,"1_1_1_1_1_1_1_2_15_957,231",2017,2017-09-28,271,,0,-16.42001024129803,535010,-9.803149052471001,535010,-6.616861188827024,535010
Jagatsinghpur,JGS,1,"1_1_1_1_1_1_1_2_15_958,231",2017,2017-09-28,271,,0,-16.635459224917447,649727,-9.853792742140497,649727,-6.7816664827769735,649727
Jagatsinghpur,JGS,1,"1_1_1_1_1_1_1_2_15_959,231",2017,2017-09-28,271,,0,-16.20041290566415,544379,-9.783005756019325,544379,-6.41740714964484,544379
Jagatsinghpur,JGS,1,"1_1_1_1_1_1_1_2_15_960,231",2017,2017-09-28,271,,0,-16.006552104670323,525591,-9.063767169225203,525591,-6.942784935445088,525591
Jagatsinghpur,JGS,1,"1_1_1_1_1_1_1_2_15_961,231",2017,2017-09-28,271,,0,-16.040002752263323,638601,-9.125391721294584,638601,-6.914611030968748,638601
Jagatsinghpur,JGS,1,"1_1_1_1_1_1_1_2_15_962,231",2017,2017-09-28,271,,0,-15.675319977366067,661478,-9.030986959755115,661478,-6.644333017610925,661478
Jagatsinghpur,JGS,1,"1_1_1_1_1_1_1_2_15_963,231",2017,2017-09-28,271,,0,-16.334129592406956,623890,-8.886136089456768,623890,-7.447993502950184,623890
Jagatsinghpur,JGS,1,"1_1_1_1_1_1_1_2_15_964,231",2017,2017-09-28,271,,0,-16.488061722377395,543323,-8.716705516833462,543323,-7.771356205543908,543323
Jagatsinghpur,JGS,1,"1_1_1_1_1_1_1_2_16_961,226",2017,2017-10-08,281,,0,-16.664467515055318,12383,-9.388023764617678,12383,-7.2764437504376716,12383
Jagatsinghpur,JGS,1,"1_1_1_1_1_1_1_2_16_959,227",2017,2017-10-08,281,,0,-16.30691015156591,510204,-9.796528946236531,510204,-6.510381205329374,510204
Jagatsinghpur,JGS,1,"1_1_1_1_1_1_1_2_16_960,227",2017,2017-10-08,281,,0,-16.589402488062586,432279,-10.49006762896118,432279,-6.099334859101385,432279
Jagatsinghpur,JGS,1,"1_1_1_1_1_1_1_2_16_961,227",2017,2017-10-08,281,,0,-16.918391588655254,447583,-9.980236114809577,447583,-6.9381554738456455,447583
Jagatsinghpur,JGS,1,"1_1_1_1_1_1_1_2_16_962,227",2017,2017-10-08,281,,0,-18.759403311099767,786,-12.341085208250627,786,-6.4183181028491525,786
Jagatsinghpur,JGS,1,"1_1_1_1_1_1_1_2_16_958,228",2017,2017-10-08,281,0.7615765089887686,558749,-16.221043554913514,657750,-9.752941597182085,657750,-6.46810195773143,657750
Jagatsinghpur,JGS,1,"1_1_1_1_1_1_1_2_16_959,228",2017,2017-10-08,281,,0,-16.392823915559255,653265,-10.124890870329056,653265,-6.26793304523018,653265
Jagatsinghpur,JGS,1,"1_1_1_1_1_1_1_2_16_960,228",2017,2017-10-08,281,,0,-16.630402858575867,693526,-10.091416423098126,693526,-6.53898643547777,693526
Jagatsinghpur,JGS,1,"1_1_1_1_1_1_1_2_16_961,228",2017,2017-10-08,281,,0,-16.925467733304693,728813,-9.430152432766246,728813,-7.495315300538461,728813
Jagatsinghpur,JGS,1,"1_1_1_1_1_1_1_2_16_962,228",2017,2017-10-08,281,,0,-17.937978307396058,246956,-9.746780410992587,246956,-8.191197896403477,246956
Jagatsinghpur,JGS,1,"1_1_1_1_1_1_1_2_16_958,229",2017,2017-10-08,281,0.7325024747587126,528780,-16.196487400402198,604467,-10.006582165527295,604467,-6.189905234874878,604467
Jagatsinghpur,JGS,1,"1_1_1_1_1_1_1_2_16_959,229",2017,2017-10-08,281,,0,-16.48646163877431,604967,-9.879654395368949,604967,-6.606807243405349,604967
Jagatsinghpur,JGS,1,"1_1_1_1_1_1_1_2_16_960,229",2017,2017-10-08,281,,0,-16.49329446331173,733746,-9.357603704328135,733746,-7.135690901576729,733746
Jagatsinghpur,JGS,1,"1_1_1_1_1_1_1_2_16_961,229",2017,2017-10-08,281,,0,-16.52221666312704,778594,-9.083886342421227,778594,-7.4383303207058535,778594
Jagatsinghpur,JGS,1,"1_1_1_1_1_1_1_2_16_962,229",2017,2017-10-08,281,,0,-17.417172359503812,513858,-9.165055071966238,513858,-8.252117287537589,513858
Jagatsinghpur,JGS,1,"1_1_1_1_1_1_1_2_16_963,229",2017,2017-10-08,281,,0,-16.926481584955496,55675,-7.916918611334479,55675,-9.009562973620941,55675
Jagatsinghpur,JGS,1,"1_1_1_1_1_1_1_2_16_964,229",2017,2017-10-08,281,,0,,0,,0,,0
Jagatsinghpur,JGS,1,"1_1_1_1_1_1_1_2_16_957,230",2017,2017-10-08,281,0.7611146245028299,264798,-16.390692680013398,620511,-10.406014690641106,620511,-5.984676442893298,620511
Jagatsinghpur,JGS,1,"1_1_1_1_1_1_1_2_16_958,230",2017,2017-10-08,281,0.7713777919058806,499107,-16.424506975835026,574078,-10.067768941828664,574078,-6.3567329339097824,574078
Jagatsinghpur,JGS,1,"1_1_1_1_1_1_1_2_16_959,230",2017,2017-10-08,281,,0,-16.561035712177826,640106,-9.500791463949863,640106,-7.060248357784457,640106
Jagatsinghpur,JGS,1,"1_1_1_1_1_1_1_2_16_960,230",2017,2017-10-08,281,,0,-16.449253658545025,679387,-9.177843566294214,679387,-7.27141009225085,679387
Jagatsinghpur,JGS,1,"1_1_1_1_1_1_1_2_16_961,230",2017,2017-10-08,281,,0,-16.512222549412996,712352,-9.443046407584376,712352,-7.069176141828554,712352
Jagatsinghpur,JGS,1,"1_1_1_1_1_1_1_2_16_962,230",2017,2017-10-08,281,,0,-16.472127671317104,741892,-8.796605248228172,741892,-7.675522423088951,741892
Jagatsinghpur,JGS,1,"1_1_1_1_1_1_1_2_16_963,230",2017,2017-10-08,281,,0,-16.427060517639806,601275,-8.587747555163787,601275,-7.839312962475973,601275
Jagatsinghpur,JGS,1,"1_1_1_1_1_1_1_2_16_964,230",2017,2017-10-08,281,,0,-16.2486527272634,125259,-9.65907940161232,125259,-6.589573325651082,125259
Jagatsinghpur,JGS,1,"1_1_1_1_1_1_1_2_16_965,230",2017,2017-10-08,281,,0,-17.36732468181756,10328,-11.648598418111165,10328,-5.718726263706422,10328
Jagatsinghpur,JGS,1,"1_1_1_1_1_1_1_2_16_957,231",2017,2017-10-08,281,0.7646030235078373,167878,-16.363430547556447,535010,-9.941929389251193,535010,-6.421501158305265,535010
Jagatsinghpur,JGS,1,"1_1_1_1_1_1_1_2_16_958,231",2017,2017-10-08,281,0.7779469687921121,553464,-16.526175625805138,649727,-9.909578377913732,649727,-6.616597247891445,649727
Jagatsinghpur,JGS,1,"1_1_1_1_1_1_1_2_16_959,231",2017,2017-10-08,281,,0,-16.278109931386698,544379,-9.832268319361654,544379,-6.445841612025043,544379
Jagatsinghpur,JGS,1,"1_1_1_1_1_1_1_2_16_960,231",2017,2017-10-08,281,,0,-16.139991051578217,525591,-9.2099269490882,525591,-6.9300641024899905,525591
Jagatsinghpur,JGS,1,"1_1_1_1_1_1_1_2_16_961,231",2017,2017-10-08,281,,0,-16.106497936816787,638601,-9.442241067252782,638601,-6.664256869564025,638601
Jagatsinghpur,JGS,1,"1_1_1_1_1_1_1_2_16_962,231",2017,2017-10-08,281,,0,-15.834307435525242,661478,-9.482990911712669,661478,-6.351316523812561,661478
Jagatsinghpur,JGS,1,"1_1_1_1_1_1_1_2_16_963,231",2017,2017-10-08,281,,0,-16.23072285541126,623890,-9.802417555689754,623890,-6.428305299721473,623890
Jagatsinghpur,JGS,1,"1_1_1_1_1_1_1_2_16_964,231",2017,2017-10-08,281,,0,-16.390805174098574,543323,-9.710604038983625,543323,-6.680201135114975,543323
Jagatsinghpur,JGS,1,"1_1_1_1_1_1_1_2_17_961,226",2017,2017-10-18,291,,0,,0,,0,,0
Jagatsinghpur,JGS,1,"1_1_1_1_1_1_1_2_17_959,227",2017,2017-10-18,291,,0,-15.06552271605783,510204,-8.208366603401934,510204,-6.857156112655879,510204
Jagatsinghpur,JGS,1,"1_1_1_1_1_1_1_2_17_960,227",2017,2017-10-18,291,,0,-14.990103068854053,300404,-8.55063628807498,300404,-6.4394667807790675,300404
Jagatsinghpur,JGS,1,"1_1_1_1_1_1_1_2_17_961,227",2017,2017-10-18,291,,0,,0,,0,,0
Jagatsinghpur,JGS,1,"1_1_1_1_1_1_1_2_17_962,227",2017,2017-10-18,291,,0,,0,,0,,0
Jagatsinghpur,JGS,1,"1_1_1_1_1_1_1_2_17_958,228",2017,2017-10-18,291,0.8074849488331426,556061,-14.992485167353532,657750,-8.134165320754223,657750,-6.858319846599311,657750
Jagatsinghpur,JGS,1,"1_1_1_1_1_1_1_2_17_959,228",2017,2017-10-18,291,,0,-15.268138220558196,653265,-8.438124361760199,653265,-6.830013858798042,653265
Jagatsinghpur,JGS,1,"1_1_1_1_1_1_1_2_17_960,228",2017,2017-10-18,291,,0,-15.283851383383887,565345,-8.54951228375272,565345,-6.7343390996311765,565345
Jagatsinghpur,JGS,1,"1_1_1_1_1_1_1_2_17_961,228",2017,2017-10-18,291,,0,,0,,0,,0
Jagatsinghpur,JGS,1,"1_1_1_1_1_1_1_2_17_962,228",2017,2017-10-18,291,,0,,0,,0,,0
Jagatsinghpur,JGS,1,"1_1_1_1_1_1_1_2_17_958,229",2017,2017-10-18,291,0.7816921573593105,526362,-14.97258285983845,604467,-8.20761528087087,604467,-6.764967578967606,604467
Jagatsinghpur,JGS,1,"1_1_1_1_1_1_1_2_17_959,229",2017,2017-10-18,291,,0,-15.39504824490615,604967,-8.157571327437697,604967,-7.237476917468453,604967
Jagatsinghpur,JGS,1,"1_1_1_1_1_1_1_2_17_960,229",2017,2017-10-18,291,,0,-15.711245910208227,719188,-7.931059122748936,719188,-7.78018678745925,719188
Jagatsinghpur,JGS,1,"1_1_1_1_1_1_1_2_17_961,229",2017,2017-10-18,291,,0,-16.335573193121594,26760,-8.785030428901761,26760,-7.550542764219808,26760
Jagatsinghpur,JGS,1,"1_1_1_1_1_1_1_2_17_962,229",2017,2017-10-18,291,,0,,0,,0,,0
Jagatsinghpur,JGS,1,"1_1_1_1_1_1_1_2_17_963,229",2017,2017-10-18,291,,0,,0,,0,,0
Jagatsinghpur,JGS,1,"1_1_1_1_1_1_1_2_17_964,229",2017,2017-10-18,291,,0,,0,,0,,0
Jagatsinghpur,JGS,1,"1_1_1_1_1_1_1_2_17_957,230",2017,2017-10-18,291,0.808210120960254,463851,-15.209678263044879,619463,-8.533005826478956,619463,-6.676672436565939,619463
Jagatsinghpur,JGS,1,"1_1_1_1_1_1_1_2_17_958,230",2017,2017-10-18,291,0.8183171429082495,479981,-15.23524821676682,573133,-8.153320026340257,573133,-7.081928190426558,573133
Jagatsinghpur,JGS,1,"1_1_1_1_1_1_1_2_17_959,230",2017,2017-10-18,291,,0,-15.4384198881147,639046,-8.080097552948038,639046,-7.358322335166639,639046
Jagatsinghpur,JGS,1,"1_1_1_1_1_1_1_2_17_960,230",2017,2017-10-18,291,,0,-15.499566501896691,679378,-7.63708712933831,679378,-7.862479372558354,679378
Jagatsinghpur,JGS,1,"1_1_1_1_1_1_1_2_17_961,230",2017,2017-10-18,291,,0,-15.522243518078263,146099,-7.846763385476761,146099,-7.675480132601525,146099
Jagatsinghpur,JGS,1,"1_1_1_1_1_1_1_2_17_962,230",2017,2017-10-18,291,,0,,0,,0,,0
Jagatsinghpur,JGS,1,"1_1_1_1_1_1_1_2_17_963,230",2017,2017-10-18,291,,0,,0,,0,,0
Jagatsinghpur,JGS,1,"1_1_1_1_1_1_1_2_17_964,230",2017,2017-10-18,291,,0,,0,,0,,0
Jagatsinghpur,JGS,1,"1_1_1_1_1_1_1_2_17_965,230",2017,2017-10-18,291,,0,,0,,0,,0
Jagatsinghpur,JGS,1,"1_1_1_1_1_1_1_2_17_957,231",2017,2017-10-18,291,0.8041153343642737,303736,-15.27708032765347,535010,-8.27609875166691,535010,-7.000981575986519,535010
Jagatsinghpur,JGS,1,"1_1_1_1_1_1_1_2_17_958,231",2017,2017-10-18,291,0.826028823932713,547635,-15.374872638067975,649727,-8.224167182027571,649727,-7.150705456040423,649727
Jagatsinghpur,JGS,1,"1_1_1_1_1_1_1_2_17_959,231",2017,2017-10-18,291,,0,-15.092087916896109,544379,-8.153318742212438,544379,-6.938769174683677,544379
Jagatsinghpur,JGS,1,"1_1_1_1_1_1_1_2_17_960,231",2017,2017-10-18,291,,0,-15.083965000826348,525591,-7.554216993141827,525591,-7.529748007684519,525591
Jagatsinghpur,JGS,1,"1_1_1_1_1_1_1_2_17_961,231",2017,2017-10-18,291,,0,-15.118821755848394,264027,-7.73783019526316,264027,-7.380991560585183,264027
Jagatsinghpur,JGS,1,"1_1_1_1_1_1_1_2_17_962,231",2017,2017-10-18,291,,0,,0,,0,,0
Jagatsinghpur,JGS,1,"1_1_1_1_1_1_1_2_17_963,231",2017,2017-10-18,291,,0,,0,,0,,0
Jagatsinghpur,JGS,1,"1_1_1_1_1_1_1_2_17_964,231",2017,2017-10-18,291,,0,,0,,0,,0
Jagatsinghpur,JGS,1,"1_1_1_1_1_1_1_2_18_961,226",2017,2017-10-28,301,0.7446498380169183,12028,-16.612749222249764,12383,-11.88798976004502,12383,-4.724759462204857,12383
Jagatsinghpur,JGS,1,"1_1_1_1_1_1_1_2_18_959,227",2017,2017-10-28,301,0.763831625911077,508443,-15.711490226664246,510204,-10.187019916715123,510204,-5.524470309949167,510204
Jagatsinghpur,JGS,1,"1_1_1_1_1_1_1_2_18_960,227",2017,2017-10-28,301,0.7381847760386026,427676,-16.089996744140702,432279,-10.983678512188977,432279,-5.106318231951738,432279
Jagatsinghpur,JGS,1,"1_1_1_1_1_1_1_2_18_961,227",2017,2017-10-28,301,0.7024823949788249,427364,-15.680111509137202,447583,-10.516367508501157,447583,-5.163744000636081,447583
Jagatsinghpur,JGS,1,"1_1_1_1_1_1_1_2_18_962,227",2017,2017-10-28,301,0.5625892473151569,403,-18.563649577294225,786,-12.416990575260861,786,-6.1466590020333625,786
Jagatsinghpur,JGS,1,"1_1_1_1_1_1_1_2_18_958,228",2017,2017-10-28,301,0.7394805050599268,655164,-15.716290037082215,657750,-10.115393356400716,657750,-5.600896680681554,657750
Jagatsinghpur,JGS,1,"1_1_1_1_1_1_1_2_18_959,228",2017,2017-10-28,301,0.7328053783539941,652621,-15.774716897992013,653265,-10.210591112331748,653265,-5.5641257856602575,653265
Jagatsinghpur,JGS,1,"1_1_1_1_1_1_1_2_18_960,228",2017,2017-10-28,301,0.7951347962640146,691163,-16.007780296360536,693526,-10.371881633863396,693526,-5.635898662497191,693526
Jagatsinghpur,JGS,1,"1_1_1_1_1_1_1_2_18_961,228",2017,2017-10-28,301,0.743937916684553,708612,-15.792464828916119,728813,-10.111462662212885,728813,-5.68100216670318,728813
Jagatsinghpur,JGS,1,"1_1_1_1_1_1_1_2_18_962,228",2017,2017-10-28,301,0.6002133061186777,191073,-16.984194140602103,246956,-10.059016150871306,246956,-6.925177989730784,246956
Jagatsinghpur,JGS,1,"1_1_1_1_1_1_1_2_18_958,229",2017,2017-10-28,301,0.7364968772562149,602599,-15.951450059982403,604467,-10.332293807801248,604467,-5.619156252181127,604467
Jagatsinghpur,JGS,1,"1_1_1_1_1_1_1_2_18_959,229",2017,2017-10-28,301,0.7888049135915778,604152,-15.925436737301682,604967,-9.859013433614287,604967,-6.0664233036874045,604967
Jagatsinghpur,JGS,1,"1_1_1_1_1_1_1_2_18_960,229",2017,2017-10-28,301,0.7949058292841918,732176,-15.75112462256678,733746,-9.377535220889904,733746,-6.373589401676925,733746
Jagatsinghpur,JGS,1,"1_1_1_1_1_1_1_2_18_961,229",2017,2017-10-28,301,0.7550676318774945,759903,-16.06411517846194,778594,-9.477806119249552,778594,-6.586309059212392,778594
Jagatsinghpur,JGS,1,"1_1_1_1_1_1_1_2_18_962,229",2017,2017-10-28,301,0.669589995098406,450303,-16.513821049733117,513858,-9.808275002598045,513858,-6.705546047135122,513858
Jagatsinghpur,JGS,1,"1_1_1_1_1_1_1_2_18_963,229",2017,2017-10-28,301,0.6815797929423484,53292,-15.679112275746483,55675,-9.46862548647229,55675,-6.210486789274163,55675
Jagatsinghpur,JGS,1,"1_1_1_1_1_1_1_2_18_964,229",2017,2017-10-28,301,,0,,0,,0,,0
Jagatsinghpur,JGS,1,"1_1_1_1_1_1_1_2_18_957,230",2017,2017-10-28,301,0.768244809257415,619211,-16.30718051543622,620511,-10.699444068908289,620511,-5.607736446527958,620511
Jagatsinghpur,JGS,1,"1_1_1_1_1_1_1_2_18_958,230",2017,2017-10-28,301,0.7788499337408811,573228,-16.12140305171613,574078,-10.411527934228657,574078,-5.709875117487441,574078
Jagatsinghpur,JGS,1,"1_1_1_1_1_1_1_2_18_959,230",2017,2017-10-28,301,0.8116962438690345,639114,-15.842924671835167,640106,-9.470448924259173,640106,-6.3724757475759715,640106
Jagatsinghpur,JGS,1,"1_1_1_1_1_1_1_2_18_960,230",2017,2017-10-28,301,0.8064174956783039,675809,-15.72226569793932,679387,-9.262383162986414,679387,-6.459882534952894,679387
Jagatsinghpur,JGS,1,"1_1_1_1_1_1_1_2_18_961,230",2017,2017-10-28,301,0.8008669197443148,709064,-16.25763587981112,712352,-9.689417067967485,712352,-6.568218811843645,712352
Jagatsinghpur,JGS,1,"1_1_1_1_1_1_1_2_18_962,230",2017,2017-10-28,301,0.77434701124463,732127,-15.98198577927322,741892,-9.603164482809179,741892,-6.378821296464065,741892
Jagatsinghpur,JGS,1,"1_1_1_1_1_1_1_2_18_963,230",2017,2017-10-28,301,0.7650582891534283,585681,-15.894020953882679,601275,-9.71776186568831,601275,-6.176259088194335,601275
Jagatsinghpur,JGS,1,"1_1_1_1_1_1_1_2_18_964,230",2017,2017-10-28,301,0.6575810033197211,113512,-16.083088286740026,125259,-10.00226878789532,125259,-6.08081949884466,125259
Jagatsinghpur,JGS,1,"1_1_1_1_1_1_1_2_18_965,230",2017,2017-10-28,301,0.535150300868409,7467,-17.308528742463444,10328,-11.81502091336143,10328,-5.493507829101997,10328
Jagatsinghpur,JGS,1,"1_1_1_1_1_1_1_2_18_957,231",2017,2017-10-28,301,0.774939969023332,533304,-16.369003932199412,535010,-10.258341041930203,535010,-6.110662890269195,535010
Jagatsinghpur,JGS,1,"1_1_1_1_1_1_1_2_18_958,231",2017,2017-10-28,301,0.7812866483362884,646211,-16.14085098788576,649727,-10.083133790132958,649727,-6.057717197752803,649727
Jagatsinghpur,JGS,1,"1_1_1_1_1_1_1_2_18_959,231",2017,2017-10-28,301,0.7884010131870699,543051,-15.958034324439698,544379,-10.089904593147795,544379,-5.8681297312919,544379
Jagatsinghpur,JGS,1,"1_1_1_1_1_1_1_2_18_960,231",2017,2017-10-28,301,0.7562552964375675,522871,-15.717171555819851,525591,-9.61143466659116,525591,-6.105736889228685,525591
Jagatsinghpur,JGS,1,"1_1_1_1_1_1_1_2_18_961,231",2017,2017-10-28,301,0.7354493751349007,636312,-15.7878294756409,638601,-9.911353454391415,638601,-5.87647602124951,638601
Jagatsinghpur,JGS,1,"1_1_1_1_1_1_1_2_18_962,231",2017,2017-10-28,301,0.6921075535903105,658958,-15.870709070878572,661478,-10.268976644432666,661478,-5.601732426445943,661478
Jagatsinghpur,JGS,1,"1_1_1_1_1_1_1_2_18_963,231",2017,2017-10-28,301,0.7752249867752078,617709,-15.769324289879973,623890,-10.373189862839018,623890,-5.396134427041037,623890
Jagatsinghpur,JGS,1,"1_1_1_1_1_1_1_2_18_964,231",2017,2017-10-28,301,0.7319702614754717,528408,-15.207014658007148,543323,-9.969711849166275,543323,-5.237302808840885,543323
Jagatsinghpur,JGS,1,"1_1_1_1_1_1_1_2_19_961,226",2017,2017-11-07,311,,0,-15.881631016576165,12383,-10.605667532999036,12383,-5.275963483577182,12383
Jagatsinghpur,JGS,1,"1_1_1_1_1_1_1_2_19_959,227",2017,2017-11-07,311,0.7393564973116028,508775,-15.271016876184543,510204,-10.200935390857557,510204,-5.070081485326988,510204
Jagatsinghpur,JGS,1,"1_1_1_1_1_1_1_2_19_960,227",2017,2017-11-07,311,0.6950992117808821,368713,-15.618268384709715,432279,-10.41998661568619,432279,-5.198281769023525,432279
Jagatsinghpur,JGS,1,"1_1_1_1_1_1_1_2_19_961,227",2017,2017-11-07,311,,0,-15.11889355464734,447583,-9.95989704119424,447583,-5.158996513453071,447583
Jagatsinghpur,JGS,1,"1_1_1_1_1_1_1_2_19_962,227",2017,2017-11-07,311,,0,-18.765176875812312,786,-12.341341446236632,786,-6.423835429575658,786
Jagatsinghpur,JGS,1,"1_1_1_1_1_1_1_2_19_958,228",2017,2017-11-07,311,0.6992049952333143,655557,-15.387072607686148,657750,-10.340905704465207,657750,-5.046166903220888,657750
Jagatsinghpur,JGS,1,"1_1_1_1_1_1_1_2_19_959,228",2017,2017-11-07,311,0.7075699735721475,652978,-15.440624989230079,653265,-10.33179959492916,653265,-5.108825394300904,653265
Jagatsinghpur,JGS,1,"1_1_1_1_1_1_1_2_19_960,228",2017,2017-11-07,311,0.7619184456415758,681971,-15.354828458238243,693526,-10.494891602391032,693526,-4.859936855847166,693526
Jagatsinghpur,JGS,1,"1_1_1_1_1_1_1_2_19_961,228",2017,2017-11-07,311,0.793259660378094,27215,-15.417894365043448,728813,-10.403705673520316,728813,-5.014188691523168,728813
Jagatsinghpur,JGS,1,"1_1_1_1_1_1_1_2_19_962,228",2017,2017-11-07,311,,0,-16.702951641163857,246956,-10.435055962437668,246956,-6.267895678726233,246956
Jagatsinghpur,JGS,1,"1_1_1_1_1_1_1_2_19_958,229",2017,2017-11-07,311,0.6917563813730161,603493,-15.68296843633622,604467,-10.561806987296436,604467,-5.121161449039741,604467
Jagatsinghpur,JGS,1,"1_1_1_1_1_1_1_2_19_959,229",2017,2017-11-07,311,0.7599422731495931,604414,-15.377483529916463,604967,-10.124416597968153,604967,-5.253066931948342,604967
Jagatsinghpur,JGS,1,"1_1_1_1_1_1_1_2_19_960,229",2017,2017-11-07,311,0.776156886781884,732587,-15.399913553278672,733746,-10.345105279175192,733746,-5.0548082741034195,733746
Jagatsinghpur,JGS,1,"1_1_1_1_1_1_1_2_19_961,229",2017,2017-11-07,311,0.7540917230262367,197347,-15.84844567757842,778594,-10.688259048224277,778594,-5.160186629354132,778594
Jagatsinghpur,JGS,1,"1_1_1_1_1_1_1_2_19_962,229",2017,2017-11-07,311,,0,-16.078672941153858,513858,-10.541866339360434,513858,-5.536806601793417,513858
Jagatsinghpur,JGS,1,"1_1_1_1_1_1_1_2_19_963,229",2017,2017-11-07,311,,0,-15.462438820783333,55675,-10.166013190173683,55675,-5.296425630609643,55675
Jagatsinghpur,JGS,1,"1_1_1_1_1_1_1_2_19_964,229",2017,2017-11-07,311,,0,,0,,0,,0
Jagatsinghpur,JGS,1,"1_1_1_1_1_1_1_2_19_957,230",2017,2017-11-07,311,0.6953591050620966,619682,-15.762492562285697,620511,-10.710331052880436,620511,-5.052161509405307,620511
Jagatsinghpur,JGS,1,"1_1_1_1_1_1_1_2_19_958,230",2017,2017-11-07,311,0.7282646787399718,573610,-15.593113337550008,574078,-10.618139905928707,574078,-4.974973431621281,574078
Jagatsinghpur,JGS,1,"1_1_1_1_1_1_1_2_19_959,230",2017,2017-11-07,311,0.7733122059809436,638767,-15.226716215022458,640106,-10.002927779677568,640106,-5.223788435344908,640106
Jagatsinghpur,JGS,1,"1_1_1_1_1_1_1_2_19_960,230",2017,2017-11-07,311,0.7811379416287421,676142,-15.175866540186727,679387,-9.91549871731892,679387,-5.260367822867771,679387
Jagatsinghpur,JGS,1,"1_1_1_1_1_1_1_2_19_961,230",2017,2017-11-07,311,0.7842381816786991,345739,-15.846822779007782,712352,-10.166176880736783,712352,-5.680645898271003,712352
Jagatsinghpur,JGS,1,"1_1_1_1_1_1_1_2_19_962,230",2017,2017-11-07,311,,0,-15.566297143838971,741892,-10.293451516571935,741892,-5.272845627267056,741892
Jagatsinghpur,JGS,1,"1_1_1_1_1_1_1_2_19_963,230",2017,2017-11-07,311,,0,-15.294490360995015,601275,-10.180856070203196,601275,-5.113634290791869,601275
Jagatsinghpur,JGS,1,"1_1_1_1_1_1_1_2_19_964,230",2017,2017-11-07,311,,0,-16.25667586843974,125259,-10.4519183167005,125259,-5.804757551739244,125259
Jagatsinghpur,JGS,1,"1_1_1_1_1_1_1_2_19_965,230",2017,2017-11-07,311,,0,-17.853830736674034,10328,-12.249180823264716,10328,-5.604649913409314,10328
Jagatsinghpur,JGS,1,"1_1_1_1_1_1_1_2_19_957,231",2017,2017-11-07,311,0.6930772315987269,534541,-15.79524386808636,535010,-10.486140357412443,535010,-5.309103510673878,535010
Jagatsinghpur,JGS,1,"1_1_1_1_1_1_1_2_19_958,231",2017,2017-11-07,311,0.71936180850308,647876,-15.486791266208332,649727,-10.338569930189564,649727,-5.148221336018785,649727
Jagatsinghpur,JGS,1,"1_1_1_1_1_1_1_2_19_959,231",2017,2017-11-07,311,0.7425255207635567,543916,-15.3944346314656,544379,-10.274563846214551,544379,-5.119870785251091,544379
Jagatsinghpur,JGS,1,"1_1_1_1_1_1_1_2_19_960,231",2017,2017-11-07,311,0.7322221406722734,523704,-15.295887422188075,525591,-10.021232024313225,525591,-5.2746553978748745,525591
Jagatsinghpur,JGS,1,"1_1_1_1_1_1_1_2_19_961,231",2017,2017-11-07,311,0.7181369519259659,473679,-15.741742071575027,638601,-10.48934196052787,638601,-5.252400111047143,638601
Jagatsinghpur,JGS,1,"1_1_1_1_1_1_1_2_19_962,231",2017,2017-11-07,311,,0,-16.179067601412534,661478,-10.991703969957175,661478,-5.187363631455322,661478
Jagatsinghpur,JGS,1,"1_1_1_1_1_1_1_2_19_963,231",2017,2017-11-07,311,,0,-15.469873815950447,623890,-10.568398856050669,623890,-4.9014749598997875,623890
Jagatsinghpur,JGS,1,"1_1_1_1_1_1_1_2_19_964,231",2017,2017-11-07,311,,0,-14.668645602670967,543323,-10.026886745274407,543323,-4.64175885739658,543323
Jagatsinghpur,JGS,1,"1_1_1_1_1_1_1_2_20_961,226",2017,2017-11-17,321,,0,,0,,0,,0
Jagatsinghpur,JGS,1,"1_1_1_1_1_1_1_2_20_959,227",2017,2017-11-17,321,0.5950506106105238,508415,,0,,0,,0
Jagatsinghpur,JGS,1,"1_1_1_1_1_1_1_2_20_960,227",2017,2017-11-17,321,0.5536696009956128,331371,,0,,0,,0
Jagatsinghpur,JGS,1,"1_1_1_1_1_1_1_2_20_961,227",2017,2017-11-17,321,,0,,0,,0,,0
Jagatsinghpur,JGS,1,"1_1_1_1_1_1_1_2_20_962,227",2017,2017-11-17,321,,0,,0,,0,,0
Jagatsinghpur,JGS,1,"1_1_1_1_1_1_1_2_20_958,228",2017,2017-11-17,321,0.5886881749544308,654890,,0,,0,,0
Jagatsinghpur,JGS,1,"1_1_1_1_1_1_1_2_20_959,228",2017,2017-11-17,321,0.5744576745155577,651626,,0,,0,,0
Jagatsinghpur,JGS,1,"1_1_1_1_1_1_1_2_20_960,228",2017,2017-11-17,321,0.6271332670640265,640269,,0,,0,,0
Jagatsinghpur,JGS,1,"1_1_1_1_1_1_1_2_20_961,228",2017,2017-11-17,321,0.6545379337802371,5398,,0,,0,,0
Jagatsinghpur,JGS,1,"1_1_1_1_1_1_1_2_20_962,228",2017,2017-11-17,321,,0,,0,,0,,0
Jagatsinghpur,JGS,1,"1_1_1_1_1_1_1_2_20_958,229",2017,2017-11-17,321,0.6146075958099131,602399,,0,,0,,0
Jagatsinghpur,JGS,1,"1_1_1_1_1_1_1_2_20_959,229",2017,2017-11-17,321,0.6448696925763115,603903,,0,,0,,0
Jagatsinghpur,JGS,1,"1_1_1_1_1_1_1_2_20_960,229",2017,2017-11-17,321,0.6619558231299298,725746,,0,,0,,0
Jagatsinghpur,JGS,1,"1_1_1_1_1_1_1_2_20_961,229",2017,2017-11-17,321,0.6591239146626605,134612,,0,,0,,0
Jagatsinghpur,JGS,1,"1_1_1_1_1_1_1_2_20_962,229",2017,2017-11-17,321,,0,,0,,0,,0
Jagatsinghpur,JGS,1,"1_1_1_1_1_1_1_2_20_963,229",2017,2017-11-17,321,,0,,0,,0,,0
Jagatsinghpur,JGS,1,"1_1_1_1_1_1_1_2_20_964,229",2017,2017-11-17,321,,0,,0,,0,,0
Jagatsinghpur,JGS,1,"1_1_1_1_1_1_1_2_20_957,230",2017,2017-11-17,321,0.6249936349316874,619281,,0,,0,,0
Jagatsinghpur,JGS,1,"1_1_1_1_1_1_1_2_20_958,230",2017,2017-11-17,321,0.6440626680161881,572963,,0,,0,,0
Jagatsinghpur,JGS,1,"1_1_1_1_1_1_1_2_20_959,230",2017,2017-11-17,321,0.6644283760724927,638980,,0,,0,,0
Jagatsinghpur,JGS,1,"1_1_1_1_1_1_1_2_20_960,230",2017,2017-11-17,321,0.6575558493443072,674272,,0,,0,,0
Jagatsinghpur,JGS,1,"1_1_1_1_1_1_1_2_20_961,230",2017,2017-11-17,321,0.6903169555347599,279572,,0,,0,,0
Jagatsinghpur,JGS,1,"1_1_1_1_1_1_1_2_20_962,230",2017,2017-11-17,321,,0,,0,,0,,0
Jagatsinghpur,JGS,1,"1_1_1_1_1_1_1_2_20_963,230",2017,2017-11-17,321,,0,,0,,0,,0
Jagatsinghpur,JGS,1,"1_1_1_1_1_1_1_2_20_964,230",2017,2017-11-17,321,,0,,0,,0,,0
Jagatsinghpur,JGS,1,"1_1_1_1_1_1_1_2_20_965,230",2017,2017-11-17,321,,0,,0,,0,,0
Jagatsinghpur,JGS,1,"1_1_1_1_1_1_1_2_20_957,231",2017,2017-11-17,321,0.6378517832617093,533840,,0,,0,,0
Jagatsinghpur,JGS,1,"1_1_1_1_1_1_1_2_20_958,231",2017,2017-11-17,321,0.6478695527963947,645529,,0,,0,,0
Jagatsinghpur,JGS,1,"1_1_1_1_1_1_1_2_20_959,231",2017,2017-11-17,321,0.6664943659382999,542471,,0,,0,,0
Jagatsinghpur,JGS,1,"1_1_1_1_1_1_1_2_20_960,231",2017,2017-11-17,321,0.6449095480666286,520537,,0,,0,,0
Jagatsinghpur,JGS,1,"1_1_1_1_1_1_1_2_20_961,231",2017,2017-11-17,321,0.6259056825988767,409191,,0,,0,,0
Jagatsinghpur,JGS,1,"1_1_1_1_1_1_1_2_20_962,231",2017,2017-11-17,321,,0,,0,,0,,0
Jagatsinghpur,JGS,1,"1_1_1_1_1_1_1_2_20_963,231",2017,2017-11-17,321,,0,,0,,0,,0
Jagatsinghpur,JGS,1,"1_1_1_1_1_1_1_2_20_964,231",2017,2017-11-17,321,,0,,0,,0,,0
Jagatsinghpur,JGS,1,"1_1_1_1_1_1_1_2_21_961,226",2017,2017-11-27,331,0.3984831726228591,12310,-15.718167817910933,12383,-10.476586890625198,12383,-5.241580927285864,12383
Jagatsinghpur,JGS,1,"1_1_1_1_1_1_1_2_21_959,227",2017,2017-11-27,331,0.5100718708047586,510204,-15.080849237238573,510204,-9.99107976163017,510204,-5.089769475608435,510204
Jagatsinghpur,JGS,1,"1_1_1_1_1_1_1_2_21_960,227",2017,2017-11-27,331,0.4717666031408767,432277,-15.283939841354497,432279,-9.890798898264528,432279,-5.393140943089936,432279
Jagatsinghpur,JGS,1,"1_1_1_1_1_1_1_2_21_961,227",2017,2017-11-27,331,0.39841943066152513,447540,-15.153628272780361,447583,-9.875768656907447,447583,-5.277859615872938,447583
Jagatsinghpur,JGS,1,"1_1_1_1_1_1_1_2_21_962,227",2017,2017-11-27,331,0.3143523111431554,786,-18.691235174590158,786,-12.385706727420397,786,-6.305528447169759,786
Jagatsinghpur,JGS,1,"1_1_1_1_1_1_1_2_21_958,228",2017,2017-11-27,331,0.5048357053276529,657750,-15.512940833623489,657750,-10.513192301639677,657750,-4.999748531983821,657750
Jagatsinghpur,JGS,1,"1_1_1_1_1_1_1_2_21_959,228",2017,2017-11-27,331,0.49735653628400245,653259,-15.186556912877247,653265,-9.906266188843048,653265,-5.2802907240342245,653265
Jagatsinghpur,JGS,1,"1_1_1_1_1_1_1_2_21_960,228",2017,2017-11-27,331,0.5236934578863243,693526,-14.56612131355055,693526,-9.671955636101734,693526,-4.894165677448764,693526
Jagatsinghpur,JGS,1,"1_1_1_1_1_1_1_2_21_961,228",2017,2017-11-27,331,0.43333606288619775,728813,-14.824017847665473,728813,-9.995381581861281,728813,-4.8286362658042306,728813
Jagatsinghpur,JGS,1,"1_1_1_1_1_1_1_2_21_962,228",2017,2017-11-27,331,0.3634334697460338,246954,-17.075448114578425,246956,-11.038449270013023,246956,-6.036998844565394,246956
Jagatsinghpur,JGS,1,"1_1_1_1_1_1_1_2_21_958,229",2017,2017-11-27,331,0.5399103324455937,604467,-15.635670892306571,604467,-10.476062254265859,604467,-5.159608638040725,604467
Jagatsinghpur,JGS,1,"1_1_1_1_1_1_1_2_21_959,229",2017,2017-11-27,331,0.5482793415926137,604967,-15.289016448633753,604967,-10.169517831639316,604967,-5.119498616994443,604967
Jagatsinghpur,JGS,1,"1_1_1_1_1_1_1_2_21_960,229",2017,2017-11-27,331,0.5644324358413965,733746,-14.57264218187248,733746,-9.66092842312709,733746,-4.911713758745393,733746
Jagatsinghpur,JGS,1,"1_1_1_1_1_1_1_2_21_961,229",2017,2017-11-27,331,0.501942530885734,778594,-14.949061039006441,778594,-10.244238897597498,778594,-4.704822141408903,778594
Jagatsinghpur,JGS,1,"1_1_1_1_1_1_1_2_21_962,229",2017,2017-11-27,331,0.4188011360629104,513858,-15.969286994756041,513858,-10.626279303497373,513858,-5.343007691258683,513858
Jagatsinghpur,JGS,1,"1_1_1_1_1_1_1_2_21_963,229",2017,2017-11-27,331,0.49568128879106776,55674,-14.998057351852538,55675,-9.64713693087896,55675,-5.350920420973507,55675
Jagatsinghpur,JGS,1,"1_1_1_1_1_1_1_2_21_964,229",2017,2017-11-27,331,,0,,0,,0,,0
Jagatsinghpur,JGS,1,"1_1_1_1_1_1_1_2_21_957,230",2017,2017-11-27,331,0.5347155506562523,619947,-16.012014821333228,620511,-10.904512781290235,620511,-5.107502040043019,620511
Jagatsinghpur,JGS,1,"1_1_1_1_1_1_1_2_21_958,230",2017,2017-11-27,331,0.5472105977479279,574078,-15.545466752914091,574078,-10.577632132582103,574078,-4.967834620332002,574078
Jagatsinghpur,JGS,1,"1_1_1_1_1_1_1_2_21_959,230",2017,2017-11-27,331,0.5514101270320833,640106,-14.96510927088136,640106,-9.940645396488215,640106,-5.02446387439315,640106
Jagatsinghpur,JGS,1,"1_1_1_1_1_1_1_2_21_960,230",2017,2017-11-27,331,0.5541099904868227,679387,-14.500599933521883,679387,-9.627440740114125,679387,-4.873159193407739,679387
Jagatsinghpur,JGS,1,"1_1_1_1_1_1_1_2_21_961,230",2017,2017-11-27,331,0.578874175906375,712352,-14.968074697120962,712352,-9.97059819402509,712352,-4.997476503095894,712352
Jagatsinghpur,JGS,1,"1_1_1_1_1_1_1_2_21_962,230",2017,2017-11-27,331,0.533254076732783,741892,-14.759547615802136,741892,-10.123054613468334,741892,-4.63649300233379,741892
Jagatsinghpur,JGS,1,"1_1_1_1_1_1_1_2_21_963,230",2017,2017-11-27,331,0.4927809795105647,601275,-14.31275216814913,601275,-9.605028001638374,601275,-4.707724166510779,601275
Jagatsinghpur,JGS,1,"1_1_1_1_1_1_1_2_21_964,230",2017,2017-11-27,331,0.5353332853087341,125259,-16.418086010311036,125259,-10.511016119343944,125259,-5.9070698909670885,125259
Jagatsinghpur,JGS,1,"1_1_1_1_1_1_1_2_21_965,230",2017,2017-11-27,331,0.43857242541535907,10328,-18.023570349433093,10328,-12.329949497124717,10328,-5.6936208523084195,10328
Jagatsinghpur,JGS,1,"1_1_1_1_1_1_1_2_21_957,231",2017,2017-11-27,331,0.5479813422413868,534342,-16.071064248324493,535010,-10.83411968746542,535010,-5.2369445608591025,535010
Jagatsinghpur,JGS,1,"1_1_1_1_1_1_1_2_21_958,231",2017,2017-11-27,331,0.5417670869893545,649727,-15.654606822455321,649727,-10.649063048391675,649727,-5.0055437740636615,649727
Jagatsinghpur,JGS,1,"1_1_1_1_1_1_1_2_21_959,231",2017,2017-11-27,331,0.557230504552374,544379,-15.33442909750059,544379,-10.29505664489412,544379,-5.039372452606438,544379
Jagatsinghpur,JGS,1,"1_1_1_1_1_1_1_2_21_960,231",2017,2017-11-27,331,0.5546833873578007,525591,-14.8651089203598,525591,-9.88061685509562,525591,-4.9844920652641775,525591
Jagatsinghpur,JGS,1,"1_1_1_1_1_1_1_2_21_961,231",2017,2017-11-27,331,0.5410358529731634,638601,-15.25996206939349,638601,-10.0424845584669,638601,-5.217477510926524,638601
Jagatsinghpur,JGS,1,"1_1_1_1_1_1_1_2_21_962,231",2017,2017-11-27,331,0.49643667925133056,661478,-15.58974001683633,661478,-10.19371459276979,661478,-5.396025424066556,661478
Jagatsinghpur,JGS,1,"1_1_1_1_1_1_1_2_21_963,231",2017,2017-11-27,331,0.4930810611711517,623052,-14.74433318499449,623890,-9.8479183476774,623890,-4.896414837317106,623890
Jagatsinghpur,JGS,1,"1_1_1_1_1_1_1_2_21_964,231",2017,2017-11-27,331,0.4154982358869585,542909,-14.531728370318877,543323,-9.999496509863603,543323,-4.532231860455327,543323
Jagatsinghpur,JGS,1,"1_1_1_1_1_1_1_2_22_961,226",2017,2017-12-07,341,0.3029911944236369,12319,,0,,0,,0
Jagatsinghpur,JGS,1,"1_1_1_1_1_1_1_2_22_959,227",2017,2017-12-07,341,0.373942307233224,510204,-13.345376630760294,510204,-8.740853668339778,510204,-4.604522962420513,510204
Jagatsinghpur,JGS,1,"1_1_1_1_1_1_1_2_22_960,227",2017,2017-12-07,341,0.3746520867122708,432086,-13.820771188893596,305464,-8.932281715304363,305464,-4.888489473589178,305464
Jagatsinghpur,JGS,1,"1_1_1_1_1_1_1_2_22_961,227",2017,2017-12-07,341,0.30166665645594093,447489,,0,,0,,0
Jagatsinghpur,JGS,1,"1_1_1_1_1_1_1_2_22_962,227",2017,2017-12-07,341,0.2581139975570652,782,,0,,0,,0
Jagatsinghpur,JGS,1,"1_1_1_1_1_1_1_2_22_958,228",2017,2017-12-07,341,0.3965563856788845,657750,-13.11183884531918,657750,-8.673556735395731,657750,-4.438282109923452,657750
Jagatsinghpur,JGS,1,"1_1_1_1_1_1_1_2_22_959,228",2017,2017-12-07,341,0.3763460807343732,653265,-13.144620998298963,653265,-8.58098365857004,653265,-4.563637339728907,653265
Jagatsinghpur,JGS,1,"1_1_1_1_1_1_1_2_22_960,228",2017,2017-12-07,341,0.36794984555867694,693526,-12.4718178561178,573230,-8.291676702172904,573230,-4.180141153944898,573230
Jagatsinghpur,JGS,1,"1_1_1_1_1_1_1_2_22_961,228",2017,2017-12-07,341,0.30785854296565807,728727,,0,,0,,0
Jagatsinghpur,JGS,1,"1_1_1_1_1_1_1_2_22_962,228",2017,2017-12-07,341,0.2935588964846232,246805,,0,,0,,0
Jagatsinghpur,JGS,1,"1_1_1_1_1_1_1_2_22_958,229",2017,2017-12-07,341,0.448085429380034,604467,-13.221690913238419,604467,-8.554368720396097,604467,-4.667322192842358,604467
Jagatsinghpur,JGS,1,"1_1_1_1_1_1_1_2_22_959,229",2017,2017-12-07,341,0.3985192819704096,604967,-13.28187546927312,604967,-8.500091576560672,604967,-4.781783892712502,604967
Jagatsinghpur,JGS,1,"1_1_1_1_1_1_1_2_22_960,229",2017,2017-12-07,341,0.38715370670523164,733746,-12.21531042343822,722923,-8.102861156823868,722923,-4.112449266614332,722923
Jagatsinghpur,JGS,1,"1_1_1_1_1_1_1_2_22_961,229",2017,2017-12-07,341,0.35609956247694907,778594,-12.938169601884528,32464,-8.692752472991486,32464,-4.245417128893036,32464
Jagatsinghpur,JGS,1,"1_1_1_1_1_1_1_2_22_962,229",2017,2017-12-07,341,0.3296898833870576,513858,,0,,0,,0
Jagatsinghpur,JGS,1,"1_1_1_1_1_1_1_2_22_963,229",2017,2017-12-07,341,0.39696828632614645,55674,,0,,0,,0
Jagatsinghpur,JGS,1,"1_1_1_1_1_1_1_2_22_964,229",2017,2017-12-07,341,,0,,0,,0,,0
Jagatsinghpur,JGS,1,"1_1_1_1_1_1_1_2_22_957,230",2017,2017-12-07,341,0.43006256136835413,620511,-13.701841373927985,619501,-8.992845694331635,619501,-4.708995679596368,619501
Jagatsinghpur,JGS,1,"1_1_1_1_1_1_1_2_22_958,230",2017,2017-12-07,341,0.4180948859874212,574078,-13.294545520633063,573101,-8.689324195601083,573101,-4.605221325031975,573101
Jagatsinghpur,JGS,1,"1_1_1_1_1_1_1_2_22_959,230",2017,2017-12-07,341,0.38154968887629703,640106,-12.98452925945709,639198,-8.415247367926135,639198,-4.5692818915308955,639198
Jagatsinghpur,JGS,1,"1_1_1_1_1_1_1_2_22_960,230",2017,2017-12-07,341,0.38284801385383527,679387,-12.269929561766196,679340,-8.050886691350563,679340,-4.219042870415673,679340
Jagatsinghpur,JGS,1,"1_1_1_1_1_1_1_2_22_961,230",2017,2017-12-07,341,0.39994777193453285,712352,-12.448060687816142,153030,-8.200475840493606,153030,-4.247584847322573,153030
Jagatsinghpur,JGS,1,"1_1_1_1_1_1_1_2_22_962,230",2017,2017-12-07,341,0.3781536687882741,741892,,0,,0,,0
Jagatsinghpur,JGS,1,"1_1_1_1_1_1_1_2_22_963,230",2017,2017-12-07,341,0.3638850341589384,601275,,0,,0,,0
Jagatsinghpur,JGS,1,"1_1_1_1_1_1_1_2_22_964,230",2017,2017-12-07,341,0.46751647194549956,125241,,0,,0,,0
Jagatsinghpur,JGS,1,"1_1_1_1_1_1_1_2_22_965,230",2017,2017-12-07,341,0.3528731593405302,10292,,0,,0,,0
Jagatsinghpur,JGS,1,"1_1_1_1_1_1_1_2_22_957,231",2017,2017-12-07,341,0.4390586395767239,535010,-14.20972031182145,535010,-9.12002163626432,535010,-5.0896986755571145,535010
Jagatsinghpur,JGS,1,"1_1_1_1_1_1_1_2_22_958,231",2017,2017-12-07,341,0.40902041725570387,649727,-13.740555347366799,649727,-8.950191703890221,649727,-4.790363643476558,649727
Jagatsinghpur,JGS,1,"1_1_1_1_1_1_1_2_22_959,231",2017,2017-12-07,341,0.423548376606172,544379,-13.24748396801631,544379,-8.427473074453,544379,-4.820010893563305,544379
Jagatsinghpur,JGS,1,"1_1_1_1_1_1_1_2_22_960,231",2017,2017-12-07,341,0.4339337973582401,525591,-12.766584047379787,525591,-8.205298086177747,525591,-4.561285961202039,525591
Jagatsinghpur,JGS,1,"1_1_1_1_1_1_1_2_22_961,231",2017,2017-12-07,341,0.4473476556325324,638601,-13.009433452863005,270132,-8.35301293876543,270132,-4.656420514097633,270132
Jagatsinghpur,JGS,1,"1_1_1_1_1_1_1_2_22_962,231",2017,2017-12-07,341,0.42088020746622645,661478,,0,,0,,0
Jagatsinghpur,JGS,1,"1_1_1_1_1_1_1_2_22_963,231",2017,2017-12-07,341,0.3818966023064542,623772,,0,,0,,0
Jagatsinghpur,JGS,1,"1_1_1_1_1_1_1_2_22_964,231",2017,2017-12-07,341,0.32728397147668936,542758,,0,,0,,0
Jagatsinghpur,JGS,1,"1_1_1_1_1_1_1_2_23_961,226",2017,2017-12-17,351,0.31327153550935566,12350,,0,,0,,0
Jagatsinghpur,JGS,1,"1_1_1_1_1_1_1_2_23_959,227",2017,2017-12-17,351,0.37547231448463053,510182,-13.901052869930126,510204,-8.734605681091631,510204,-5.166447188838504,510204
Jagatsinghpur,JGS,1,"1_1_1_1_1_1_1_2_23_960,227",2017,2017-12-17,351,0.3680194039577464,432253,-14.225576210403203,301343,-8.733605979091939,301343,-5.491970231311239,301343
Jagatsinghpur,JGS,1,"1_1_1_1_1_1_1_2_23_961,227",2017,2017-12-17,351,0.3197352524834665,447559,,0,,0,,0
Jagatsinghpur,JGS,1,"1_1_1_1_1_1_1_2_23_962,227",2017,2017-12-17,351,0.30278822014704243,786,,0,,0,,0
Jagatsinghpur,JGS,1,"1_1_1_1_1_1_1_2_23_958,228",2017,2017-12-17,351,0.3791703139115257,657750,-14.170016218618887,657750,-9.191067676631349,657750,-4.978948541987535,657750
Jagatsinghpur,JGS,1,"1_1_1_1_1_1_1_2_23_959,228",2017,2017-12-17,351,0.3761337362647507,653265,-13.94621271300289,653265,-8.68485747462026,653265,-5.26135523838262,653265
Jagatsinghpur,JGS,1,"1_1_1_1_1_1_1_2_23_960,228",2017,2017-12-17,351,0.3431116886176366,693526,-13.150641668808108,567010,-8.379608429805566,567010,-4.771033239002554,567010
Jagatsinghpur,JGS,1,"1_1_1_1_1_1_1_2_23_961,228",2017,2017-12-17,351,0.3132379469443848,728813,,0,,0,,0
Jagatsinghpur,JGS,1,"1_1_1_1_1_1_1_2_23_962,228",2017,2017-12-17,351,0.33767858494317576,246956,,0,,0,,0
Jagatsinghpur,JGS,1,"1_1_1_1_1_1_1_2_23_958,229",2017,2017-12-17,351,0.416521333136673,604467,-14.246844115156813,604467,-9.146657489564689,604467,-5.1001866255921735,604467
Jagatsinghpur,JGS,1,"1_1_1_1_1_1_1_2_23_959,229",2017,2017-12-17,351,0.3607026729648085,604967,-13.872106472928849,604967,-8.701055867537953,604967,-5.1710506053909295,604967
Jagatsinghpur,JGS,1,"1_1_1_1_1_1_1_2_23_960,229",2017,2017-12-17,351,0.3456834256306808,733746,-12.762604733796476,719997,-8.390768755458543,719997,-4.371835978337937,719997
Jagatsinghpur,JGS,1,"1_1_1_1_1_1_1_2_23_961,229",2017,2017-12-17,351,0.3518067347168261,778594,-13.68897835693389,27811,-9.080797277647699,27811,-4.6081810792861395,27811
Jagatsinghpur,JGS,1,"1_1_1_1_1_1_1_2_23_962,229",2017,2017-12-17,351,0.3565377456970572,513858,,0,,0,,0
Jagatsinghpur,JGS,1,"1_1_1_1_1_1_1_2_23_963,229",2017,2017-12-17,351,0.43437610651372316,55675,,0,,0,,0
Jagatsinghpur,JGS,1,"1_1_1_1_1_1_1_2_23_964,229",2017,2017-12-17,351,,0,,0,,0,,0
Jagatsinghpur,JGS,1,"1_1_1_1_1_1_1_2_23_957,230",2017,2017-12-17,351,0.39061188415830034,393702,-14.837536609553574,619459,-9.75199048065606,619459,-5.0855461288975485,619459
Jagatsinghpur,JGS,1,"1_1_1_1_1_1_1_2_23_958,230",2017,2017-12-17,351,0.37737655805382714,574078,-14.199587188997565,573062,-9.22240983662459,573062,-4.977177352372968,573062
Jagatsinghpur,JGS,1,"1_1_1_1_1_1_1_2_23_959,230",2017,2017-12-17,351,0.3388411708342647,640106,-13.495769902635182,639223,-8.613983568259448,639223,-4.881786334375726,639223
Jagatsinghpur,JGS,1,"1_1_1_1_1_1_1_2_23_960,230",2017,2017-12-17,351,0.34395631428331924,679387,-12.897221983654068,679360,-8.312165185795795,679360,-4.5850567978582735,679360
Jagatsinghpur,JGS,1,"1_1_1_1_1_1_1_2_23_961,230",2017,2017-12-17,351,0.3689072727728512,712352,-13.064384038829564,147467,-8.444598254882987,147467,-4.619785783946548,147467
Jagatsinghpur,JGS,1,"1_1_1_1_1_1_1_2_23_962,230",2017,2017-12-17,351,0.3656779670652394,741892,,0,,0,,0
Jagatsinghpur,JGS,1,"1_1_1_1_1_1_1_2_23_963,230",2017,2017-12-17,351,0.36810517175656554,601275,,0,,0,,0
Jagatsinghpur,JGS,1,"1_1_1_1_1_1_1_2_23_964,230",2017,2017-12-17,351,0.5306868430390378,125259,,0,,0,,0
Jagatsinghpur,JGS,1,"1_1_1_1_1_1_1_2_23_965,230",2017,2017-12-17,351,0.41087657473738143,10301,,0,,0,,0
Jagatsinghpur,JGS,1,"1_1_1_1_1_1_1_2_23_957,231",2017,2017-12-17,351,0.3828620887612137,248188,-15.046931671077733,535010,-9.861443591149083,535010,-5.185488079928676,535010
Jagatsinghpur,JGS,1,"1_1_1_1_1_1_1_2_23_958,231",2017,2017-12-17,351,0.36621349614296683,649727,-14.373913518733968,649727,-9.42068812307903,649727,-4.953225395654927,649727
Jagatsinghpur,JGS,1,"1_1_1_1_1_1_1_2_23_959,231",2017,2017-12-17,351,0.38796685399592973,544379,-13.998377545671026,544379,-8.938721713116351,544379,-5.059655832554655,544379
Jagatsinghpur,JGS,1,"1_1_1_1_1_1_1_2_23_960,231",2017,2017-12-17,351,0.4050115123600645,525591,-13.642950603336837,525591,-8.737104578076249,525591,-4.905846025260575,525591
Jagatsinghpur,JGS,1,"1_1_1_1_1_1_1_2_23_961,231",2017,2017-12-17,351,0.4271771118478649,638601,-13.984356782380175,265297,-8.816294100527925,265297,-5.168062681852209,265297
Jagatsinghpur,JGS,1,"1_1_1_1_1_1_1_2_23_962,231",2017,2017-12-17,351,0.4208561246650922,661478,,0,,0,,0
Jagatsinghpur,JGS,1,"1_1_1_1_1_1_1_2_23_963,231",2017,2017-12-17,351,0.3824708620448641,623871,,0,,0,,0
Jagatsinghpur,JGS,1,"1_1_1_1_1_1_1_2_23_964,231",2017,2017-12-17,351,0.3542090620572825,542946,,0,,0,,0
Jagatsinghpur,JGS,1,"1_1_1_1_1_1_2_0_961,226",2018,2018-05-01,121,,0,-20.43128219218265,12383,-12.728721957083266,12383,-7.702560235099336,12383
Jagatsinghpur,JGS,1,"1_1_1_1_1_1_2_0_959,227",2018,2018-05-01,121,,0,-17.513678141877556,510204,-10.027944435896007,510204,-7.4857337059815405,510204
Jagatsinghpur,JGS,1,"1_1_1_1_1_1_2_0_960,227",2018,2018-05-01,121,,0,-18.34812810021553,432279,-10.719798630265855,432279,-7.628329469949675,432279
Jagatsinghpur,JGS,1,"1_1_1_1_1_1_2_0_961,227",2018,2018-05-01,121,,0,-21.39634388729805,447583,-12.467892495543342,447583,-8.928451391754669,447583
Jagatsinghpur,JGS,1,"1_1_1_1_1_1_2_0_962,227",2018,2018-05-01,121,,0,-20.146507604616477,786,-11.80770069167035,786,-8.338806912946135,786
Jagatsinghpur,JGS,1,"1_1_1_1_1_1_2_0_958,228",2018,2018-05-01,121,,0,-17.196712101893308,657750,-10.008691275129204,657750,-7.188020826764098,657750
Jagatsinghpur,JGS,1,"1_1_1_1_1_1_2_0_959,228",2018,2018-05-01,121,,0,-17.231610015986675,653265,-9.801026181333755,653265,-7.43058383465293,653265
Jagatsinghpur,JGS,1,"1_1_1_1_1_1_2_0_960,228",2018,2018-05-01,121,,0,-17.536248217385037,693526,-9.902298692153645,693526,-7.633949525231357,693526
Jagatsinghpur,JGS,1,"1_1_1_1_1_1_2_0_961,228",2018,2018-05-01,121,,0,-20.866945654568227,728813,-12.165499125057156,728813,-8.70144652951096,728813
Jagatsinghpur,JGS,1,"1_1_1_1_1_1_2_0_962,228",2018,2018-05-01,121,,0,-20.88514662018516,246956,-12.289306966017406,246956,-8.595839654167754,246956
Jagatsinghpur,JGS,1,"1_1_1_1_1_1_2_0_958,229",2018,2018-05-01,121,,0,-16.32523348884932,604467,-9.667423603562181,604467,-6.657809885287154,604467
Jagatsinghpur,JGS,1,"1_1_1_1_1_1_2_0_959,229",2018,2018-05-01,121,,0,-17.114966775115363,604967,-9.688642526105115,604967,-7.426324249010273,604967
Jagatsinghpur,JGS,1,"1_1_1_1_1_1_2_0_960,229",2018,2018-05-01,121,,0,-17.103868884860763,733746,-9.727095762083929,733746,-7.376773122776819,733746
Jagatsinghpur,JGS,1,"1_1_1_1_1_1_2_0_961,229",2018,2018-05-01,121,,0,-20.02609534123972,778594,-12.329412532231345,778594,-7.696682809008403,778594
Jagatsinghpur,JGS,1,"1_1_1_1_1_1_2_0_962,229",2018,2018-05-01,121,,0,-21.184805151090718,513858,-12.738705293309149,513858,-8.446099857781629,513858
Jagatsinghpur,JGS,1,"1_1_1_1_1_1_2_0_963,229",2018,2018-05-01,121,,0,-19.617480049949098,55675,-12.296818111444688,55675,-7.320661938504536,55675
Jagatsinghpur,JGS,1,"1_1_1_1_1_1_2_0_964,229",2018,2018-05-01,121,,0,,0,,0,,0
Jagatsinghpur,JGS,1,"1_1_1_1_1_1_2_0_957,230",2018,2018-05-01,121,,0,-16.731708747543944,620511,-9.990291211203008,620511,-6.74141753634096,620511
Jagatsinghpur,JGS,1,"1_1_1_1_1_1_2_0_958,230",2018,2018-05-01,121,,0,-16.863114550731375,574078,-9.915484394703611,574078,-6.947630156027799,574078
Jagatsinghpur,JGS,1,"1_1_1_1_1_1_2_0_959,230",2018,2018-05-01,121,,0,-16.533073857294614,640106,-9.393521537649436,640106,-7.139552319645193,640106
Jagatsinghpur,JGS,1,"1_1_1_1_1_1_2_0_960,230",2018,2018-05-01,121,,0,-16.79022707490814,679387,-9.48722933065526,679387,-7.302997744252927,679387
Jagatsinghpur,JGS,1,"1_1_1_1_1_1_2_0_961,230",2018,2018-05-01,121,,0,-18.69725496237379,712352,-11.46395377251002,712352,-7.233301189863768,712352
Jagatsinghpur,JGS,1,"1_1_1_1_1_1_2_0_962,230",2018,2018-05-01,121,,0,-20.54353708057296,741892,-12.426251488614936,741892,-8.117285591958016,741892
Jagatsinghpur,JGS,1,"1_1_1_1_1_1_2_0_963,230",2018,2018-05-01,121,,0,-19.228845582444634,601275,-12.012786622974572,601275,-7.21605895947011,601275
Jagatsinghpur,JGS,1,"1_1_1_1_1_1_2_0_964,230",2018,2018-05-01,121,,0,-17.889748005854763,125259,-11.833049364651563,125259,-6.056698641203217,125259
Jagatsinghpur,JGS,1,"1_1_1_1_1_1_2_0_965,230",2018,2018-05-01,121,,0,-18.611356524720563,10328,-12.121430286862424,10328,-6.4899262378581675,10328
Jagatsinghpur,JGS,1,"1_1_1_1_1_1_2_0_957,231",2018,2018-05-01,121,,0,-17.52177112734705,535010,-10.427676600454609,535010,-7.094094526892474,535010
Jagatsinghpur,JGS,1,"1_1_1_1_1_1_2_0_958,231",2018,2018-05-01,121,,0,-16.71020043303067,649727,-9.725889396879602,649727,-6.984311036151075,649727
Jagatsinghpur,JGS,1,"1_1_1_1_1_1_2_0_959,231",2018,2018-05-01,121,,0,-16.66891941296731,544379,-9.657553411027772,544379,-7.011366001939549,544379
Jagatsinghpur,JGS,1,"1_1_1_1_1_1_2_0_960,231",2018,2018-05-01,121,,0,-17.979612309756323,525591,-10.63431843528836,525591,-7.345293874467948,525591
Jagatsinghpur,JGS,1,"1_1_1_1_1_1_2_0_961,231",2018,2018-05-01,121,,0,-19.022272324410626,638601,-11.624701158059144,638601,-7.397571166351506,638601
Jagatsinghpur,JGS,1,"1_1_1_1_1_1_2_0_962,231",2018,2018-05-01,121,,0,-20.46086888458748,661478,-12.492124004894565,661478,-7.968744879692834,661478
Jagatsinghpur,JGS,1,"1_1_1_1_1_1_2_0_963,231",2018,2018-05-01,121,,0,-19.468766691387994,623890,-11.93074563221494,623890,-7.538021059173148,623890
Jagatsinghpur,JGS,1,"1_1_1_1_1_1_2_0_964,231",2018,2018-05-01,121,,0,-20.201041477573323,543323,-12.29107632129148,543323,-7.909965156281815,543323
Jagatsinghpur,JGS,1,"1_1_1_1_1_1_2_1_961,226",2018,2018-05-11,131,,0,,0,,0,,0
Jagatsinghpur,JGS,1,"1_1_1_1_1_1_2_1_959,227",2018,2018-05-11,131,0.44390716857101437,510204,-17.509038503688924,510204,-9.362253827885322,510204,-8.146784675803591,510204
Jagatsinghpur,JGS,1,"1_1_1_1_1_1_2_1_960,227",2018,2018-05-11,131,0.3746940658779531,315318,-17.920400167533284,295665,-9.637600575180997,295665,-8.28279959235228,295665
Jagatsinghpur,JGS,1,"1_1_1_1_1_1_2_1_961,227",2018,2018-05-11,131,,0,,0,,0,,0
Jagatsinghpur,JGS,1,"1_1_1_1_1_1_2_1_962,227",2018,2018-05-11,131,,0,,0,,0,,0
Jagatsinghpur,JGS,1,"1_1_1_1_1_1_2_1_958,228",2018,2018-05-11,131,0.4421423201384148,657750,-17.024851276035385,657750,-9.302915974031054,657750,-7.721935302004274,657750
Jagatsinghpur,JGS,1,"1_1_1_1_1_1_2_1_959,228",2018,2018-05-11,131,0.4233238632532223,653265,-16.79238073532346,653265,-8.771087173173624,653265,-8.021293562149795,653265
Jagatsinghpur,JGS,1,"1_1_1_1_1_1_2_1_960,228",2018,2018-05-11,131,0.387487411067843,616537,-16.509890648293133,555298,-8.422932303343458,555298,-8.086958344949611,555298
Jagatsinghpur,JGS,1,"1_1_1_1_1_1_2_1_961,228",2018,2018-05-11,131,0.3838614531354782,569,,0,,0,,0
Jagatsinghpur,JGS,1,"1_1_1_1_1_1_2_1_962,228",2018,2018-05-11,131,,0,,0,,0,,0
Jagatsinghpur,JGS,1,"1_1_1_1_1_1_2_1_958,229",2018,2018-05-11,131,0.4903423645163484,604467,-16.991588216317886,604467,-9.908234064790303,604467,-7.083354151527542,604467
Jagatsinghpur,JGS,1,"1_1_1_1_1_1_2_1_959,229",2018,2018-05-11,131,0.3900410378214681,604724,-17.88902803641902,604967,-9.806908689816323,604967,-8.082119346602694,604967
Jagatsinghpur,JGS,1,"1_1_1_1_1_1_2_1_960,229",2018,2018-05-11,131,0.38203929279619864,733746,-15.599879278227489,715681,-7.842434594940441,715681,-7.757444683287037,715681
Jagatsinghpur,JGS,1,"1_1_1_1_1_1_2_1_961,229",2018,2018-05-11,131,0.35565248346584405,103974,-15.431778104976196,20770,-7.873918337794258,20770,-7.557859767181915,20770
Jagatsinghpur,JGS,1,"1_1_1_1_1_1_2_1_962,229",2018,2018-05-11,131,,0,,0,,0,,0
Jagatsinghpur,JGS,1,"1_1_1_1_1_1_2_1_963,229",2018,2018-05-11,131,,0,,0,,0,,0
Jagatsinghpur,JGS,1,"1_1_1_1_1_1_2_1_964,229",2018,2018-05-11,131,,0,,0,,0,,0
Jagatsinghpur,JGS,1,"1_1_1_1_1_1_2_1_957,230",2018,2018-05-11,131,0.4609448247038405,105736,-17.67347055265242,619489,-10.789905760706791,619489,-6.883564791945588,619489
Jagatsinghpur,JGS,1,"1_1_1_1_1_1_2_1_958,230",2018,2018-05-11,131,0.4428062186099798,574078,-18.127602805136288,573116,-10.928856945574662,573116,-7.198745859561627,573116
Jagatsinghpur,JGS,1,"1_1_1_1_1_1_2_1_959,230",2018,2018-05-11,131,0.39694227759956985,640106,-16.46718033030927,639190,-8.688764452634299,639190,-7.778415877674948,639190
Jagatsinghpur,JGS,1,"1_1_1_1_1_1_2_1_960,230",2018,2018-05-11,131,0.36852421030503973,679387,-15.512271823670627,679370,-7.633004936375636,679370,-7.879266887294945,679370
Jagatsinghpur,JGS,1,"1_1_1_1_1_1_2_1_961,230",2018,2018-05-11,131,0.35972492837520664,246313,-15.526641263214358,136636,-7.665309119827907,136636,-7.861332143386485,136636
Jagatsinghpur,JGS,1,"1_1_1_1_1_1_2_1_962,230",2018,2018-05-11,131,,0,,0,,0,,0
Jagatsinghpur,JGS,1,"1_1_1_1_1_1_2_1_963,230",2018,2018-05-11,131,,0,,0,,0,,0
Jagatsinghpur,JGS,1,"1_1_1_1_1_1_2_1_964,230",2018,2018-05-11,131,,0,,0,,0,,0
Jagatsinghpur,JGS,1,"1_1_1_1_1_1_2_1_965,230",2018,2018-05-11,131,,0,,0,,0,,0
Jagatsinghpur,JGS,1,"1_1_1_1_1_1_2_1_957,231",2018,2018-05-11,131,0.3643007174300755,126493,-18.598123848172094,535010,-11.216750980051506,535010,-7.381372868120572,535010
Jagatsinghpur,JGS,1,"1_1_1_1_1_1_2_1_958,231",2018,2018-05-11,131,0.41906606216208125,649727,-17.728381302758276,649727,-10.348516749369475,649727,-7.379864553388842,649727
Jagatsinghpur,JGS,1,"1_1_1_1_1_1_2_1_959,231",2018,2018-05-11,131,0.41465144597293596,544379,-17.174373768252124,544379,-9.608220924160975,544379,-7.566152844091138,544379
Jagatsinghpur,JGS,1,"1_1_1_1_1_1_2_1_960,231",2018,2018-05-11,131,0.3555899608621893,525591,-18.12575336566632,525591,-10.122590023441228,525591,-8.003163342225145,525591
Jagatsinghpur,JGS,1,"1_1_1_1_1_1_2_1_961,231",2018,2018-05-11,131,0.3123798396202619,381831,-17.217211264918596,256839,-8.992256291481352,256839,-8.22495497343724,256839
Jagatsinghpur,JGS,1,"1_1_1_1_1_1_2_1_962,231",2018,2018-05-11,131,,0,,0,,0,,0
Jagatsinghpur,JGS,1,"1_1_1_1_1_1_2_1_963,231",2018,2018-05-11,131,,0,,0,,0,,0
Jagatsinghpur,JGS,1,"1_1_1_1_1_1_2_1_964,231",2018,2018-05-11,131,,0,,0,,0,,0
Jagatsinghpur,JGS,1,"1_1_1_1_1_1_2_2_961,226",2018,2018-05-21,141,,0,-19.63805179342214,12383,-12.620581791416454,12383,-7.017470002005601,12383
Jagatsinghpur,JGS,1,"1_1_1_1_1_1_2_2_959,227",2018,2018-05-21,141,,0,-17.40571318394872,510204,-10.338301095086413,510204,-7.067412088862334,510204
Jagatsinghpur,JGS,1,"1_1_1_1_1_1_2_2_960,227",2018,2018-05-21,141,,0,-17.78982904224686,432279,-10.512200960424614,432279,-7.277628081822281,432279
Jagatsinghpur,JGS,1,"1_1_1_1_1_1_2_2_961,227",2018,2018-05-21,141,,0,-18.91392039499244,447583,-11.034089861513516,447583,-7.879830533478937,447583
Jagatsinghpur,JGS,1,"1_1_1_1_1_1_2_2_962,227",2018,2018-05-21,141,,0,-20.32287030732448,786,-12.158904849953881,786,-8.1639654573706,786
Jagatsinghpur,JGS,1,"1_1_1_1_1_1_2_2_958,228",2018,2018-05-21,141,,0,-16.78216778883025,657750,-9.912267345794147,657750,-6.869900443036113,657750
Jagatsinghpur,JGS,1,"1_1_1_1_1_1_2_2_959,228",2018,2018-05-21,141,,0,-16.677744697388295,653265,-9.772840384513406,653265,-6.904904312874924,653265
Jagatsinghpur,JGS,1,"1_1_1_1_1_1_2_2_960,228",2018,2018-05-21,141,,0,-17.269141976620375,693526,-10.231334983435916,693526,-7.037806993184434,693526
Jagatsinghpur,JGS,1,"1_1_1_1_1_1_2_2_961,228",2018,2018-05-21,141,,0,-18.272013874523722,728813,-10.869245495231528,728813,-7.402768379292227,728813
Jagatsinghpur,JGS,1,"1_1_1_1_1_1_2_2_962,228",2018,2018-05-21,141,,0,-19.523302518177182,246956,-11.705084539475747,246956,-7.818217978701455,246956
Jagatsinghpur,JGS,1,"1_1_1_1_1_1_2_2_958,229",2018,2018-05-21,141,,0,-16.576770725463916,604467,-9.969735530031365,604467,-6.607035195432574,604467
Jagatsinghpur,JGS,1,"1_1_1_1_1_1_2_2_959,229",2018,2018-05-21,141,,0,-18.03839031868109,604967,-10.450826003175386,604967,-7.587564315505632,604967
Jagatsinghpur,JGS,1,"1_1_1_1_1_1_2_2_960,229",2018,2018-05-21,141,,0,-17.249995283761248,733746,-10.089177613320548,733746,-7.160817670440697,733746
Jagatsinghpur,JGS,1,"1_1_1_1_1_1_2_2_961,229",2018,2018-05-21,141,,0,-19.04343349197845,778594,-11.93665874034947,778594,-7.106774751628918,778594
Jagatsinghpur,JGS,1,"1_1_1_1_1_1_2_2_962,229",2018,2018-05-21,141,,0,-19.90912595688354,513858,-12.22374058490617,513858,-7.685385371977358,513858
Jagatsinghpur,JGS,1,"1_1_1_1_1_1_2_2_963,229",2018,2018-05-21,141,,0,-18.910451266072855,55675,-11.73411125997365,55675,-7.176340006099103,55675
Jagatsinghpur,JGS,1,"1_1_1_1_1_1_2_2_964,229",2018,2018-05-21,141,,0,,0,,0,,0
Jagatsinghpur,JGS,1,"1_1_1_1_1_1_2_2_957,230",2018,2018-05-21,141,,0,-16.841604095012332,620511,-10.337601931176788,620511,-6.504002163835544,620511
Jagatsinghpur,JGS,1,"1_1_1_1_1_1_2_2_958,230",2018,2018-05-21,141,,0,-17.430131926248993,574078,-10.454552659530686,574078,-6.9755792667183485,574078
Jagatsinghpur,JGS,1,"1_1_1_1_1_1_2_2_959,230",2018,2018-05-21,141,,0,-17.751245288344897,640106,-10.439155061196036,640106,-7.31209022714883,640106
Jagatsinghpur,JGS,1,"1_1_1_1_1_1_2_2_960,230",2018,2018-05-21,141,,0,-17.56421369533686,679387,-10.240155268303567,679387,-7.324058427033331,679387
Jagatsinghpur,JGS,1,"1_1_1_1_1_1_2_2_961,230",2018,2018-05-21,141,,0,-17.975473547944404,712352,-11.048019135097533,712352,-6.927454412846839,712352
Jagatsinghpur,JGS,1,"1_1_1_1_1_1_2_2_962,230",2018,2018-05-21,141,,0,-18.077720374859926,741892,-10.860061268545936,741892,-7.217659106313923,741892
Jagatsinghpur,JGS,1,"1_1_1_1_1_1_2_2_963,230",2018,2018-05-21,141,,0,-17.716470801200717,601275,-11.068928082830364,601275,-6.6475427183703655,601275
Jagatsinghpur,JGS,1,"1_1_1_1_1_1_2_2_964,230",2018,2018-05-21,141,,0,-17.34974413454123,125259,-11.380765593621364,125259,-5.968978540919854,125259
Jagatsinghpur,JGS,1,"1_1_1_1_1_1_2_2_965,230",2018,2018-05-21,141,,0,-20.000186314893305,10328,-13.562646818618235,10328,-6.437539496275083,10328
Jagatsinghpur,JGS,1,"1_1_1_1_1_1_2_2_957,231",2018,2018-05-21,141,,0,-17.840097787245952,535010,-10.835134341801389,535010,-7.004963445444589,535010
Jagatsinghpur,JGS,1,"1_1_1_1_1_1_2_2_958,231",2018,2018-05-21,141,,0,-17.48328039411441,649727,-10.42878045424921,649727,-7.05449993986519,649727
Jagatsinghpur,JGS,1,"1_1_1_1_1_1_2_2_959,231",2018,2018-05-21,141,,0,-17.25243334148465,544379,-10.13396132587696,544379,-7.11847201560765,544379
Jagatsinghpur,JGS,1,"1_1_1_1_1_1_2_2_960,231",2018,2018-05-21,141,,0,-18.447792938923573,525591,-10.863754309030412,525591,-7.584038629893124,525591
Jagatsinghpur,JGS,1,"1_1_1_1_1_1_2_2_961,231",2018,2018-05-21,141,,0,-19.077147629991735,638601,-11.299153805272862,638601,-7.7779938247189095,638601
Jagatsinghpur,JGS,1,"1_1_1_1_1_1_2_2_962,231",2018,2018-05-21,141,,0,-18.02424507833809,661478,-10.350085681672136,661478,-7.674159396665994,661478
Jagatsinghpur,JGS,1,"1_1_1_1_1_1_2_2_963,231",2018,2018-05-21,141,,0,-17.971240466256173,623890,-10.876435481366979,623890,-7.094804984889215,623890
Jagatsinghpur,JGS,1,"1_1_1_1_1_1_2_2_964,231",2018,2018-05-21,141,,0,-19.333444795129516,543323,-11.907026815646795,543323,-7.426417979482747,543323
Jagatsinghpur,JGS,1,"1_1_1_1_1_1_2_3_961,226",2018,2018-05-31,151,,0,-20.22708181115551,12383,-11.43658753886291,12383,-8.790494272292568,12383
Jagatsinghpur,JGS,1,"1_1_1_1_1_1_2_3_959,227",2018,2018-05-31,151,,0,-17.110726442961006,510204,-9.422164939430687,510204,-7.688561503530318,510204
Jagatsinghpur,JGS,1,"1_1_1_1_1_1_2_3_960,227",2018,2018-05-31,151,,0,-18.096363686393577,432279,-10.181858279489225,432279,-7.914505406904389,432279
Jagatsinghpur,JGS,1,"1_1_1_1_1_1_2_3_961,227",2018,2018-05-31,151,,0,-19.071960054001668,447583,-10.455264248479224,447583,-8.616695805522395,447583
Jagatsinghpur,JGS,1,"1_1_1_1_1_1_2_3_962,227",2018,2018-05-31,151,,0,-20.317171156107623,786,-11.978116464986744,786,-8.33905469112087,786
Jagatsinghpur,JGS,1,"1_1_1_1_1_1_2_3_958,228",2018,2018-05-31,151,,0,-16.699661042788104,657750,-9.543518826838165,657750,-7.156142215949959,657750
Jagatsinghpur,JGS,1,"1_1_1_1_1_1_2_3_959,228",2018,2018-05-31,151,,0,-16.121130387530634,653265,-8.683231512688351,653265,-7.4378988748423245,653265
Jagatsinghpur,JGS,1,"1_1_1_1_1_1_2_3_960,228",2018,2018-05-31,151,,0,-15.519364566030225,693526,-8.253641456045406,693526,-7.26572310998485,693526
Jagatsinghpur,JGS,1,"1_1_1_1_1_1_2_3_961,228",2018,2018-05-31,151,,0,-18.81066034030543,728813,-10.782844948410705,728813,-8.027815391894686,728813
Jagatsinghpur,JGS,1,"1_1_1_1_1_1_2_3_962,228",2018,2018-05-31,151,,0,-20.210504601497004,246956,-11.890544389113318,246956,-8.319960212383636,246956
Jagatsinghpur,JGS,1,"1_1_1_1_1_1_2_3_958,229",2018,2018-05-31,151,,0,-17.145129282734448,604467,-9.985481714753623,604467,-7.159647567980798,604467
Jagatsinghpur,JGS,1,"1_1_1_1_1_1_2_3_959,229",2018,2018-05-31,151,,0,-15.90348862194064,604967,-8.560417554620374,604967,-7.343071067320225,604967
Jagatsinghpur,JGS,1,"1_1_1_1_1_1_2_3_960,229",2018,2018-05-31,151,,0,-16.13334579627415,733746,-9.01145383964328,733746,-7.121891956630842,733746
Jagatsinghpur,JGS,1,"1_1_1_1_1_1_2_3_961,229",2018,2018-05-31,151,,0,-18.002324368913047,778594,-10.779399970111129,778594,-7.22292439880194,778594
Jagatsinghpur,JGS,1,"1_1_1_1_1_1_2_3_962,229",2018,2018-05-31,151,,0,-20.532268175500956,513858,-12.231593839501727,513858,-8.300674335999323,513858
Jagatsinghpur,JGS,1,"1_1_1_1_1_1_2_3_963,229",2018,2018-05-31,151,,0,-18.85883919614344,55675,-11.02457420493052,55675,-7.834264991212976,55675
Jagatsinghpur,JGS,1,"1_1_1_1_1_1_2_3_964,229",2018,2018-05-31,151,,0,,0,,0,,0
Jagatsinghpur,JGS,1,"1_1_1_1_1_1_2_3_957,230",2018,2018-05-31,151,,0,-16.667387109694804,620511,-10.036423374431072,620511,-6.63096373526371,620511
Jagatsinghpur,JGS,1,"1_1_1_1_1_1_2_3_958,230",2018,2018-05-31,151,,0,-17.500550288833946,574078,-10.162821026184139,574078,-7.337729262649833,574078
Jagatsinghpur,JGS,1,"1_1_1_1_1_1_2_3_959,230",2018,2018-05-31,151,,0,-16.4966734111839,640106,-9.197511382127004,640106,-7.299162029056893,640106
Jagatsinghpur,JGS,1,"1_1_1_1_1_1_2_3_960,230",2018,2018-05-31,151,,0,-16.23456203528008,679387,-8.66992024372588,679387,-7.564641791554177,679387
Jagatsinghpur,JGS,1,"1_1_1_1_1_1_2_3_961,230",2018,2018-05-31,151,,0,-17.187607758806983,712352,-10.072804844243908,712352,-7.114802914563011,712352
Jagatsinghpur,JGS,1,"1_1_1_1_1_1_2_3_962,230",2018,2018-05-31,151,,0,-18.718871638594756,741892,-11.05425566680171,741892,-7.664615971793126,741892
Jagatsinghpur,JGS,1,"1_1_1_1_1_1_2_3_963,230",2018,2018-05-31,151,,0,-18.96601863996679,601275,-11.603921748233569,601275,-7.362096891733186,601275
Jagatsinghpur,JGS,1,"1_1_1_1_1_1_2_3_964,230",2018,2018-05-31,151,,0,-17.830685862197154,125259,-11.614898717021486,125259,-6.2157871451756455,125259
Jagatsinghpur,JGS,1,"1_1_1_1_1_1_2_3_965,230",2018,2018-05-31,151,,0,-19.930348811643494,10328,-13.152411160951825,10328,-6.777937650691643,10328
Jagatsinghpur,JGS,1,"1_1_1_1_1_1_2_3_957,231",2018,2018-05-31,151,,0,-17.26094983595433,535010,-10.344387401212018,535010,-6.916562434742277,535010
Jagatsinghpur,JGS,1,"1_1_1_1_1_1_2_3_958,231",2018,2018-05-31,151,,0,-17.64212742449869,649727,-10.249397218482873,649727,-7.392730206015829,649727
Jagatsinghpur,JGS,1,"1_1_1_1_1_1_2_3_959,231",2018,2018-05-31,151,,0,-17.03631104927197,544379,-9.698505057219919,544379,-7.3378059920520355,544379
Jagatsinghpur,JGS,1,"1_1_1_1_1_1_2_3_960,231",2018,2018-05-31,151,,0,-16.44643151728378,525591,-8.826374217632594,525591,-7.620057299651138,525591
Jagatsinghpur,JGS,1,"1_1_1_1_1_1_2_3_961,231",2018,2018-05-31,151,,0,-17.882984158312873,638601,-9.777832343880863,638601,-8.105151814432016,638601
Jagatsinghpur,JGS,1,"1_1_1_1_1_1_2_3_962,231",2018,2018-05-31,151,,0,-18.057010741144104,661478,-10.289658983974213,661478,-7.767351757169879,661478
Jagatsinghpur,JGS,1,"1_1_1_1_1_1_2_3_963,231",2018,2018-05-31,151,,0,-17.669585851598065,623890,-10.422940720423734,623890,-7.246645131174373,623890
Jagatsinghpur,JGS,1,"1_1_1_1_1_1_2_3_964,231",2018,2018-05-31,151,,0,-19.068627518603577,543323,-11.442108162979345,543323,-7.626519355624233,543323
Jagatsinghpur,JGS,1,"1_1_1_1_1_1_2_4_961,226",2018,2018-06-10,161,,0,-18.55059202765658,12383,-10.215454066323652,12383,-8.335137961332935,12383
Jagatsinghpur,JGS,1,"1_1_1_1_1_1_2_4_959,227",2018,2018-06-10,161,,0,-16.987528674707846,510204,-9.607879305982221,510204,-7.37964936872561,510204
Jagatsinghpur,JGS,1,"1_1_1_1_1_1_2_4_960,227",2018,2018-06-10,161,,0,-16.971123974460102,432279,-9.492708515889788,432279,-7.478415458570369,432279
Jagatsinghpur,JGS,1,"1_1_1_1_1_1_2_4_961,227",2018,2018-06-10,161,,0,-17.285897884170115,447583,-9.612824936074736,447583,-7.67307294809526,447583
Jagatsinghpur,JGS,1,"1_1_1_1_1_1_2_4_962,227",2018,2018-06-10,161,,0,-20.29750846111859,786,-12.425796901191344,786,-7.871711559927246,786
Jagatsinghpur,JGS,1,"1_1_1_1_1_1_2_4_958,228",2018,2018-06-10,161,0.385036979929975,560174,-16.620611155304072,657750,-9.74212201358791,657750,-6.878489141716184,657750
Jagatsinghpur,JGS,1,"1_1_1_1_1_1_2_4_959,228",2018,2018-06-10,161,,0,-16.720364376895574,653265,-9.55947021301308,653265,-7.1608941638825,653265
Jagatsinghpur,JGS,1,"1_1_1_1_1_1_2_4_960,228",2018,2018-06-10,161,,0,-16.318045881331916,693526,-9.246201875943768,693526,-7.07184400538813,693526
Jagatsinghpur,JGS,1,"1_1_1_1_1_1_2_4_961,228",2018,2018-06-10,161,,0,-16.961166901614302,728813,-10.017322951703518,728813,-6.94384394991079,728813
Jagatsinghpur,JGS,1,"1_1_1_1_1_1_2_4_962,228",2018,2018-06-10,161,,0,-20.439041458297414,246956,-12.543858747135923,246956,-7.895182711161431,246956
Jagatsinghpur,JGS,1,"1_1_1_1_1_1_2_4_958,229",2018,2018-06-10,161,0.36865609646390873,529773,-16.90477125688965,604467,-9.738558281945467,604467,-7.166212974944139,604467
Jagatsinghpur,JGS,1,"1_1_1_1_1_1_2_4_959,229",2018,2018-06-10,161,,0,-17.151622303547207,604967,-9.78112573828495,604967,-7.37049656526227,604967
Jagatsinghpur,JGS,1,"1_1_1_1_1_1_2_4_960,229",2018,2018-06-10,161,,0,-16.939703739662438,733746,-9.902540157993824,733746,-7.037163581668568,733746
Jagatsinghpur,JGS,1,"1_1_1_1_1_1_2_4_961,229",2018,2018-06-10,161,,0,-16.328772747281384,778594,-9.755273848852633,778594,-6.573498898428706,778594
Jagatsinghpur,JGS,1,"1_1_1_1_1_1_2_4_962,229",2018,2018-06-10,161,,0,-18.59212275841685,513858,-11.17722577996124,513858,-7.414896978455581,513858
Jagatsinghpur,JGS,1,"1_1_1_1_1_1_2_4_963,229",2018,2018-06-10,161,,0,-17.891049806889015,55675,-10.548293135184862,55675,-7.342756671704267,55675
Jagatsinghpur,JGS,1,"1_1_1_1_1_1_2_4_964,229",2018,2018-06-10,161,,0,,0,,0,,0
Jagatsinghpur,JGS,1,"1_1_1_1_1_1_2_4_957,230",2018,2018-06-10,161,0.43381555102088704,356442,-16.274429529722607,620511,-9.892758687000788,620511,-6.381670842721812,620511
Jagatsinghpur,JGS,1,"1_1_1_1_1_1_2_4_958,230",2018,2018-06-10,161,0.3610822763058496,499478,-17.173260636134135,574078,-10.083768821928345,574078,-7.089491814205722,574078
Jagatsinghpur,JGS,1,"1_1_1_1_1_1_2_4_959,230",2018,2018-06-10,161,,0,-17.055874905551704,640106,-9.902435765134149,640106,-7.15343914041754,640106
Jagatsinghpur,JGS,1,"1_1_1_1_1_1_2_4_960,230",2018,2018-06-10,161,,0,-16.687971888041563,679387,-9.476074950039328,679387,-7.211896938002219,679387
Jagatsinghpur,JGS,1,"1_1_1_1_1_1_2_4_961,230",2018,2018-06-10,161,,0,-16.223146684241122,712352,-9.58937601199745,712352,-6.633770672243705,712352
Jagatsinghpur,JGS,1,"1_1_1_1_1_1_2_4_962,230",2018,2018-06-10,161,,0,-16.98600543328107,741892,-10.015161582693784,741892,-6.97084385058729,741892
Jagatsinghpur,JGS,1,"1_1_1_1_1_1_2_4_963,230",2018,2018-06-10,161,,0,-17.152608160894367,601275,-10.263303002340692,601275,-6.889305158553684,601275
Jagatsinghpur,JGS,1,"1_1_1_1_1_1_2_4_964,230",2018,2018-06-10,161,,0,-17.147385837790655,125259,-11.227692113830287,125259,-5.919693723960334,125259
Jagatsinghpur,JGS,1,"1_1_1_1_1_1_2_4_965,230",2018,2018-06-10,161,,0,-20.30036377413072,10328,-12.980904211497819,10328,-7.319459562632939,10328
Jagatsinghpur,JGS,1,"1_1_1_1_1_1_2_4_957,231",2018,2018-06-10,161,0.3791625944098393,222672,-17.03275730387969,535010,-10.361504446515925,535010,-6.67125285736377,535010
Jagatsinghpur,JGS,1,"1_1_1_1_1_1_2_4_958,231",2018,2018-06-10,161,0.3497682824312935,559257,-16.94831056533208,649727,-9.742043025812274,649727,-7.206267539519835,649727
Jagatsinghpur,JGS,1,"1_1_1_1_1_1_2_4_959,231",2018,2018-06-10,161,,0,-16.713158732390088,544379,-9.585584201512681,544379,-7.127574530877407,544379
Jagatsinghpur,JGS,1,"1_1_1_1_1_1_2_4_960,231",2018,2018-06-10,161,,0,-16.83199382524801,525591,-9.550296707310283,525591,-7.2816971179377,525591
Jagatsinghpur,JGS,1,"1_1_1_1_1_1_2_4_961,231",2018,2018-06-10,161,,0,-16.975545960711223,638601,-9.389093686593302,638601,-7.586452274117855,638601
Jagatsinghpur,JGS,1,"1_1_1_1_1_1_2_4_962,231",2018,2018-06-10,161,,0,-16.705766752297002,661478,-9.413754571501347,661478,-7.292012180795656,661478
Jagatsinghpur,JGS,1,"1_1_1_1_1_1_2_4_963,231",2018,2018-06-10,161,,0,-16.163893611913046,623890,-9.477559686836269,623890,-6.6863339250767995,623890
Jagatsinghpur,JGS,1,"1_1_1_1_1_1_2_4_964,231",2018,2018-06-10,161,,0,-17.446990088190965,543323,-10.513130281153781,543323,-6.933859807037175,543323
Jagatsinghpur,JGS,1,"1_1_1_1_1_1_2_5_961,226",2018,2018-06-20,171,,0,-17.84724193359968,12383,-10.159095696304314,12383,-7.688146237295241,12383
Jagatsinghpur,JGS,1,"1_1_1_1_1_1_2_5_959,227",2018,2018-06-20,171,,0,-17.356864855585712,510204,-10.378160931724208,510204,-6.97870392386147,510204
Jagatsinghpur,JGS,1,"1_1_1_1_1_1_2_5_960,227",2018,2018-06-20,171,,0,-17.623195320620617,432279,-10.489818517100577,432279,-7.1333768035200364,432279
Jagatsinghpur,JGS,1,"1_1_1_1_1_1_2_5_961,227",2018,2018-06-20,171,,0,-18.176150163531034,447583,-10.48694688579805,447583,-7.689203277733002,447583
Jagatsinghpur,JGS,1,"1_1_1_1_1_1_2_5_962,227",2018,2018-06-20,171,,0,-20.139979060491175,786,-12.24501640640814,786,-7.8949626540830495,786
Jagatsinghpur,JGS,1,"1_1_1_1_1_1_2_5_958,228",2018,2018-06-20,171,,0,-17.01662674534153,657750,-10.421467642079538,657750,-6.595159103262035,657750
Jagatsinghpur,JGS,1,"1_1_1_1_1_1_2_5_959,228",2018,2018-06-20,171,,0,-17.009867877017307,653265,-10.170521369418147,653265,-6.839346507599205,653265
Jagatsinghpur,JGS,1,"1_1_1_1_1_1_2_5_960,228",2018,2018-06-20,171,,0,-16.782188056638002,693526,-10.147218098249082,693526,-6.634969958388894,693526
Jagatsinghpur,JGS,1,"1_1_1_1_1_1_2_5_961,228",2018,2018-06-20,171,,0,-17.44428193282849,728813,-10.48544093928719,728813,-6.958840993541276,728813
Jagatsinghpur,JGS,1,"1_1_1_1_1_1_2_5_962,228",2018,2018-06-20,171,,0,-19.62373943384547,246956,-11.89215612664506,246956,-7.7315833072004,246956
Jagatsinghpur,JGS,1,"1_1_1_1_1_1_2_5_958,229",2018,2018-06-20,171,,0,-17.468982300804566,604467,-10.746181717965182,604467,-6.722800582839413,604467
Jagatsinghpur,JGS,1,"1_1_1_1_1_1_2_5_959,229",2018,2018-06-20,171,,0,-17.445649489277244,604967,-10.498584738682291,604967,-6.947064750594947,604967
Jagatsinghpur,JGS,1,"1_1_1_1_1_1_2_5_960,229",2018,2018-06-20,171,,0,-17.095010170716716,733746,-10.448749377830273,733746,-6.646260792886413,733746
Jagatsinghpur,JGS,1,"1_1_1_1_1_1_2_5_961,229",2018,2018-06-20,171,,0,-17.07324770103537,778594,-10.576314734699295,778594,-6.496932966336078,778594
Jagatsinghpur,JGS,1,"1_1_1_1_1_1_2_5_962,229",2018,2018-06-20,171,,0,-19.34257403917957,513858,-11.786049398277237,513858,-7.556524640902316,513858
Jagatsinghpur,JGS,1,"1_1_1_1_1_1_2_5_963,229",2018,2018-06-20,171,,0,-19.269660781723285,55675,-11.740985825706458,55675,-7.528674956016832,55675
Jagatsinghpur,JGS,1,"1_1_1_1_1_1_2_5_964,229",2018,2018-06-20,171,,0,,0,,0,,0
Jagatsinghpur,JGS,1,"1_1_1_1_1_1_2_5_957,230",2018,2018-06-20,171,,0,-16.94703506832866,620511,-10.863507917002005,620511,-6.083527151326637,620511
Jagatsinghpur,JGS,1,"1_1_1_1_1_1_2_5_958,230",2018,2018-06-20,171,,0,-17.229720813792216,574078,-10.639501735569446,574078,-6.590219078222722,574078
Jagatsinghpur,JGS,1,"1_1_1_1_1_1_2_5_959,230",2018,2018-06-20,171,,0,-17.29130890223664,640106,-10.485294287643413,640106,-6.806014614593179,640106
Jagatsinghpur,JGS,1,"1_1_1_1_1_1_2_5_960,230",2018,2018-06-20,171,,0,-17.0258691938271,679387,-10.264885533783616,679387,-6.760983660043446,679387
Jagatsinghpur,JGS,1,"1_1_1_1_1_1_2_5_961,230",2018,2018-06-20,171,,0,-16.811467404769523,712352,-10.416258831947106,712352,-6.39520857282243,712352
Jagatsinghpur,JGS,1,"1_1_1_1_1_1_2_5_962,230",2018,2018-06-20,171,,0,-18.259586887720836,741892,-11.268401537962644,741892,-6.991185349758166,741892
Jagatsinghpur,JGS,1,"1_1_1_1_1_1_2_5_963,230",2018,2018-06-20,171,,0,-17.850491521132252,601275,-11.07114678332297,601275,-6.779344737809256,601275
Jagatsinghpur,JGS,1,"1_1_1_1_1_1_2_5_964,230",2018,2018-06-20,171,,0,-17.593448403513484,125259,-11.4148013370999,125259,-6.1786470664135935,125259
Jagatsinghpur,JGS,1,"1_1_1_1_1_1_2_5_965,230",2018,2018-06-20,171,,0,-20.069372193136537,10328,-12.988620198717811,10328,-7.080751994418702,10328
Jagatsinghpur,JGS,1,"1_1_1_1_1_1_2_5_957,231",2018,2018-06-20,171,,0,-17.919517394908727,522065,-11.487213632726487,522065,-6.432303762182174,522065
Jagatsinghpur,JGS,1,"1_1_1_1_1_1_2_5_958,231",2018,2018-06-20,171,,0,-17.562372266265555,649727,-10.703037392799803,649727,-6.859334873465735,649727
Jagatsinghpur,JGS,1,"1_1_1_1_1_1_2_5_959,231",2018,2018-06-20,171,,0,-17.179581188143572,544379,-10.449371218120563,544379,-6.730209970023011,544379
Jagatsinghpur,JGS,1,"1_1_1_1_1_1_2_5_960,231",2018,2018-06-20,171,,0,-18.14993335929114,525591,-10.956198041512751,525591,-7.193735317778366,525591
Jagatsinghpur,JGS,1,"1_1_1_1_1_1_2_5_961,231",2018,2018-06-20,171,,0,-18.27124440986749,638601,-10.989993056992626,638601,-7.28125135287483,638601
Jagatsinghpur,JGS,1,"1_1_1_1_1_1_2_5_962,231",2018,2018-06-20,171,,0,-18.656394096292964,661478,-11.354062068344563,661478,-7.302332027948443,661478
Jagatsinghpur,JGS,1,"1_1_1_1_1_1_2_5_963,231",2018,2018-06-20,171,,0,-17.34750547789966,623890,-10.7415543004566,623890,-6.6059511774431225,623890
Jagatsinghpur,JGS,1,"1_1_1_1_1_1_2_5_964,231",2018,2018-06-20,171,,0,-18.421780657249332,543323,-11.500570148165567,543323,-6.921210509083782,543323
Jagatsinghpur,JGS,1,"1_1_1_1_1_1_2_6_961,226",2018,2018-06-30,181,,0,-18.340473561617955,12383,-10.723364874490954,12383,-7.617108687126976,12383
Jagatsinghpur,JGS,1,"1_1_1_1_1_1_2_6_959,227",2018,2018-06-30,181,,0,-16.557717729942024,510204,-9.679019706573621,510204,-6.935317899120877,510204
Jagatsinghpur,JGS,1,"1_1_1_1_1_1_2_6_960,227",2018,2018-06-30,181,,0,-16.51269470067133,432279,-9.684367922219376,432279,-6.87883251350442,432279
Jagatsinghpur,JGS,1,"1_1_1_1_1_1_2_6_961,227",2018,2018-06-30,181,,0,-17.92746558750027,447583,-10.339212410103006,447583,-7.5882531773972905,447583
Jagatsinghpur,JGS,1,"1_1_1_1_1_1_2_6_962,227",2018,2018-06-30,181,,0,-20.324785908154965,786,-12.780919228865923,786,-7.543866679289041,786
Jagatsinghpur,JGS,1,"1_1_1_1_1_1_2_6_958,228",2018,2018-06-30,181,,0,-15.577871158718676,657750,-9.152114524898566,657750,-6.488690608447557,657750
Jagatsinghpur,JGS,1,"1_1_1_1_1_1_2_6_959,228",2018,2018-06-30,181,,0,-16.119338599842692,653265,-9.405803772448797,653265,-6.769140816984453,653265
Jagatsinghpur,JGS,1,"1_1_1_1_1_1_2_6_960,228",2018,2018-06-30,181,,0,-16.153686342086296,693526,-9.502106806110536,693526,-6.677134751007165,693526
Jagatsinghpur,JGS,1,"1_1_1_1_1_1_2_6_961,228",2018,2018-06-30,181,,0,-18.39901923554997,728813,-10.775819468374651,728813,-7.623199767175397,728813
Jagatsinghpur,JGS,1,"1_1_1_1_1_1_2_6_962,228",2018,2018-06-30,181,,0,-21.744960010912106,246956,-12.69375938449096,246956,-9.051200626421151,246956
Jagatsinghpur,JGS,1,"1_1_1_1_1_1_2_6_958,229",2018,2018-06-30,181,,0,-16.229178638178517,604467,-9.554541434349614,604467,-6.6713270759042365,604467
Jagatsinghpur,JGS,1,"1_1_1_1_1_1_2_6_959,229",2018,2018-06-30,181,,0,-16.056788580496285,604967,-9.150438364101804,604967,-6.960088998892227,604967
Jagatsinghpur,JGS,1,"1_1_1_1_1_1_2_6_960,229",2018,2018-06-30,181,,0,-15.775247303053998,733746,-9.273196854192157,733746,-6.5609710379769295,733746
Jagatsinghpur,JGS,1,"1_1_1_1_1_1_2_6_961,229",2018,2018-06-30,181,,0,-16.77321039251996,778594,-9.95403670055934,778594,-6.821902666133165,778594
Jagatsinghpur,JGS,1,"1_1_1_1_1_1_2_6_962,229",2018,2018-06-30,181,,0,-21.073591281702008,513858,-12.610284972915432,513858,-8.46330630878656,513858
Jagatsinghpur,JGS,1,"1_1_1_1_1_1_2_6_963,229",2018,2018-06-30,181,,0,-23.440654932015136,55675,-13.82518922781904,55675,-9.615465704196144,55675
Jagatsinghpur,JGS,1,"1_1_1_1_1_1_2_6_964,229",2018,2018-06-30,181,,0,,0,,0,,0
Jagatsinghpur,JGS,1,"1_1_1_1_1_1_2_6_957,230",2018,2018-06-30,181,,0,-16.21145649513976,620511,-9.859020561575367,620511,-6.37276963000909,620511
Jagatsinghpur,JGS,1,"1_1_1_1_1_1_2_6_958,230",2018,2018-06-30,181,,0,-16.02504180746257,574078,-9.464835100791042,574078,-6.607595664918171,574078
Jagatsinghpur,JGS,1,"1_1_1_1_1_1_2_6_959,230",2018,2018-06-30,181,,0,-16.336957087506427,640106,-9.326084384421732,640106,-7.069959279242212,640106
Jagatsinghpur,JGS,1,"1_1_1_1_1_1_2_6_960,230",2018,2018-06-30,181,,0,-15.81163184751394,679387,-8.925393224277803,679387,-6.93582308065855,679387
Jagatsinghpur,JGS,1,"1_1_1_1_1_1_2_6_961,230",2018,2018-06-30,181,,0,-17.505177080009403,712352,-10.172979519318691,712352,-7.338316201358873,712352
Jagatsinghpur,JGS,1,"1_1_1_1_1_1_2_6_962,230",2018,2018-06-30,181,,0,-19.881696624512614,741892,-11.371076783297587,741892,-8.510619841214991,741892
Jagatsinghpur,JGS,1,"1_1_1_1_1_1_2_6_963,230",2018,2018-06-30,181,,0,-19.630986412268147,601275,-11.546106414240525,601275,-8.084879998027601,601275
Jagatsinghpur,JGS,1,"1_1_1_1_1_1_2_6_964,230",2018,2018-06-30,181,,0,-17.81160613927393,125259,-10.704431907311463,125259,-7.1071742319624445,125259
Jagatsinghpur,JGS,1,"1_1_1_1_1_1_2_6_965,230",2018,2018-06-30,181,,0,-19.856243396989715,10328,-12.612011838721967,10328,-7.244231558267691,10328
Jagatsinghpur,JGS,1,"1_1_1_1_1_1_2_6_957,231",2018,2018-06-30,181,,0,-16.91885238713536,535010,-10.202456044948102,535010,-6.745089909494439,535010
Jagatsinghpur,JGS,1,"1_1_1_1_1_1_2_6_958,231",2018,2018-06-30,181,,0,-16.642896094371018,649727,-9.782714687773574,649727,-6.90629921398025,649727
Jagatsinghpur,JGS,1,"1_1_1_1_1_1_2_6_959,231",2018,2018-06-30,181,,0,-16.24512993228105,544379,-9.455745408526285,544379,-6.83171958011312,544379
Jagatsinghpur,JGS,1,"1_1_1_1_1_1_2_6_960,231",2018,2018-06-30,181,,0,-17.693882083106114,525591,-10.340682892989062,525591,-7.387663401495224,525591
Jagatsinghpur,JGS,1,"1_1_1_1_1_1_2_6_961,231",2018,2018-06-30,181,,0,-17.99757338585884,638601,-10.476959213660363,638601,-7.539029053050985,638601
Jagatsinghpur,JGS,1,"1_1_1_1_1_1_2_6_962,231",2018,2018-06-30,181,,0,-18.21016722755602,661478,-10.3680926859086,661478,-7.842074541647431,661478
Jagatsinghpur,JGS,1,"1_1_1_1_1_1_2_6_963,231",2018,2018-06-30,181,,0,-16.99787951524077,623890,-9.865659063325364,623890,-7.132220451915385,623890
Jagatsinghpur,JGS,1,"1_1_1_1_1_1_2_6_964,231",2018,2018-06-30,181,,0,-18.09922432754298,543323,-10.946030322448124,543323,-7.153194005094894,543323
Jagatsinghpur,JGS,1,"1_1_1_1_1_1_2_7_961,226",2018,2018-07-10,191,,0,-20.356761385768515,12383,-11.020749080837012,12383,-9.336012304931414,12383
Jagatsinghpur,JGS,1,"1_1_1_1_1_1_2_7_959,227",2018,2018-07-10,191,,0,-16.080819677578617,510204,-9.033176513039724,510204,-7.047643164538921,510204
Jagatsinghpur,JGS,1,"1_1_1_1_1_1_2_7_960,227",2018,2018-07-10,191,,0,-16.403737639236063,432279,-9.387708010946278,432279,-7.0160296282897745,432279
Jagatsinghpur,JGS,1,"1_1_1_1_1_1_2_7_961,227",2018,2018-07-10,191,,0,-19.36997372129481,447583,-10.850595685662489,447583,-8.519378035632263,447583
Jagatsinghpur,JGS,1,"1_1_1_1_1_1_2_7_962,227",2018,2018-07-10,191,,0,-21.248127609178834,786,-13.194388878021911,786,-8.053738731156932,786
Jagatsinghpur,JGS,1,"1_1_1_1_1_1_2_7_958,228",2018,2018-07-10,191,,0,-15.677766948041391,657750,-9.108094241720195,657750,-6.569672706321182,657750
Jagatsinghpur,JGS,1,"1_1_1_1_1_1_2_7_959,228",2018,2018-07-10,191,,0,-15.868046279625151,653265,-8.8896060371111,653265,-6.97844024251407,653265
Jagatsinghpur,JGS,1,"1_1_1_1_1_1_2_7_960,228",2018,2018-07-10,191,,0,-16.431732044959098,693526,-9.440280095655949,693526,-6.991451949303132,693526
Jagatsinghpur,JGS,1,"1_1_1_1_1_1_2_7_961,228",2018,2018-07-10,191,,0,-19.24787519328907,728813,-11.014716282996847,728813,-8.233158910292259,728813
Jagatsinghpur,JGS,1,"1_1_1_1_1_1_2_7_962,228",2018,2018-07-10,191,,0,-22.825496300613707,246956,-13.008257530759638,246956,-9.817238769854091,246956
Jagatsinghpur,JGS,1,"1_1_1_1_1_1_2_7_958,229",2018,2018-07-10,191,,0,-15.552474756657187,604467,-8.903598800691249,604467,-6.648875955965971,604467
Jagatsinghpur,JGS,1,"1_1_1_1_1_1_2_7_959,229",2018,2018-07-10,191,,0,-15.75343653423164,604967,-8.660817872017034,604967,-7.092618662214598,604967
Jagatsinghpur,JGS,1,"1_1_1_1_1_1_2_7_960,229",2018,2018-07-10,191,,0,-15.902064849557487,733746,-9.072600701579393,733746,-6.8294641479780385,733746
Jagatsinghpur,JGS,1,"1_1_1_1_1_1_2_7_961,229",2018,2018-07-10,191,,0,-17.399111864814248,778594,-10.007473671172011,778594,-7.391638193642265,778594
Jagatsinghpur,JGS,1,"1_1_1_1_1_1_2_7_962,229",2018,2018-07-10,191,,0,-22.151335351121137,513858,-12.664790325330442,513858,-9.486545025790727,513858
Jagatsinghpur,JGS,1,"1_1_1_1_1_1_2_7_963,229",2018,2018-07-10,191,,0,-22.25411554692955,55675,-12.178677322769495,55675,-10.075438224160077,55675
Jagatsinghpur,JGS,1,"1_1_1_1_1_1_2_7_964,229",2018,2018-07-10,191,,0,,0,,0,,0
Jagatsinghpur,JGS,1,"1_1_1_1_1_1_2_7_957,230",2018,2018-07-10,191,,0,-15.532960147783296,620511,-9.293184244713151,620511,-6.239775903070129,620511
Jagatsinghpur,JGS,1,"1_1_1_1_1_1_2_7_958,230",2018,2018-07-10,191,,0,-15.586492251148288,574078,-9.046479749605247,574078,-6.540012501543107,574078
Jagatsinghpur,JGS,1,"1_1_1_1_1_1_2_7_959,230",2018,2018-07-10,191,,0,-16.06099025223892,640106,-8.911207054310763,640106,-7.149783197928158,640106
Jagatsinghpur,JGS,1,"1_1_1_1_1_1_2_7_960,230",2018,2018-07-10,191,,0,-16.400351868960232,679387,-9.151510327697308,679387,-7.248841541262959,679387
Jagatsinghpur,JGS,1,"1_1_1_1_1_1_2_7_961,230",2018,2018-07-10,191,,0,-17.911330485536876,712352,-10.329095365690513,712352,-7.5822351198463664,712352
Jagatsinghpur,JGS,1,"1_1_1_1_1_1_2_7_962,230",2018,2018-07-10,191,,0,-19.03554975291427,741892,-10.760180655556175,741892,-8.275369097358121,741892
Jagatsinghpur,JGS,1,"1_1_1_1_1_1_2_7_963,230",2018,2018-07-10,191,,0,-19.172041212923926,601275,-11.04427544333571,601275,-8.127765769588148,601275
Jagatsinghpur,JGS,1,"1_1_1_1_1_1_2_7_964,230",2018,2018-07-10,191,,0,-17.75472735837122,125259,-10.722950711125007,125259,-7.031776647246236,125259
Jagatsinghpur,JGS,1,"1_1_1_1_1_1_2_7_965,230",2018,2018-07-10,191,,0,-20.860180594116382,10328,-13.035559184870992,10328,-7.824621409245314,10328
Jagatsinghpur,JGS,1,"1_1_1_1_1_1_2_7_957,231",2018,2018-07-10,191,,0,-16.311504227381917,535010,-9.564449999230474,535010,-6.747054228151413,535010
Jagatsinghpur,JGS,1,"1_1_1_1_1_1_2_7_958,231",2018,2018-07-10,191,,0,-16.270384113709042,649727,-9.34559826574092,649727,-6.924785847968077,649727
Jagatsinghpur,JGS,1,"1_1_1_1_1_1_2_7_959,231",2018,2018-07-10,191,,0,-16.1880988086618,544379,-9.424682302431986,544379,-6.763416506229795,544379
Jagatsinghpur,JGS,1,"1_1_1_1_1_1_2_7_960,231",2018,2018-07-10,191,,0,-17.550245383584272,525591,-10.091880786834167,525591,-7.458364596750122,525591
Jagatsinghpur,JGS,1,"1_1_1_1_1_1_2_7_961,231",2018,2018-07-10,191,,0,-17.864477993778173,638601,-9.950293941309022,638601,-7.914184052469112,638601
Jagatsinghpur,JGS,1,"1_1_1_1_1_1_2_7_962,231",2018,2018-07-10,191,,0,-17.940333366917866,661478,-9.699531014400696,661478,-8.240802352517186,661478
Jagatsinghpur,JGS,1,"1_1_1_1_1_1_2_7_963,231",2018,2018-07-10,191,,0,-17.61029917835603,623890,-10.09437245886456,623890,-7.51592671949148,623890
Jagatsinghpur,JGS,1,"1_1_1_1_1_1_2_7_964,231",2018,2018-07-10,191,,0,-18.42803455847169,543323,-11.01829130064267,543323,-7.409743257829025,543323
Jagatsinghpur,JGS,1,"1_1_1_1_1_1_2_8_961,226",2018,2018-07-20,201,,0,-23.034987069212786,12383,-12.030085025367603,12383,-11.004902043845194,12383
Jagatsinghpur,JGS,1,"1_1_1_1_1_1_2_8_959,227",2018,2018-07-20,201,,0,-17.57352682438464,510204,-10.14155900036604,510204,-7.461761992076933,510204
Jagatsinghpur,JGS,1,"1_1_1_1_1_1_2_8_960,227",2018,2018-07-20,201,,0,-19.21160746436317,432279,-11.323540739435646,432279,-7.942947988937288,432279
Jagatsinghpur,JGS,1,"1_1_1_1_1_1_2_8_961,227",2018,2018-07-20,201,,0,-22.52205640290739,447583,-12.411539608251248,447583,-10.110516794656194,447583
Jagatsinghpur,JGS,1,"1_1_1_1_1_1_2_8_962,227",2018,2018-07-20,201,,0,-21.887352548520287,786,-13.667101862892755,786,-8.220250685627544,786
Jagatsinghpur,JGS,1,"1_1_1_1_1_1_2_8_958,228",2018,2018-07-20,201,,0,-16.59292652184073,657750,-9.881858461434962,657750,-6.744891213585574,657750
Jagatsinghpur,JGS,1,"1_1_1_1_1_1_2_8_959,228",2018,2018-07-20,201,,0,-18.530087031409593,653265,-11.024412854263398,653265,-7.5679940323771975,653265
Jagatsinghpur,JGS,1,"1_1_1_1_1_1_2_8_960,228",2018,2018-07-20,201,,0,-19.02103050678375,693526,-11.288066073725979,693526,-7.8065860011159645,693526
Jagatsinghpur,JGS,1,"1_1_1_1_1_1_2_8_961,228",2018,2018-07-20,201,,0,-22.80413120474771,728813,-13.201066391450466,728813,-9.603064813297298,728813
Jagatsinghpur,JGS,1,"1_1_1_1_1_1_2_8_962,228",2018,2018-07-20,201,,0,-24.57388566633464,246956,-13.911493047191438,246956,-10.662392619143164,246956
Jagatsinghpur,JGS,1,"1_1_1_1_1_1_2_8_958,229",2018,2018-07-20,201,,0,-16.99232350288753,604467,-9.925233485940637,604467,-7.097442443309442,604467
Jagatsinghpur,JGS,1,"1_1_1_1_1_1_2_8_959,229",2018,2018-07-20,201,,0,-18.194011159850238,604967,-10.70433483804511,604967,-7.53889626434021,604967
Jagatsinghpur,JGS,1,"1_1_1_1_1_1_2_8_960,229",2018,2018-07-20,201,,0,-20.29486115402369,733746,-12.125322015762189,733746,-8.326069544338218,733746
Jagatsinghpur,JGS,1,"1_1_1_1_1_1_2_8_961,229",2018,2018-07-20,201,,0,-21.216027480094198,778594,-11.659211869054625,778594,-9.560777329701663,778594
Jagatsinghpur,JGS,1,"1_1_1_1_1_1_2_8_962,229",2018,2018-07-20,201,,0,-24.152386023327686,513858,-13.658974424151278,513858,-10.493411599176413,513858
Jagatsinghpur,JGS,1,"1_1_1_1_1_1_2_8_963,229",2018,2018-07-20,201,,0,-24.752095084348376,55675,-12.650967431537198,55675,-12.101127652811027,55675
Jagatsinghpur,JGS,1,"1_1_1_1_1_1_2_8_964,229",2018,2018-07-20,201,,0,,0,,0,,0
Jagatsinghpur,JGS,1,"1_1_1_1_1_1_2_8_957,230",2018,2018-07-20,201,,0,-17.765648374936692,620511,-10.742594073059404,620511,-7.045197504707619,620511
Jagatsinghpur,JGS,1,"1_1_1_1_1_1_2_8_958,230",2018,2018-07-20,201,,0,-17.34887042467964,574078,-10.187189695909533,574078,-7.190888125164274,574078
Jagatsinghpur,JGS,1,"1_1_1_1_1_1_2_8_959,230",2018,2018-07-20,201,,0,-18.478773569092763,640106,-10.889684443383471,640106,-7.647058631179901,640106
Jagatsinghpur,JGS,1,"1_1_1_1_1_1_2_8_960,230",2018,2018-07-20,201,,0,-19.23987078214417,679387,-11.501368341125158,679387,-7.827743496429359,679387
Jagatsinghpur,JGS,1,"1_1_1_1_1_1_2_8_961,230",2018,2018-07-20,201,,0,-19.964859465623146,712352,-11.849094667773217,712352,-8.137742009030404,712352
Jagatsinghpur,JGS,1,"1_1_1_1_1_1_2_8_962,230",2018,2018-07-20,201,,0,-21.30558441083317,741892,-12.163251784359256,741892,-9.142332626473907,741892
Jagatsinghpur,JGS,1,"1_1_1_1_1_1_2_8_963,230",2018,2018-07-20,201,,0,-22.291192440161954,601275,-12.62896860438212,601275,-9.662223835779873,601275
Jagatsinghpur,JGS,1,"1_1_1_1_1_1_2_8_964,230",2018,2018-07-20,201,,0,-18.92416741254831,125259,-10.316838438819204,125259,-8.6073289737291,125259
Jagatsinghpur,JGS,1,"1_1_1_1_1_1_2_8_965,230",2018,2018-07-20,201,,0,-19.731328191826556,10328,-12.266643297515548,10328,-7.464684894311023,10328
Jagatsinghpur,JGS,1,"1_1_1_1_1_1_2_8_957,231",2018,2018-07-20,201,,0,-18.07220784682199,535010,-10.782221688283185,535010,-7.32147589456127,535010
Jagatsinghpur,JGS,1,"1_1_1_1_1_1_2_8_958,231",2018,2018-07-20,201,,0,-17.907624623787154,649727,-10.581502063798714,649727,-7.354443569704899,649727
Jagatsinghpur,JGS,1,"1_1_1_1_1_1_2_8_959,231",2018,2018-07-20,201,,0,-16.95934577428999,544379,-9.918498127257717,544379,-7.058165961131023,544379
Jagatsinghpur,JGS,1,"1_1_1_1_1_1_2_8_960,231",2018,2018-07-20,201,,0,-18.327832814170044,525591,-10.561165513223978,525591,-7.814658535547518,525591
Jagatsinghpur,JGS,1,"1_1_1_1_1_1_2_8_961,231",2018,2018-07-20,201,,0,-18.830462155009368,638601,-10.592195162579909,638601,-8.27175579934779,638601
Jagatsinghpur,JGS,1,"1_1_1_1_1_1_2_8_962,231",2018,2018-07-20,201,,0,-19.510042711726022,661478,-10.663429385815844,661478,-8.846613325910214,661478
Jagatsinghpur,JGS,1,"1_1_1_1_1_1_2_8_963,231",2018,2018-07-20,201,,0,-21.00962636039097,623890,-11.998844979158799,623890,-9.010781381232178,623890
Jagatsinghpur,JGS,1,"1_1_1_1_1_1_2_8_964,231",2018,2018-07-20,201,,0,-21.327446730052884,543323,-12.571737312053568,543323,-8.755709417999268,543323
Jagatsinghpur,JGS,1,"1_1_1_1_1_1_2_9_961,226",2018,2018-07-30,211,,0,-22.741816633410394,12383,-12.055456111168402,12383,-10.686360522241884,12383
Jagatsinghpur,JGS,1,"1_1_1_1_1_1_2_9_959,227",2018,2018-07-30,211,,0,-19.51999151787025,510204,-11.902765143564734,510204,-7.7307437714481395,510204
Jagatsinghpur,JGS,1,"1_1_1_1_1_1_2_9_960,227",2018,2018-07-30,211,,0,-20.519456110980705,432279,-12.792945780144299,432279,-7.743576646210922,432279
Jagatsinghpur,JGS,1,"1_1_1_1_1_1_2_9_961,227",2018,2018-07-30,211,,0,-22.08875602082274,447583,-12.610322803190032,447583,-9.47843321763273,447583
Jagatsinghpur,JGS,1,"1_1_1_1_1_1_2_9_962,227",2018,2018-07-30,211,,0,-20.127692092822432,786,-12.434270217845524,786,-7.693421874976902,786
Jagatsinghpur,JGS,1,"1_1_1_1_1_1_2_9_958,228",2018,2018-07-30,211,,0,-18.26940853001092,657750,-11.092201223551411,657750,-7.255898124291074,657750
Jagatsinghpur,JGS,1,"1_1_1_1_1_1_2_9_959,228",2018,2018-07-30,211,,0,-20.459418353643464,653265,-12.821948009953719,653265,-7.712005635567419,653265
Jagatsinghpur,JGS,1,"1_1_1_1_1_1_2_9_960,228",2018,2018-07-30,211,,0,-21.116613597751627,693526,-13.596858300248476,693526,-7.61514736004347,693526
Jagatsinghpur,JGS,1,"1_1_1_1_1_1_2_9_961,228",2018,2018-07-30,211,,0,-21.65238604413771,728813,-13.083769775589705,728813,-8.568616268547974,728813
Jagatsinghpur,JGS,1,"1_1_1_1_1_1_2_9_962,228",2018,2018-07-30,211,,0,-21.472011737882315,246956,-12.500244618469383,246956,-8.971767119413023,246956
Jagatsinghpur,JGS,1,"1_1_1_1_1_1_2_9_958,229",2018,2018-07-30,211,,0,-17.48075760745058,604467,-10.402230834151982,604467,-7.11784759780131,604467
Jagatsinghpur,JGS,1,"1_1_1_1_1_1_2_9_959,229",2018,2018-07-30,211,,0,-20.376289327561135,604967,-12.856749465996485,604967,-7.593153713540296,604967
Jagatsinghpur,JGS,1,"1_1_1_1_1_1_2_9_960,229",2018,2018-07-30,211,,0,-21.16909378968325,733746,-13.501205738892576,733746,-7.7818625571985764,733746
Jagatsinghpur,JGS,1,"1_1_1_1_1_1_2_9_961,229",2018,2018-07-30,211,,0,-20.654476950501138,778594,-11.617527370867018,778594,-9.040809218359028,778594
Jagatsinghpur,JGS,1,"1_1_1_1_1_1_2_9_962,229",2018,2018-07-30,211,,0,-20.811809052275805,513858,-11.820865215838346,513858,-8.990943836437442,513858
Jagatsinghpur,JGS,1,"1_1_1_1_1_1_2_9_963,229",2018,2018-07-30,211,,0,-19.829292126524667,55675,-10.57948550602122,55675,-9.249806620503408,55675
Jagatsinghpur,JGS,1,"1_1_1_1_1_1_2_9_964,229",2018,2018-07-30,211,,0,,0,,0,,0
Jagatsinghpur,JGS,1,"1_1_1_1_1_1_2_9_957,230",2018,2018-07-30,211,,0,-18.909007171620114,620511,-12.004047992560563,620511,-6.948184369289048,620511
Jagatsinghpur,JGS,1,"1_1_1_1_1_1_2_9_958,230",2018,2018-07-30,211,,0,-18.802560379439313,574078,-11.716936297121949,574078,-7.156448941317766,574078
Jagatsinghpur,JGS,1,"1_1_1_1_1_1_2_9_959,230",2018,2018-07-30,211,,0,-21.225759736166363,640106,-13.5169230096997,640106,-7.840302028332793,640106
Jagatsinghpur,JGS,1,"1_1_1_1_1_1_2_9_960,230",2018,2018-07-30,211,,0,-20.693082575899567,679387,-12.915922159729115,679387,-7.888418412828861,679387
Jagatsinghpur,JGS,1,"1_1_1_1_1_1_2_9_961,230",2018,2018-07-30,211,,0,-20.654447974354166,712352,-12.5927046885831,712352,-8.086512959855838,712352
Jagatsinghpur,JGS,1,"1_1_1_1_1_1_2_9_962,230",2018,2018-07-30,211,,0,-20.516184606683357,741892,-12.149659482554533,741892,-8.366525124128794,741892
Jagatsinghpur,JGS,1,"1_1_1_1_1_1_2_9_963,230",2018,2018-07-30,211,,0,-21.70946093089293,601275,-12.184865594456923,601275,-9.524595336435958,601275
Jagatsinghpur,JGS,1,"1_1_1_1_1_1_2_9_964,230",2018,2018-07-30,211,,0,-17.657641250656894,125259,-9.412861203155114,125259,-8.244780047501802,125259
Jagatsinghpur,JGS,1,"1_1_1_1_1_1_2_9_965,230",2018,2018-07-30,211,,0,-18.983222119882964,10328,-11.137080481969347,10328,-7.84614163791362,10328
Jagatsinghpur,JGS,1,"1_1_1_1_1_1_2_9_957,231",2018,2018-07-30,211,,0,-19.99361602661652,535010,-12.888120123088099,535010,-7.188890932067128,535010
Jagatsinghpur,JGS,1,"1_1_1_1_1_1_2_9_958,231",2018,2018-07-30,211,,0,-20.451004396743215,649727,-13.126000896506804,649727,-7.426832406377306,649727
Jagatsinghpur,JGS,1,"1_1_1_1_1_1_2_9_959,231",2018,2018-07-30,211,,0,-19.06672610778017,544379,-11.640292263037285,544379,-7.46020864455834,544379
Jagatsinghpur,JGS,1,"1_1_1_1_1_1_2_9_960,231",2018,2018-07-30,211,,0,-18.834087356586497,525591,-11.04310776520076,525591,-7.825871816542783,525591
Jagatsinghpur,JGS,1,"1_1_1_1_1_1_2_9_961,231",2018,2018-07-30,211,,0,-18.620219709167475,638601,-10.514702307913941,638601,-8.11826726417655,638601
Jagatsinghpur,JGS,1,"1_1_1_1_1_1_2_9_962,231",2018,2018-07-30,211,,0,-18.813986269649256,661478,-10.29347692273961,661478,-8.52050934690963,661478
Jagatsinghpur,JGS,1,"1_1_1_1_1_1_2_9_963,231",2018,2018-07-30,211,,0,-20.271082446339747,623890,-11.778598207436092,623890,-8.492484238903646,623890
Jagatsinghpur,JGS,1,"1_1_1_1_1_1_2_9_964,231",2018,2018-07-30,211,,0,-21.487183059676013,543323,-12.26813876084786,543323,-9.219044298828113,543323
Jagatsinghpur,JGS,1,"1_1_1_1_1_1_2_10_961,226",2018,2018-08-09,221,,0,,0,,0,,0
Jagatsinghpur,JGS,1,"1_1_1_1_1_1_2_10_959,227",2018,2018-08-09,221,,0,-20.470414348380597,510204,-13.03103167561101,510204,-7.439382672769545,510204
Jagatsinghpur,JGS,1,"1_1_1_1_1_1_2_10_960,227",2018,2018-08-09,221,,0,-20.055643297934505,299468,-13.123856932756063,299468,-6.9317863651784535,299468
Jagatsinghpur,JGS,1,"1_1_1_1_1_1_2_10_961,227",2018,2018-08-09,221,,0,,0,,0,,0
Jagatsinghpur,JGS,1,"1_1_1_1_1_1_2_10_962,227",2018,2018-08-09,221,,0,,0,,0,,0
Jagatsinghpur,JGS,1,"1_1_1_1_1_1_2_10_958,228",2018,2018-08-09,221,,0,-19.16460035947071,657750,-11.909192549293525,657750,-7.255407810177132,657750
Jagatsinghpur,JGS,1,"1_1_1_1_1_1_2_10_959,228",2018,2018-08-09,221,,0,-20.52049132261317,653265,-13.173377175861916,653265,-7.347114146751267,653265
Jagatsinghpur,JGS,1,"1_1_1_1_1_1_2_10_960,228",2018,2018-08-09,221,,0,-20.926920741229665,561911,-13.792469158906005,561911,-7.13445158232367,561911
Jagatsinghpur,JGS,1,"1_1_1_1_1_1_2_10_961,228",2018,2018-08-09,221,,0,,0,,0,,0
Jagatsinghpur,JGS,1,"1_1_1_1_1_1_2_10_962,228",2018,2018-08-09,221,,0,,0,,0,,0
Jagatsinghpur,JGS,1,"1_1_1_1_1_1_2_10_958,229",2018,2018-08-09,221,,0,-19.019919689906757,604467,-11.843396589980667,604467,-7.176523099926109,604467
Jagatsinghpur,JGS,1,"1_1_1_1_1_1_2_10_959,229",2018,2018-08-09,221,,0,-21.001013124146038,604967,-13.25907173039759,604967,-7.741941393748369,604967
Jagatsinghpur,JGS,1,"1_1_1_1_1_1_2_10_960,229",2018,2018-08-09,221,,0,-21.365331824052127,718768,-14.02141580336776,718768,-7.343916020684364,718768
Jagatsinghpur,JGS,1,"1_1_1_1_1_1_2_10_961,229",2018,2018-08-09,221,,0,-21.45397466117361,25040,-14.080142964340803,25040,-7.373831696832818,25040
Jagatsinghpur,JGS,1,"1_1_1_1_1_1_2_10_962,229",2018,2018-08-09,221,,0,,0,,0,,0
Jagatsinghpur,JGS,1,"1_1_1_1_1_1_2_10_963,229",2018,2018-08-09,221,,0,,0,,0,,0
Jagatsinghpur,JGS,1,"1_1_1_1_1_1_2_10_964,229",2018,2018-08-09,221,,0,,0,,0,,0
Jagatsinghpur,JGS,1,"1_1_1_1_1_1_2_10_957,230",2018,2018-08-09,221,,0,-19.702604794818473,619463,-12.394894933680524,619463,-7.307709861137954,619463
Jagatsinghpur,JGS,1,"1_1_1_1_1_1_2_10_958,230",2018,2018-08-09,221,,0,-20.673993400892932,573113,-13.073049362695992,573113,-7.600944038196929,573113
Jagatsinghpur,JGS,1,"1_1_1_1_1_1_2_10_959,230",2018,2018-08-09,221,,0,-21.798432621434596,639092,-14.053059284593111,639092,-7.745373336841493,639092
Jagatsinghpur,JGS,1,"1_1_1_1_1_1_2_10_960,230",2018,2018-08-09,221,,0,-21.72605809418684,679378,-14.166054889247109,679378,-7.560003204939771,679378
Jagatsinghpur,JGS,1,"1_1_1_1_1_1_2_10_961,230",2018,2018-08-09,221,,0,-20.671101867683348,142935,-13.748072707311863,142935,-6.923029160371324,142935
Jagatsinghpur,JGS,1,"1_1_1_1_1_1_2_10_962,230",2018,2018-08-09,221,,0,,0,,0,,0
Jagatsinghpur,JGS,1,"1_1_1_1_1_1_2_10_963,230",2018,2018-08-09,221,,0,,0,,0,,0
Jagatsinghpur,JGS,1,"1_1_1_1_1_1_2_10_964,230",2018,2018-08-09,221,,0,,0,,0,,0
Jagatsinghpur,JGS,1,"1_1_1_1_1_1_2_10_965,230",2018,2018-08-09,221,,0,,0,,0,,0
Jagatsinghpur,JGS,1,"1_1_1_1_1_1_2_10_957,231",2018,2018-08-09,221,,0,-20.08948877877327,535010,-12.632721702759268,535010,-7.45676707601401,535010
Jagatsinghpur,JGS,1,"1_1_1_1_1_1_2_10_958,231",2018,2018-08-09,221,,0,-20.523530494006835,649727,-12.791167546931957,649727,-7.732362947074903,649727
Jagatsinghpur,JGS,1,"1_1_1_1_1_1_2_10_959,231",2018,2018-08-09,221,,0,-19.83041190018441,544379,-12.127349515262823,544379,-7.703062384921616,544379
Jagatsinghpur,JGS,1,"1_1_1_1_1_1_2_10_960,231",2018,2018-08-09,221,,0,-19.397545203193545,525591,-11.749344110013077,525591,-7.64820109318049,525591
Jagatsinghpur,JGS,1,"1_1_1_1_1_1_2_10_961,231",2018,2018-08-09,221,,0,-18.880917001883216,262143,-11.543386819121743,262143,-7.337530182761537,262143
Jagatsinghpur,JGS,1,"1_1_1_1_1_1_2_10_962,231",2018,2018-08-09,221,,0,,0,,0,,0
Jagatsinghpur,JGS,1,"1_1_1_1_1_1_2_10_963,231",2018,2018-08-09,221,,0,,0,,0,,0
Jagatsinghpur,JGS,1,"1_1_1_1_1_1_2_10_964,231",2018,2018-08-09,221,,0,,0,,0,,0
Jagatsinghpur,JGS,1,"1_1_1_1_1_1_2_11_961,226",2018,2018-08-19,231,,0,-21.42554719332388,12383,-10.216353749805876,12383,-11.209193443517972,12383
Jagatsinghpur,JGS,1,"1_1_1_1_1_1_2_11_959,227",2018,2018-08-19,231,,0,-20.431045626262968,510204,-11.890923917636727,510204,-8.540121708626247,510204
Jagatsinghpur,JGS,1,"1_1_1_1_1_1_2_11_960,227",2018,2018-08-19,231,,0,-20.033348005631584,432279,-11.068250654285576,432279,-8.965097351346001,432279
Jagatsinghpur,JGS,1,"1_1_1_1_1_1_2_11_961,227",2018,2018-08-19,231,,0,-21.417897092398416,447583,-11.288751432079318,447583,-10.129145660319118,447583
Jagatsinghpur,JGS,1,"1_1_1_1_1_1_2_11_962,227",2018,2018-08-19,231,,0,-21.185498817736832,786,-13.289761388676391,786,-7.895737429060468,786
Jagatsinghpur,JGS,1,"1_1_1_1_1_1_2_11_958,228",2018,2018-08-19,231,,0,-19.89887964400191,657750,-11.829049485332638,657750,-8.069830158669337,657750
Jagatsinghpur,JGS,1,"1_1_1_1_1_1_2_11_959,228",2018,2018-08-19,231,,0,-20.700739523167886,653265,-12.077832029022977,653265,-8.622907494144918,653265
Jagatsinghpur,JGS,1,"1_1_1_1_1_1_2_11_960,228",2018,2018-08-19,231,,0,-20.9841342058165,693526,-12.113702358222294,693526,-8.87043184759423,693526
Jagatsinghpur,JGS,1,"1_1_1_1_1_1_2_11_961,228",2018,2018-08-19,231,,0,-22.467895392902044,728813,-12.739548594822134,728813,-9.72834679807999,728813
Jagatsinghpur,JGS,1,"1_1_1_1_1_1_2_11_962,228",2018,2018-08-19,231,,0,-22.372489156193893,246956,-12.842641057538604,246956,-9.529848098655341,246956
Jagatsinghpur,JGS,1,"1_1_1_1_1_1_2_11_958,229",2018,2018-08-19,231,,0,-19.66195480939353,604467,-11.695636875408484,604467,-7.9663179339850885,604467
Jagatsinghpur,JGS,1,"1_1_1_1_1_1_2_11_959,229",2018,2018-08-19,231,,0,-21.193791621169336,604967,-12.120849106052848,604967,-9.072942515116457,604967
Jagatsinghpur,JGS,1,"1_1_1_1_1_1_2_11_960,229",2018,2018-08-19,231,,0,-21.434199621698436,733746,-12.32168048891926,733746,-9.1125191327792,733746
Jagatsinghpur,JGS,1,"1_1_1_1_1_1_2_11_961,229",2018,2018-08-19,231,,0,-21.11944288756551,778594,-11.627590334047342,778594,-9.491852553518243,778594
Jagatsinghpur,JGS,1,"1_1_1_1_1_1_2_11_962,229",2018,2018-08-19,231,,0,-21.76697005760274,513858,-11.750241059396794,513858,-10.016728998205943,513858
Jagatsinghpur,JGS,1,"1_1_1_1_1_1_2_11_963,229",2018,2018-08-19,231,,0,-19.142724959078954,55675,-10.06808972240964,55675,-9.074635236669263,55675
Jagatsinghpur,JGS,1,"1_1_1_1_1_1_2_11_964,229",2018,2018-08-19,231,,0,,0,,0,,0
Jagatsinghpur,JGS,1,"1_1_1_1_1_1_2_11_957,230",2018,2018-08-19,231,,0,-20.467286019114123,620511,-12.063474541935772,620511,-8.403811477178355,620511
Jagatsinghpur,JGS,1,"1_1_1_1_1_1_2_11_958,230",2018,2018-08-19,231,,0,-21.134168808875156,574078,-12.596631741172054,574078,-8.537537067703125,574078
Jagatsinghpur,JGS,1,"1_1_1_1_1_1_2_11_959,230",2018,2018-08-19,231,,0,-21.787696141420962,640106,-12.518548685223037,640106,-9.26914745619799,640106
Jagatsinghpur,JGS,1,"1_1_1_1_1_1_2_11_960,230",2018,2018-08-19,231,,0,-21.49691347741533,679387,-12.049596487933773,679387,-9.447316989481536,679387
Jagatsinghpur,JGS,1,"1_1_1_1_1_1_2_11_961,230",2018,2018-08-19,231,,0,-20.633453578180884,712352,-11.701643972793514,712352,-8.931809605387329,712352
Jagatsinghpur,JGS,1,"1_1_1_1_1_1_2_11_962,230",2018,2018-08-19,231,,0,-19.973953273400515,741892,-10.625655633852364,741892,-9.34829763954815,741892
Jagatsinghpur,JGS,1,"1_1_1_1_1_1_2_11_963,230",2018,2018-08-19,231,,0,-19.500564869873973,601275,-10.190948795023274,601275,-9.309616074850748,601275
Jagatsinghpur,JGS,1,"1_1_1_1_1_1_2_11_964,230",2018,2018-08-19,231,,0,-16.98938471821601,125259,-9.8692556400696,125259,-7.120129078146363,125259
Jagatsinghpur,JGS,1,"1_1_1_1_1_1_2_11_965,230",2018,2018-08-19,231,,0,-19.12687110942867,10328,-11.807337294437984,10328,-7.319533814990702,10328
Jagatsinghpur,JGS,1,"1_1_1_1_1_1_2_11_957,231",2018,2018-08-19,231,,0,-20.558315874252035,521125,-11.920953761668157,521125,-8.637362112583821,521125
Jagatsinghpur,JGS,1,"1_1_1_1_1_1_2_11_958,231",2018,2018-08-19,231,,0,-21.13135061588603,649727,-12.114008516724494,649727,-9.017342099161565,649727
Jagatsinghpur,JGS,1,"1_1_1_1_1_1_2_11_959,231",2018,2018-08-19,231,,0,-20.27729057592166,544379,-11.817651704076722,544379,-8.459638871844973,544379
Jagatsinghpur,JGS,1,"1_1_1_1_1_1_2_11_960,231",2018,2018-08-19,231,,0,-19.64390794907938,525591,-10.976825657556553,525591,-8.667082291522789,525591
Jagatsinghpur,JGS,1,"1_1_1_1_1_1_2_11_961,231",2018,2018-08-19,231,,0,-19.188756469587915,638601,-10.845112898665867,638601,-8.343643570922014,638601
Jagatsinghpur,JGS,1,"1_1_1_1_1_1_2_11_962,231",2018,2018-08-19,231,,0,-18.445441159065215,661478,-10.527223042479273,661478,-7.918218116585907,661478
Jagatsinghpur,JGS,1,"1_1_1_1_1_1_2_11_963,231",2018,2018-08-19,231,,0,-20.08876571342776,623890,-11.280753458086885,623890,-8.808012255340905,623890
Jagatsinghpur,JGS,1,"1_1_1_1_1_1_2_11_964,231",2018,2018-08-19,231,,0,-22.72797972949743,543323,-13.248845665776155,543323,-9.479134063721201,543323
Jagatsinghpur,JGS,1,"1_1_1_1_1_1_2_12_961,226",2018,2018-08-29,241,,0,-22.591738213621017,12383,-11.431069175074157,12383,-11.160669038546907,12383
Jagatsinghpur,JGS,1,"1_1_1_1_1_1_2_12_959,227",2018,2018-08-29,241,,0,-20.072473176703106,510204,-11.335949124556464,510204,-8.82948891389919,510204
Jagatsinghpur,JGS,1,"1_1_1_1_1_1_2_12_960,227",2018,2018-08-29,241,,0,-20.056772546829137,432279,-11.28804484331573,432279,-8.8609755711642,432279
Jagatsinghpur,JGS,1,"1_1_1_1_1_1_2_12_961,227",2018,2018-08-29,241,,0,-21.48831624529539,447583,-11.047462324024101,447583,-10.440853921271287,447583
Jagatsinghpur,JGS,1,"1_1_1_1_1_1_2_12_962,227",2018,2018-08-29,241,,0,-20.390552563179448,786,-12.092401094199616,786,-8.298151468979835,786
Jagatsinghpur,JGS,1,"1_1_1_1_1_1_2_12_958,228",2018,2018-08-29,241,,0,-18.900586264508906,657750,-10.725769405071222,657750,-8.258617504900258,657750
Jagatsinghpur,JGS,1,"1_1_1_1_1_1_2_12_959,228",2018,2018-08-29,241,,0,-19.98555074159077,653265,-11.43371177205426,653265,-8.668702442927763,653265
Jagatsinghpur,JGS,1,"1_1_1_1_1_1_2_12_960,228",2018,2018-08-29,241,,0,-20.767128535852343,693526,-11.981569525311665,693526,-8.895334899324995,693526
Jagatsinghpur,JGS,1,"1_1_1_1_1_1_2_12_961,228",2018,2018-08-29,241,,0,-22.423680711066616,728813,-12.18204757689386,728813,-10.24163313417272,728813
Jagatsinghpur,JGS,1,"1_1_1_1_1_1_2_12_962,228",2018,2018-08-29,241,,0,-21.70468423777061,246956,-12.11611288459813,246956,-9.588571353172462,246956
Jagatsinghpur,JGS,1,"1_1_1_1_1_1_2_12_958,229",2018,2018-08-29,241,,0,-18.988976794119175,604467,-10.901000168333946,604467,-8.196992357538946,604467
Jagatsinghpur,JGS,1,"1_1_1_1_1_1_2_12_959,229",2018,2018-08-29,241,,0,-20.811855871860683,604967,-11.83038661287456,604967,-9.15418157099869,604967
Jagatsinghpur,JGS,1,"1_1_1_1_1_1_2_12_960,229",2018,2018-08-29,241,,0,-21.013352160137508,733746,-12.149347147054709,733746,-9.082541481666684,733746
Jagatsinghpur,JGS,1,"1_1_1_1_1_1_2_12_961,229",2018,2018-08-29,241,,0,-21.42864341152332,778594,-11.406111287334559,778594,-10.029279021547453,778594
Jagatsinghpur,JGS,1,"1_1_1_1_1_1_2_12_962,229",2018,2018-08-29,241,,0,-21.94658747189805,513858,-11.346685257622942,513858,-10.599902214275165,513858
Jagatsinghpur,JGS,1,"1_1_1_1_1_1_2_12_963,229",2018,2018-08-29,241,,0,-21.65803098259072,55675,-10.72388985858377,55675,-10.934141124006931,55675
Jagatsinghpur,JGS,1,"1_1_1_1_1_1_2_12_964,229",2018,2018-08-29,241,,0,,0,,0,,0
Jagatsinghpur,JGS,1,"1_1_1_1_1_1_2_12_957,230",2018,2018-08-29,241,,0,-18.78606567108668,620511,-10.656442726483327,620511,-8.21865272759016,620511
Jagatsinghpur,JGS,1,"1_1_1_1_1_1_2_12_958,230",2018,2018-08-29,241,,0,-20.309448815997236,574078,-11.595083327342293,574078,-8.84810539257471,574078
Jagatsinghpur,JGS,1,"1_1_1_1_1_1_2_12_959,230",2018,2018-08-29,241,,0,-21.506698622107535,640106,-12.305090639616301,640106,-9.343915830935337,640106
Jagatsinghpur,JGS,1,"1_1_1_1_1_1_2_12_960,230",2018,2018-08-29,241,,0,-21.1047501707112,679387,-11.901547481492825,679387,-9.552954100585206,679387
Jagatsinghpur,JGS,1,"1_1_1_1_1_1_2_12_961,230",2018,2018-08-29,241,,0,-21.924807850737317,712352,-11.955049522610212,712352,-10.052350517523122,712352
Jagatsinghpur,JGS,1,"1_1_1_1_1_1_2_12_962,230",2018,2018-08-29,241,,0,-22.25082702077611,741892,-10.883534593534659,741892,-11.367292427241397,741892
Jagatsinghpur,JGS,1,"1_1_1_1_1_1_2_12_963,230",2018,2018-08-29,241,,0,-22.526007303807177,601275,-11.169274633970838,601275,-11.356732669836315,601275
Jagatsinghpur,JGS,1,"1_1_1_1_1_1_2_12_964,230",2018,2018-08-29,241,,0,-18.356563705498676,125259,-9.694855493916574,125259,-8.661708211582086,125259
Jagatsinghpur,JGS,1,"1_1_1_1_1_1_2_12_965,230",2018,2018-08-29,241,,0,-19.90382373308793,10328,-12.134699222071822,10328,-7.769124511016078,10328
Jagatsinghpur,JGS,1,"1_1_1_1_1_1_2_12_957,231",2018,2018-08-29,241,,0,-19.265465541574727,535010,-10.877793709217453,535010,-8.46093886462013,535010
Jagatsinghpur,JGS,1,"1_1_1_1_1_1_2_12_958,231",2018,2018-08-29,241,,0,-19.96165268280543,649727,-11.200113824123918,649727,-8.814987956763032,649727
Jagatsinghpur,JGS,1,"1_1_1_1_1_1_2_12_959,231",2018,2018-08-29,241,,0,-20.16192499372397,544379,-11.527124539734977,544379,-8.805690541197212,544379
Jagatsinghpur,JGS,1,"1_1_1_1_1_1_2_12_960,231",2018,2018-08-29,241,,0,-19.905578208939666,525591,-11.471732558659404,525591,-8.754329938058591,525591
Jagatsinghpur,JGS,1,"1_1_1_1_1_1_2_12_961,231",2018,2018-08-29,241,,0,-20.527950464448665,638601,-11.647219165647742,638601,-9.030554767353287,638601
Jagatsinghpur,JGS,1,"1_1_1_1_1_1_2_12_962,231",2018,2018-08-29,241,,0,-21.090524655444874,661478,-11.33664149553037,661478,-9.75388315991448,661478
Jagatsinghpur,JGS,1,"1_1_1_1_1_1_2_12_963,231",2018,2018-08-29,241,,0,-23.162897818722655,623890,-12.490908984976356,623890,-10.671988833746273,623890
Jagatsinghpur,JGS,1,"1_1_1_1_1_1_2_12_964,231",2018,2018-08-29,241,,0,-23.69365785734486,543323,-12.934692039699971,543323,-10.7589658176449,543323
Jagatsinghpur,JGS,1,"1_1_1_1_1_1_2_13_961,226",2018,2018-09-08,251,,0,-20.193471003171926,12383,-8.538564963788769,12383,-11.654906039383196,12383
Jagatsinghpur,JGS,1,"1_1_1_1_1_1_2_13_959,227",2018,2018-09-08,251,,0,-18.127575397230814,510204,-9.842571381055963,510204,-8.285004016174815,510204
Jagatsinghpur,JGS,1,"1_1_1_1_1_1_2_13_960,227",2018,2018-09-08,251,,0,-18.060795511817272,432279,-9.559798655140696,432279,-8.50099685667661,432279
Jagatsinghpur,JGS,1,"1_1_1_1_1_1_2_13_961,227",2018,2018-09-08,251,,0,-19.762271454188316,447583,-9.340681680391803,447583,-10.421589773796496,447583
Jagatsinghpur,JGS,1,"1_1_1_1_1_1_2_13_962,227",2018,2018-09-08,251,,0,-20.929154375572868,786,-12.839361890565238,786,-8.089792485007646,786
Jagatsinghpur,JGS,1,"1_1_1_1_1_1_2_13_958,228",2018,2018-09-08,251,,0,-17.754244956062518,657750,-9.705743115823745,657750,-8.048501840238762,657750
Jagatsinghpur,JGS,1,"1_1_1_1_1_1_2_13_959,228",2018,2018-09-08,251,,0,-18.68104153324869,653265,-10.419756436377618,653265,-8.261285096871026,653265
Jagatsinghpur,JGS,1,"1_1_1_1_1_1_2_13_960,228",2018,2018-09-08,251,,0,-19.264195232946133,693526,-10.654136656961969,693526,-8.610058575984175,693526
Jagatsinghpur,JGS,1,"1_1_1_1_1_1_2_13_961,228",2018,2018-09-08,251,,0,-22.272680008357007,728813,-11.053574930027324,728813,-11.2191050783297,728813
Jagatsinghpur,JGS,1,"1_1_1_1_1_1_2_13_962,228",2018,2018-09-08,251,,0,-23.280232972786653,246956,-12.468533233443457,246956,-10.81169973934324,246956
Jagatsinghpur,JGS,1,"1_1_1_1_1_1_2_13_958,229",2018,2018-09-08,251,,0,-17.2077707156981,604467,-9.64247286874071,604467,-7.565297846957439,604467
Jagatsinghpur,JGS,1,"1_1_1_1_1_1_2_13_959,229",2018,2018-09-08,251,,0,-18.453049705052436,604967,-9.936516636133263,604967,-8.516533068919186,604967
Jagatsinghpur,JGS,1,"1_1_1_1_1_1_2_13_960,229",2018,2018-09-08,251,,0,-22.17569956149849,733746,-13.135869724899832,733746,-9.039829836598676,733746
Jagatsinghpur,JGS,1,"1_1_1_1_1_1_2_13_961,229",2018,2018-09-08,251,,0,-23.744313021473488,778594,-12.074289869665327,778594,-11.670023151808172,778594
Jagatsinghpur,JGS,1,"1_1_1_1_1_1_2_13_962,229",2018,2018-09-08,251,,0,-25.649714596420722,513858,-13.593903765327134,513858,-12.055810831093599,513858
Jagatsinghpur,JGS,1,"1_1_1_1_1_1_2_13_963,229",2018,2018-09-08,251,,0,-26.107926974964116,55675,-13.175731555743155,55675,-12.9321954192209,55675
Jagatsinghpur,JGS,1,"1_1_1_1_1_1_2_13_964,229",2018,2018-09-08,251,,0,,0,,0,,0
Jagatsinghpur,JGS,1,"1_1_1_1_1_1_2_13_957,230",2018,2018-09-08,251,,0,-17.511829502587666,620511,-9.94249816579482,620511,-7.56933133679285,620511
Jagatsinghpur,JGS,1,"1_1_1_1_1_1_2_13_958,230",2018,2018-09-08,251,,0,-18.757580968145326,574078,-10.190794685553358,574078,-8.566786282591917,574078
Jagatsinghpur,JGS,1,"1_1_1_1_1_1_2_13_959,230",2018,2018-09-08,251,,0,-19.19692974124309,640106,-10.50788140423362,640106,-8.689048337009432,640106
Jagatsinghpur,JGS,1,"1_1_1_1_1_1_2_13_960,230",2018,2018-09-08,251,,0,-21.72751955725298,679387,-12.766057409819117,679387,-8.96146214743385,679387
Jagatsinghpur,JGS,1,"1_1_1_1_1_1_2_13_961,230",2018,2018-09-08,251,,0,-20.94821178332899,712352,-11.112377079181426,712352,-9.835834704147628,712352
Jagatsinghpur,JGS,1,"1_1_1_1_1_1_2_13_962,230",2018,2018-09-08,251,,0,-23.63229217153573,741892,-12.692121676592839,741892,-10.940170494942926,741892
Jagatsinghpur,JGS,1,"1_1_1_1_1_1_2_13_963,230",2018,2018-09-08,251,,0,-25.0385211683889,601275,-14.571106487674756,601275,-10.46741468071408,601275
Jagatsinghpur,JGS,1,"1_1_1_1_1_1_2_13_964,230",2018,2018-09-08,251,,0,-20.818155925948222,125259,-12.07840754171534,125259,-8.739748384232884,125259
Jagatsinghpur,JGS,1,"1_1_1_1_1_1_2_13_965,230",2018,2018-09-08,251,,0,-18.248597800281715,10328,-12.052343512039746,10328,-6.196254288242005,10328
Jagatsinghpur,JGS,1,"1_1_1_1_1_1_2_13_957,231",2018,2018-09-08,251,,0,-17.743378314304927,535010,-9.803524948418163,535010,-7.939853365886785,535010
Jagatsinghpur,JGS,1,"1_1_1_1_1_1_2_13_958,231",2018,2018-09-08,251,,0,-18.254944500169586,649727,-10.08858363334727,649727,-8.166360866822355,649727
Jagatsinghpur,JGS,1,"1_1_1_1_1_1_2_13_959,231",2018,2018-09-08,251,,0,-18.689376032837117,544379,-10.554986818937802,544379,-8.134389213899365,544379
Jagatsinghpur,JGS,1,"1_1_1_1_1_1_2_13_960,231",2018,2018-09-08,251,,0,-18.6397591523934,525591,-10.72041409993888,525591,-7.91934505245454,525591
Jagatsinghpur,JGS,1,"1_1_1_1_1_1_2_13_961,231",2018,2018-09-08,251,,0,-19.61790863254174,638601,-11.51564889467436,638601,-8.102259737867458,638601
Jagatsinghpur,JGS,1,"1_1_1_1_1_1_2_13_962,231",2018,2018-09-08,251,,0,-22.194962178471762,661478,-13.406018079075567,661478,-8.788944099396138,661478
Jagatsinghpur,JGS,1,"1_1_1_1_1_1_2_13_963,231",2018,2018-09-08,251,,0,-24.86933625108094,623890,-14.92675666858657,623890,-9.94257958249433,623890
Jagatsinghpur,JGS,1,"1_1_1_1_1_1_2_13_964,231",2018,2018-09-08,251,,0,-20.962847969461674,543323,-11.591975716506017,543323,-9.370872252955628,543323
Jagatsinghpur,JGS,1,"1_1_1_1_1_1_2_14_961,226",2018,2018-09-18,261,,0,-18.50852588056634,12383,-7.768826357303139,12383,-10.739699523263212,12383
Jagatsinghpur,JGS,1,"1_1_1_1_1_1_2_14_959,227",2018,2018-09-18,261,,0,-17.523756369186124,510204,-9.474935959042853,510204,-8.050834738078967,510204
Jagatsinghpur,JGS,1,"1_1_1_1_1_1_2_14_960,227",2018,2018-09-18,261,,0,-17.230132663333983,432279,-9.338638916369296,432279,-7.880806318916835,432279
Jagatsinghpur,JGS,1,"1_1_1_1_1_1_2_14_961,227",2018,2018-09-18,261,,0,-19.102122322373745,447583,-8.978778914979609,447583,-10.12334340739414,447583
Jagatsinghpur,JGS,1,"1_1_1_1_1_1_2_14_962,227",2018,2018-09-18,261,,0,-20.441116907428466,786,-12.581845918613713,786,-7.859270988814738,786
Jagatsinghpur,JGS,1,"1_1_1_1_1_1_2_14_958,228",2018,2018-09-18,261,,0,-17.1470350390623,657750,-9.435322197863904,657750,-7.712966877341709,657750
Jagatsinghpur,JGS,1,"1_1_1_1_1_1_2_14_959,228",2018,2018-09-18,261,,0,-17.54480286709105,653265,-9.786586927429818,653265,-7.786966205130798,653265
Jagatsinghpur,JGS,1,"1_1_1_1_1_1_2_14_960,228",2018,2018-09-18,261,,0,-17.751227410393522,693526,-9.6366533303978,693526,-8.116552311875248,693526
Jagatsinghpur,JGS,1,"1_1_1_1_1_1_2_14_961,228",2018,2018-09-18,261,,0,-19.457565660038565,728813,-9.278065065474303,728813,-10.179500594564304,728813
Jagatsinghpur,JGS,1,"1_1_1_1_1_1_2_14_962,228",2018,2018-09-18,261,,0,-20.63263388441766,246956,-11.031380532594616,246956,-9.601253351822956,246956
Jagatsinghpur,JGS,1,"1_1_1_1_1_1_2_14_958,229",2018,2018-09-18,261,,0,-16.825953511336337,604467,-9.373077823931055,604467,-7.453242877039227,604467
Jagatsinghpur,JGS,1,"1_1_1_1_1_1_2_14_959,229",2018,2018-09-18,261,,0,-17.59083396589472,604967,-9.382544722837912,604967,-8.206501162889847,604967
Jagatsinghpur,JGS,1,"1_1_1_1_1_1_2_14_960,229",2018,2018-09-18,261,,0,-18.77330802475467,733746,-9.726952332802957,733746,-9.095455349805597,733746
Jagatsinghpur,JGS,1,"1_1_1_1_1_1_2_14_961,229",2018,2018-09-18,261,,0,-19.93780759632366,778594,-9.227100111059459,778594,-10.716639247343677,778594
Jagatsinghpur,JGS,1,"1_1_1_1_1_1_2_14_962,229",2018,2018-09-18,261,,0,-20.82513508580674,513858,-10.286652901865017,513858,-10.53848218394169,513858
Jagatsinghpur,JGS,1,"1_1_1_1_1_1_2_14_963,229",2018,2018-09-18,261,,0,-20.516106673991743,55675,-10.11985436040159,55675,-10.396252313590129,55675
Jagatsinghpur,JGS,1,"1_1_1_1_1_1_2_14_964,229",2018,2018-09-18,261,,0,,0,,0,,0
Jagatsinghpur,JGS,1,"1_1_1_1_1_1_2_14_957,230",2018,2018-09-18,261,,0,-17.337520211273972,620511,-9.8868332123068,620511,-7.453723548939831,620511
Jagatsinghpur,JGS,1,"1_1_1_1_1_1_2_14_958,230",2018,2018-09-18,261,,0,-17.74776243531069,574078,-9.745119089541193,574078,-7.994140792988952,574078
Jagatsinghpur,JGS,1,"1_1_1_1_1_1_2_14_959,230",2018,2018-09-18,261,,0,-18.000620554347126,640106,-9.611253102429655,640106,-8.400869523671867,640106
Jagatsinghpur,JGS,1,"1_1_1_1_1_1_2_14_960,230",2018,2018-09-18,261,,0,-17.66506890720954,679387,-9.367216010858515,679387,-8.29785241599442,679387
Jagatsinghpur,JGS,1,"1_1_1_1_1_1_2_14_961,230",2018,2018-09-18,261,,0,-17.339779600024162,712352,-8.743188019640892,712352,-8.593979639965175,712352
Jagatsinghpur,JGS,1,"1_1_1_1_1_1_2_14_962,230",2018,2018-09-18,261,,0,-18.327071714654725,741892,-8.94688980508884,741892,-9.38018190956591,741892
Jagatsinghpur,JGS,1,"1_1_1_1_1_1_2_14_963,230",2018,2018-09-18,261,,0,-19.685063289727484,601275,-10.467444688445681,601275,-9.217618601281767,601275
Jagatsinghpur,JGS,1,"1_1_1_1_1_1_2_14_964,230",2018,2018-09-18,261,,0,-17.924261770144625,125259,-10.444936703440769,125259,-7.4793250667038915,125259
Jagatsinghpur,JGS,1,"1_1_1_1_1_1_2_14_965,230",2018,2018-09-18,261,,0,-17.81679810840406,10328,-11.900080957396888,10328,-5.916717151007194,10328
Jagatsinghpur,JGS,1,"1_1_1_1_1_1_2_14_957,231",2018,2018-09-18,261,,0,-17.58369885738541,535010,-9.774048020293224,535010,-7.813868373530226,535010
Jagatsinghpur,JGS,1,"1_1_1_1_1_1_2_14_958,231",2018,2018-09-18,261,,0,-17.23823769634345,649727,-9.667784906318126,649727,-7.551533537878697,649727
Jagatsinghpur,JGS,1,"1_1_1_1_1_1_2_14_959,231",2018,2018-09-18,261,,0,-16.811716109092416,544379,-9.496111941164736,544379,-7.3074231970632795,544379
Jagatsinghpur,JGS,1,"1_1_1_1_1_1_2_14_960,231",2018,2018-09-18,261,,0,-16.34394618725489,525591,-9.228540793360398,525591,-7.104698754722456,525591
Jagatsinghpur,JGS,1,"1_1_1_1_1_1_2_14_961,231",2018,2018-09-18,261,,0,-15.968966947893957,638601,-8.979941653158631,638601,-6.988818194200434,638601
Jagatsinghpur,JGS,1,"1_1_1_1_1_1_2_14_962,231",2018,2018-09-18,261,,0,-16.414906667063967,661478,-9.4279089966333,661478,-6.986997670430684,661478
Jagatsinghpur,JGS,1,"1_1_1_1_1_1_2_14_963,231",2018,2018-09-18,261,,0,-17.777001137284483,623890,-10.117977358478262,623890,-7.659023778806212,623890
Jagatsinghpur,JGS,1,"1_1_1_1_1_1_2_14_964,231",2018,2018-09-18,261,,0,-16.965378772336592,543323,-8.802116660161559,543323,-8.163262112175014,543323
Jagatsinghpur,JGS,1,"1_1_1_1_1_1_2_15_961,226",2018,2018-09-28,271,0.5933388057111428,11985,-16.565015297789113,12383,-8.743941766025182,12383,-7.8210735317638695,12383
Jagatsinghpur,JGS,1,"1_1_1_1_1_1_2_15_959,227",2018,2018-09-28,271,0.6797501484589364,505996,-16.876097421534507,510204,-10.024325421056657,510204,-6.833293928704137,510204
Jagatsinghpur,JGS,1,"1_1_1_1_1_1_2_15_960,227",2018,2018-09-28,271,0.6761916629352219,416292,-16.629375972871294,432279,-10.26682893644114,432279,-6.3371209171173835,432279
Jagatsinghpur,JGS,1,"1_1_1_1_1_1_2_15_961,227",2018,2018-09-28,271,0.627849633271618,409362,-17.25477683473364,447583,-9.229244500886262,447583,-8.025532333847396,447583
Jagatsinghpur,JGS,1,"1_1_1_1_1_1_2_15_962,227",2018,2018-09-28,271,0.47978364463822043,432,-19.888368277319824,786,-12.56696331784565,786,-7.32140495947417,786
Jagatsinghpur,JGS,1,"1_1_1_1_1_1_2_15_958,228",2018,2018-09-28,271,0.6660619295112009,655524,-16.892266044421692,657750,-10.152198289911858,657750,-6.721625937972952,657750
Jagatsinghpur,JGS,1,"1_1_1_1_1_1_2_15_959,228",2018,2018-09-28,271,0.6772975614346783,651413,-16.860699214827505,653265,-10.463887291922118,653265,-6.366253071047519,653265
Jagatsinghpur,JGS,1,"1_1_1_1_1_1_2_15_960,228",2018,2018-09-28,271,0.6849428652129973,691357,-16.63495646816801,693526,-10.174184749399993,693526,-6.441705897947702,693526
Jagatsinghpur,JGS,1,"1_1_1_1_1_1_2_15_961,228",2018,2018-09-28,271,0.619725995014703,674268,-17.50379981599675,728813,-9.318178413041725,728813,-8.185621402954984,728813
Jagatsinghpur,JGS,1,"1_1_1_1_1_1_2_15_962,228",2018,2018-09-28,271,0.49416837306308553,172931,-18.94973153596953,246956,-10.412197457456069,246956,-8.537534078513467,246956
Jagatsinghpur,JGS,1,"1_1_1_1_1_1_2_15_958,229",2018,2018-09-28,271,0.6489173366304254,602464,-16.634663168006252,604467,-10.084481859799135,604467,-6.5348224191981945,604467
Jagatsinghpur,JGS,1,"1_1_1_1_1_1_2_15_959,229",2018,2018-09-28,271,0.6659059399580599,603853,-16.871122667876776,604967,-9.965027375018495,604967,-6.898189730406424,604967
Jagatsinghpur,JGS,1,"1_1_1_1_1_1_2_15_960,229",2018,2018-09-28,271,0.5987097514360176,705113,-16.36566090470837,733746,-8.988156202287593,733746,-7.393220790985907,733746
Jagatsinghpur,JGS,1,"1_1_1_1_1_1_2_15_961,229",2018,2018-09-28,271,0.570373805656619,731355,-16.51696405524828,778594,-8.670534760285282,778594,-7.846973571351169,778594
Jagatsinghpur,JGS,1,"1_1_1_1_1_1_2_15_962,229",2018,2018-09-28,271,0.5285759036246724,417182,-17.344981610577893,513858,-9.392250762109128,513858,-7.952730848468809,513858
Jagatsinghpur,JGS,1,"1_1_1_1_1_1_2_15_963,229",2018,2018-09-28,271,0.6069793664071749,50799,-15.438655345237207,55675,-8.836822697150716,55675,-6.601832648086447,55675
Jagatsinghpur,JGS,1,"1_1_1_1_1_1_2_15_964,229",2018,2018-09-28,271,,0,,0,,0,,0
Jagatsinghpur,JGS,1,"1_1_1_1_1_1_2_15_957,230",2018,2018-09-28,271,0.6773691509520474,105403,-17.082566257183476,620511,-10.61156568772563,620511,-6.467267271505572,620511
Jagatsinghpur,JGS,1,"1_1_1_1_1_1_2_15_958,230",2018,2018-09-28,271,0.6635532006067891,571321,-17.100263485117715,574078,-10.146938113327074,574078,-6.941621538376577,574078
Jagatsinghpur,JGS,1,"1_1_1_1_1_1_2_15_959,230",2018,2018-09-28,271,0.656576262085412,637682,-17.18996202392909,640106,-9.836541445198897,640106,-7.3527421841692115,640106
Jagatsinghpur,JGS,1,"1_1_1_1_1_1_2_15_960,230",2018,2018-09-28,271,0.6241221048840465,659246,-16.710176649620717,679387,-9.286243942969868,679387,-7.432370160206466,679387
Jagatsinghpur,JGS,1,"1_1_1_1_1_1_2_15_961,230",2018,2018-09-28,271,0.6418050618826241,699834,-16.507547367937168,712352,-9.050812038855014,712352,-7.458904618719845,712352
Jagatsinghpur,JGS,1,"1_1_1_1_1_1_2_15_962,230",2018,2018-09-28,271,0.6430034807316255,705594,-16.189932974326045,741892,-8.794245399577676,741892,-7.395687574748347,741892
Jagatsinghpur,JGS,1,"1_1_1_1_1_1_2_15_963,230",2018,2018-09-28,271,0.606615884519778,490522,-16.23577212581208,601275,-8.729006198163496,601275,-7.506765927648515,601275
Jagatsinghpur,JGS,1,"1_1_1_1_1_1_2_15_964,230",2018,2018-09-28,271,0.5853750942939024,114053,-16.48183574106762,125259,-10.163809391310167,125259,-6.318026349757431,125259
Jagatsinghpur,JGS,1,"1_1_1_1_1_1_2_15_965,230",2018,2018-09-28,271,0.5233763597449641,9706,-17.5754433690531,10328,-11.935343597566504,10328,-5.640099771486596,10328
Jagatsinghpur,JGS,1,"1_1_1_1_1_1_2_15_957,231",2018,2018-09-28,271,0.6508156166911849,126357,-17.38771277927161,535010,-10.370880756644143,535010,-7.019378173993361,535010
Jagatsinghpur,JGS,1,"1_1_1_1_1_1_2_15_958,231",2018,2018-09-28,271,0.6729265181963857,642251,-17.177435255892565,649727,-10.282978099781706,649727,-6.887140591057999,649727
Jagatsinghpur,JGS,1,"1_1_1_1_1_1_2_15_959,231",2018,2018-09-28,271,0.6646798481871047,541586,-17.02304191408593,544379,-10.27654448945872,544379,-6.73715569452848,544379
Jagatsinghpur,JGS,1,"1_1_1_1_1_1_2_15_960,231",2018,2018-09-28,271,0.6460962335969147,494009,-16.59473422501161,525591,-10.048658201714689,525591,-6.535274464354002,525591
Jagatsinghpur,JGS,1,"1_1_1_1_1_1_2_15_961,231",2018,2018-09-28,271,0.6276231071337036,612757,-16.196354051434838,638601,-9.68046332926517,638601,-6.506624240919849,638601
Jagatsinghpur,JGS,1,"1_1_1_1_1_1_2_15_962,231",2018,2018-09-28,271,0.5868968631177446,596219,-15.973896286120503,661478,-9.613241136216137,661478,-6.360655149904384,661478
Jagatsinghpur,JGS,1,"1_1_1_1_1_1_2_15_963,231",2018,2018-09-28,271,0.5893772801667219,528374,-16.42822192030584,623890,-9.512473438750435,623890,-6.915748481555341,623890
Jagatsinghpur,JGS,1,"1_1_1_1_1_1_2_15_964,231",2018,2018-09-28,271,0.657854805601958,527434,-16.392833143755222,543323,-9.293372820872522,543323,-7.099460322882687,543323
Jagatsinghpur,JGS,1,"1_1_1_1_1_1_2_16_961,226",2018,2018-10-08,281,0.7313684621821921,12015,-18.354553489832416,12383,-7.938339717306799,12383,-10.416213772525616,12383
Jagatsinghpur,JGS,1,"1_1_1_1_1_1_2_16_959,227",2018,2018-10-08,281,0.7477132380600646,507229,-16.56264906753209,510204,-9.14931338614136,510204,-7.4133356813906905,510204
Jagatsinghpur,JGS,1,"1_1_1_1_1_1_2_16_960,227",2018,2018-10-08,281,0.7357674334079729,425964,-16.608522749798983,432279,-8.958139235398328,432279,-7.65038351440059,432279
Jagatsinghpur,JGS,1,"1_1_1_1_1_1_2_16_961,227",2018,2018-10-08,281,0.6967132863338298,415814,-18.864857659140426,447583,-9.112313983134058,447583,-9.75254367600637,447583
Jagatsinghpur,JGS,1,"1_1_1_1_1_1_2_16_962,227",2018,2018-10-08,281,0.5095884146114111,339,-19.66190489970437,786,-12.040876243657785,786,-7.621028656046585,786
Jagatsinghpur,JGS,1,"1_1_1_1_1_1_2_16_958,228",2018,2018-10-08,281,0.7251080544320534,652819,-16.550963827413646,657750,-9.258091001704207,657750,-7.2928728257095115,657750
Jagatsinghpur,JGS,1,"1_1_1_1_1_1_2_16_959,228",2018,2018-10-08,281,0.739301417475252,645619,-16.653263675902622,653265,-9.509204768299147,653265,-7.1440589076034335,653265
Jagatsinghpur,JGS,1,"1_1_1_1_1_1_2_16_960,228",2018,2018-10-08,281,0.7525587488107335,668862,-17.1012411771681,693526,-9.542636508428863,693526,-7.558604668739147,693526
Jagatsinghpur,JGS,1,"1_1_1_1_1_1_2_16_961,228",2018,2018-10-08,281,0.6826498409470055,616707,-20.79456593335612,728813,-11.223411878329827,728813,-9.571154055026279,728813
Jagatsinghpur,JGS,1,"1_1_1_1_1_1_2_16_962,228",2018,2018-10-08,281,0.5033519931933877,104629,-22.311296414737487,246956,-13.227080363963614,246956,-9.084216050773874,246956
Jagatsinghpur,JGS,1,"1_1_1_1_1_1_2_16_958,229",2018,2018-10-08,281,0.6983505840438872,599448,-16.508016313347138,604467,-9.366443402803483,604467,-7.141572910543658,604467
Jagatsinghpur,JGS,1,"1_1_1_1_1_1_2_16_959,229",2018,2018-10-08,281,0.7389332396196474,592393,-16.977869176686994,604967,-9.423602711626026,604967,-7.554266465060962,604967
Jagatsinghpur,JGS,1,"1_1_1_1_1_1_2_16_960,229",2018,2018-10-08,281,0.6784140817298041,586487,-18.18214146986761,733746,-9.964564730396354,733746,-8.21757673947128,733746
Jagatsinghpur,JGS,1,"1_1_1_1_1_1_2_16_961,229",2018,2018-10-08,281,0.6554295398718155,518404,-19.259688069993665,778594,-10.354309861901129,778594,-8.905378208092477,778594
Jagatsinghpur,JGS,1,"1_1_1_1_1_1_2_16_962,229",2018,2018-10-08,281,0.5689615696059409,299111,-19.442911337879224,513858,-10.771478523774048,513858,-8.671432814105204,513858
Jagatsinghpur,JGS,1,"1_1_1_1_1_1_2_16_963,229",2018,2018-10-08,281,0.6349874383926327,50011,-16.989459681432546,55675,-9.769725706200335,55675,-7.219733975232253,55675
Jagatsinghpur,JGS,1,"1_1_1_1_1_1_2_16_964,229",2018,2018-10-08,281,,0,,0,,0,,0
Jagatsinghpur,JGS,1,"1_1_1_1_1_1_2_16_957,230",2018,2018-10-08,281,0.7246818200022314,462018,-17.541840682219476,620511,-10.437687057956518,620511,-7.104153624262998,620511
Jagatsinghpur,JGS,1,"1_1_1_1_1_1_2_16_958,230",2018,2018-10-08,281,0.7306262556825969,554974,-17.075926435931834,574078,-9.704536964413254,574078,-7.371389471518531,574078
Jagatsinghpur,JGS,1,"1_1_1_1_1_1_2_16_959,230",2018,2018-10-08,281,0.7280927672543623,605045,-17.41118645529062,640106,-9.730858695747608,640106,-7.6803277595430135,640106
Jagatsinghpur,JGS,1,"1_1_1_1_1_1_2_16_960,230",2018,2018-10-08,281,0.6565347842076898,595220,-18.067694165138075,679387,-10.064843699361345,679387,-8.002850465776783,679387
Jagatsinghpur,JGS,1,"1_1_1_1_1_1_2_16_961,230",2018,2018-10-08,281,0.7095183372456805,680908,-17.79382341231961,712352,-9.638622737419565,712352,-8.155200674900025,712352
Jagatsinghpur,JGS,1,"1_1_1_1_1_1_2_16_962,230",2018,2018-10-08,281,0.704309587584073,664293,-17.013917341697937,741892,-8.83588782251267,741892,-8.178029519185287,741892
Jagatsinghpur,JGS,1,"1_1_1_1_1_1_2_16_963,230",2018,2018-10-08,281,0.6616527834857839,502834,-16.79909216886931,601275,-9.134492029493556,601275,-7.664600139375807,601275
Jagatsinghpur,JGS,1,"1_1_1_1_1_1_2_16_964,230",2018,2018-10-08,281,0.6009528608674868,112557,-17.460059669958248,125259,-10.44992931847602,125259,-7.010130351482222,125259
Jagatsinghpur,JGS,1,"1_1_1_1_1_1_2_16_965,230",2018,2018-10-08,281,0.5044747041982857,9478,-17.53602402029695,10328,-11.062359370193064,10328,-6.473664650103919,10328
Jagatsinghpur,JGS,1,"1_1_1_1_1_1_2_16_957,231",2018,2018-10-08,281,0.7089696165369851,302165,-17.15760400613854,535010,-9.976227811195653,535010,-7.181376194942847,535010
Jagatsinghpur,JGS,1,"1_1_1_1_1_1_2_16_958,231",2018,2018-10-08,281,0.728377830128438,609366,-17.032473060448037,649727,-9.840337248795773,649727,-7.192135811652237,649727
Jagatsinghpur,JGS,1,"1_1_1_1_1_1_2_16_959,231",2018,2018-10-08,281,0.7286140764361267,513792,-16.736410714195767,544379,-9.801380115387447,544379,-6.935030598808281,544379
Jagatsinghpur,JGS,1,"1_1_1_1_1_1_2_16_960,231",2018,2018-10-08,281,0.6956113231802322,491183,-16.380012698407782,525591,-9.367119780978612,525591,-7.012892917429212,525591
Jagatsinghpur,JGS,1,"1_1_1_1_1_1_2_16_961,231",2018,2018-10-08,281,0.6630724514645386,601084,-16.6915349634666,638601,-9.58027843474788,638601,-7.111256528718702,638601
Jagatsinghpur,JGS,1,"1_1_1_1_1_1_2_16_962,231",2018,2018-10-08,281,0.5892348645443803,564401,-17.23761492776345,661478,-9.795939108202678,661478,-7.441675819560735,661478
Jagatsinghpur,JGS,1,"1_1_1_1_1_1_2_16_963,231",2018,2018-10-08,281,0.6257076600635808,499148,-17.53967772616746,623890,-9.930452510823297,623890,-7.609225215344128,623890
Jagatsinghpur,JGS,1,"1_1_1_1_1_1_2_16_964,231",2018,2018-10-08,281,0.7147777175589405,531720,-16.92380978924093,543323,-8.496837591859228,543323,-8.426972197381605,543323
Jagatsinghpur,JGS,1,"1_1_1_1_1_1_2_17_961,226",2018,2018-10-18,291,,0,-16.344123339125513,12383,-8.741551233281582,12383,-7.6025721058438815,12383
Jagatsinghpur,JGS,1,"1_1_1_1_1_1_2_17_959,227",2018,2018-10-18,291,0.7046065655204834,500615,-17.01869939893689,510204,-10.2260173047261,510204,-6.792682094210765,510204
Jagatsinghpur,JGS,1,"1_1_1_1_1_1_2_17_960,227",2018,2018-10-18,291,0.6799870910178045,259240,-16.93873824926197,432279,-10.557908091028732,432279,-6.380830158233273,432279
Jagatsinghpur,JGS,1,"1_1_1_1_1_1_2_17_961,227",2018,2018-10-18,291,,0,-16.573278562760798,447583,-9.428633166116192,447583,-7.1446453966446715,447583
Jagatsinghpur,JGS,1,"1_1_1_1_1_1_2_17_962,227",2018,2018-10-18,291,,0,-20.098361384842367,786,-11.959230391783933,786,-8.139130993058421,786
Jagatsinghpur,JGS,1,"1_1_1_1_1_1_2_17_958,228",2018,2018-10-18,291,0.6972311657318473,653957,-17.30010465359906,657750,-10.487282415362914,657750,-6.8128222382361345,657750
Jagatsinghpur,JGS,1,"1_1_1_1_1_1_2_17_959,228",2018,2018-10-18,291,0.696590852913009,649690,-17.32143961783189,653265,-10.70935862936419,653265,-6.6120809884676675,653265
Jagatsinghpur,JGS,1,"1_1_1_1_1_1_2_17_960,228",2018,2018-10-18,291,0.7178600161183518,521108,-17.018261757040396,693526,-10.199083950528491,693526,-6.819177806511873,693526
Jagatsinghpur,JGS,1,"1_1_1_1_1_1_2_17_961,228",2018,2018-10-18,291,,0,-17.171692680215205,728813,-8.632767899226618,728813,-8.53892478098852,728813
Jagatsinghpur,JGS,1,"1_1_1_1_1_1_2_17_962,228",2018,2018-10-18,291,,0,-19.20774045917705,246956,-9.790605285039751,246956,-9.417135174137337,246956
Jagatsinghpur,JGS,1,"1_1_1_1_1_1_2_17_958,229",2018,2018-10-18,291,0.6808203297391212,596957,-17.349200260244604,604467,-10.739649111825782,604467,-6.609551148418799,604467
Jagatsinghpur,JGS,1,"1_1_1_1_1_1_2_17_959,229",2018,2018-10-18,291,0.7242345084250102,601720,-17.293995328223748,604967,-10.167897807699237,604967,-7.126097520524563,604967
Jagatsinghpur,JGS,1,"1_1_1_1_1_1_2_17_960,229",2018,2018-10-18,291,0.7003168008995847,650271,-17.62945946605596,733746,-9.187551007354788,733746,-8.441908458701244,733746
Jagatsinghpur,JGS,1,"1_1_1_1_1_1_2_17_961,229",2018,2018-10-18,291,0.7200262314034663,22975,-17.81211966026149,778594,-8.517166948907436,778594,-9.294952711354055,778594
Jagatsinghpur,JGS,1,"1_1_1_1_1_1_2_17_962,229",2018,2018-10-18,291,,0,-18.146761537254235,513858,-9.098967297741181,513858,-9.047794239513067,513858
Jagatsinghpur,JGS,1,"1_1_1_1_1_1_2_17_963,229",2018,2018-10-18,291,,0,-15.6724760884104,55675,-8.95265078994925,55675,-6.719825298461146,55675
Jagatsinghpur,JGS,1,"1_1_1_1_1_1_2_17_964,229",2018,2018-10-18,291,,0,,0,,0,,0
Jagatsinghpur,JGS,1,"1_1_1_1_1_1_2_17_957,230",2018,2018-10-18,291,0.7306393045613506,105072,-17.692000093209543,620511,-11.190934968898723,620511,-6.501065124310844,620511
Jagatsinghpur,JGS,1,"1_1_1_1_1_1_2_17_958,230",2018,2018-10-18,291,0.7326876463696822,565085,-17.58536977666241,574078,-10.659993905594208,574078,-6.925375871068183,574078
Jagatsinghpur,JGS,1,"1_1_1_1_1_1_2_17_959,230",2018,2018-10-18,291,0.7457292771462234,619345,-17.360508165694693,640106,-9.807534737414354,640106,-7.552973428280348,640106
Jagatsinghpur,JGS,1,"1_1_1_1_1_1_2_17_960,230",2018,2018-10-18,291,0.7255739936240934,627493,-17.669822715928348,679387,-9.597614725150466,679387,-8.072207990777855,679387
Jagatsinghpur,JGS,1,"1_1_1_1_1_1_2_17_961,230",2018,2018-10-18,291,0.7338412281416438,159535,-16.77019721094805,712352,-9.208948594624797,712352,-7.561248616323215,712352
Jagatsinghpur,JGS,1,"1_1_1_1_1_1_2_17_962,230",2018,2018-10-18,291,,0,-16.87642674731076,741892,-9.088056760081363,741892,-7.788369987229374,741892
Jagatsinghpur,JGS,1,"1_1_1_1_1_1_2_17_963,230",2018,2018-10-18,291,,0,-16.595716906813472,601275,-9.11746509975849,601275,-7.478251807054974,601275
Jagatsinghpur,JGS,1,"1_1_1_1_1_1_2_17_964,230",2018,2018-10-18,291,,0,-16.511017400068013,125259,-10.195044623004062,125259,-6.315972777063897,125259
Jagatsinghpur,JGS,1,"1_1_1_1_1_1_2_17_965,230",2018,2018-10-18,291,,0,-17.894957430294202,10328,-12.07444720219092,10328,-5.820510228103318,10328
Jagatsinghpur,JGS,1,"1_1_1_1_1_1_2_17_957,231",2018,2018-10-18,291,0.7070828647352297,125872,-17.804238802189463,522859,-10.957981245739344,520446,-6.845790824611172,520446
Jagatsinghpur,JGS,1,"1_1_1_1_1_1_2_17_958,231",2018,2018-10-18,291,0.7424770145027345,631684,-17.66847778532072,649727,-10.786325444883708,649727,-6.882152340437002,649727
Jagatsinghpur,JGS,1,"1_1_1_1_1_1_2_17_959,231",2018,2018-10-18,291,0.731353461172831,527060,-17.57161451838926,544379,-10.753170552364859,544379,-6.818443966024418,544379
Jagatsinghpur,JGS,1,"1_1_1_1_1_1_2_17_960,231",2018,2018-10-18,291,0.7021919546037866,513040,-17.133918182666637,525591,-10.387815986702517,525591,-6.746102195964158,525591
Jagatsinghpur,JGS,1,"1_1_1_1_1_1_2_17_961,231",2018,2018-10-18,291,0.6745882420379674,298231,-16.903875950022584,638601,-10.292198638656401,638601,-6.611677311366163,638601
Jagatsinghpur,JGS,1,"1_1_1_1_1_1_2_17_962,231",2018,2018-10-18,291,,0,-16.96368984704411,661478,-10.221046904540925,661478,-6.7426429425032275,661478
Jagatsinghpur,JGS,1,"1_1_1_1_1_1_2_17_963,231",2018,2018-10-18,291,,0,-17.252939105070705,623890,-10.087215054342852,623890,-7.16572405072779,623890
Jagatsinghpur,JGS,1,"1_1_1_1_1_1_2_17_964,231",2018,2018-10-18,291,,0,-16.56715964824737,543323,-9.305408005158474,543323,-7.2617516430889335,543323
Jagatsinghpur,JGS,1,"1_1_1_1_1_1_2_18_961,226",2018,2018-10-28,301,,0,-15.572599073752109,12383,-10.302509538549872,12383,-5.270089535202216,12383
Jagatsinghpur,JGS,1,"1_1_1_1_1_1_2_18_959,227",2018,2018-10-28,301,,0,-16.33480640777769,510204,-9.842884478199409,510204,-6.581866125317414,510204
Jagatsinghpur,JGS,1,"1_1_1_1_1_1_2_18_960,227",2018,2018-10-28,301,,0,-16.472542603679216,432279,-10.93581319102208,432279,-5.562657564352899,432279
Jagatsinghpur,JGS,1,"1_1_1_1_1_1_2_18_961,227",2018,2018-10-28,301,,0,-15.734095755971195,447583,-10.26131446615013,447583,-5.472781289821018,447583
Jagatsinghpur,JGS,1,"1_1_1_1_1_1_2_18_962,227",2018,2018-10-28,301,,0,-18.813199915933247,786,-12.600682611034118,786,-6.212517304899083,786
Jagatsinghpur,JGS,1,"1_1_1_1_1_1_2_18_958,228",2018,2018-10-28,301,,0,-16.606495426753472,657750,-10.136568667041534,657750,-6.577516735812268,657750
Jagatsinghpur,JGS,1,"1_1_1_1_1_1_2_18_959,228",2018,2018-10-28,301,,0,-16.735057768341594,653265,-10.703170596898932,653265,-6.082831169355283,653265
Jagatsinghpur,JGS,1,"1_1_1_1_1_1_2_18_960,228",2018,2018-10-28,301,,0,-16.438730825964974,693526,-10.555908305509163,693526,-5.933201933394173,693526
Jagatsinghpur,JGS,1,"1_1_1_1_1_1_2_18_961,228",2018,2018-10-28,301,,0,-15.983868787723555,728813,-10.071483295519837,728813,-5.912385492203728,728813
Jagatsinghpur,JGS,1,"1_1_1_1_1_1_2_18_962,228",2018,2018-10-28,301,,0,-17.040619207074936,246956,-10.171286864242973,246956,-6.869332342831945,246956
Jagatsinghpur,JGS,1,"1_1_1_1_1_1_2_18_958,229",2018,2018-10-28,301,,0,-16.834602854100382,604467,-10.36824959088117,604467,-6.5694220883965295,604467
Jagatsinghpur,JGS,1,"1_1_1_1_1_1_2_18_959,229",2018,2018-10-28,301,,0,-16.643435145891402,604967,-9.651895334313627,604967,-7.0939222092933525,604967
Jagatsinghpur,JGS,1,"1_1_1_1_1_1_2_18_960,229",2018,2018-10-28,301,,0,-16.189565166567824,733746,-9.140740615837334,733746,-7.098695988289695,733746
Jagatsinghpur,JGS,1,"1_1_1_1_1_1_2_18_961,229",2018,2018-10-28,301,,0,-15.904154450153218,778594,-9.594293134023838,778594,-6.309722762588622,778594
Jagatsinghpur,JGS,1,"1_1_1_1_1_1_2_18_962,229",2018,2018-10-28,301,,0,-16.391031246498592,513858,-9.896640056733002,513858,-6.4943911897656,513858
Jagatsinghpur,JGS,1,"1_1_1_1_1_1_2_18_963,229",2018,2018-10-28,301,,0,-15.062704148952067,55675,-9.065574820503874,55675,-5.997129328448183,55675
Jagatsinghpur,JGS,1,"1_1_1_1_1_1_2_18_964,229",2018,2018-10-28,301,,0,,0,,0,,0
Jagatsinghpur,JGS,1,"1_1_1_1_1_1_2_18_957,230",2018,2018-10-28,301,,0,-16.891049186514028,620511,-10.479419124863934,620511,-6.541056983897986,620511
Jagatsinghpur,JGS,1,"1_1_1_1_1_1_2_18_958,230",2018,2018-10-28,301,,0,-16.7758965168,574078,-10.11343964918658,574078,-6.788134232769957,574078
Jagatsinghpur,JGS,1,"1_1_1_1_1_1_2_18_959,230",2018,2018-10-28,301,,0,-16.520014294354088,640106,-9.045695224755157,640106,-7.616415913506017,640106
Jagatsinghpur,JGS,1,"1_1_1_1_1_1_2_18_960,230",2018,2018-10-28,301,,0,-16.42291347528506,679387,-8.897242422967064,679387,-7.610652105378431,679387
Jagatsinghpur,JGS,1,"1_1_1_1_1_1_2_18_961,230",2018,2018-10-28,301,,0,-16.61380189886998,712352,-9.48832910879128,712352,-7.133034201546869,712352
Jagatsinghpur,JGS,1,"1_1_1_1_1_1_2_18_962,230",2018,2018-10-28,301,,0,-16.240981465671318,741892,-9.877775321746215,741892,-6.363206143925035,741892
Jagatsinghpur,JGS,1,"1_1_1_1_1_1_2_18_963,230",2018,2018-10-28,301,,0,-15.814380821856107,601275,-9.656917771617328,601275,-6.157463050238776,601275
Jagatsinghpur,JGS,1,"1_1_1_1_1_1_2_18_964,230",2018,2018-10-28,301,,0,-16.1384271730062,125259,-9.983783853155487,125259,-6.154643319850731,125259
Jagatsinghpur,JGS,1,"1_1_1_1_1_1_2_18_965,230",2018,2018-10-28,301,,0,-17.42034655194811,10328,-11.62575621820001,10328,-5.794590333748081,10328
Jagatsinghpur,JGS,1,"1_1_1_1_1_1_2_18_957,231",2018,2018-10-28,301,,0,-17.033331619533268,535010,-10.113461371311098,535010,-7.0894041506401235,535010
Jagatsinghpur,JGS,1,"1_1_1_1_1_1_2_18_958,231",2018,2018-10-28,301,,0,-16.631394019742423,649727,-9.929173157591096,649727,-6.882141666867683,649727
Jagatsinghpur,JGS,1,"1_1_1_1_1_1_2_18_959,231",2018,2018-10-28,301,,0,-16.592343921818074,544379,-9.976885682817004,544379,-6.766297392455679,544379
Jagatsinghpur,JGS,1,"1_1_1_1_1_1_2_18_960,231",2018,2018-10-28,301,,0,-16.585514429609486,525591,-10.02557230925245,525591,-6.631915514943679,525591
Jagatsinghpur,JGS,1,"1_1_1_1_1_1_2_18_961,231",2018,2018-10-28,301,,0,-16.654446327050533,638601,-10.519384412741971,638601,-6.155757884074855,638601
Jagatsinghpur,JGS,1,"1_1_1_1_1_1_2_18_962,231",2018,2018-10-28,301,,0,-16.488491876947755,661478,-10.645143309129523,661478,-5.843348567818295,661478
Jagatsinghpur,JGS,1,"1_1_1_1_1_1_2_18_963,231",2018,2018-10-28,301,,0,-16.141308458039756,623890,-10.250764985558847,623890,-5.890543472480923,623890
Jagatsinghpur,JGS,1,"1_1_1_1_1_1_2_18_964,231",2018,2018-10-28,301,,0,-15.265755211674444,543323,-9.667774709755879,543323,-5.59798050191859,543323
Jagatsinghpur,JGS,1,"1_1_1_1_1_1_2_19_961,226",2018,2018-11-07,311,,0,-15.690868566837098,12383,-10.26144846777707,12383,-5.429420099059924,12383
Jagatsinghpur,JGS,1,"1_1_1_1_1_1_2_19_959,227",2018,2018-11-07,311,,0,-15.394540724828612,510204,-9.770344986381446,510204,-5.624195738447182,510204
Jagatsinghpur,JGS,1,"1_1_1_1_1_1_2_19_960,227",2018,2018-11-07,311,,0,-16.029170313854664,432279,-10.629057710243918,432279,-5.4001126036107365,432279
Jagatsinghpur,JGS,1,"1_1_1_1_1_1_2_19_961,227",2018,2018-11-07,311,,0,-15.580758352035732,447583,-10.12405780242517,447583,-5.456700549610532,447583
Jagatsinghpur,JGS,1,"1_1_1_1_1_1_2_19_962,227",2018,2018-11-07,311,,0,-19.546708707594494,786,-12.78305766444534,786,-6.763651043149193,786
Jagatsinghpur,JGS,1,"1_1_1_1_1_1_2_19_958,228",2018,2018-11-07,311,,0,-15.68595113286444,657750,-9.924055895798142,657750,-5.761895237066281,657750
Jagatsinghpur,JGS,1,"1_1_1_1_1_1_2_19_959,228",2018,2018-11-07,311,,0,-16.038930401297165,653265,-10.435978151649595,653265,-5.602952249647523,653265
Jagatsinghpur,JGS,1,"1_1_1_1_1_1_2_19_960,228",2018,2018-11-07,311,,0,-15.715012328959375,693526,-10.366499555974938,693526,-5.34851277298444,693526
Jagatsinghpur,JGS,1,"1_1_1_1_1_1_2_19_961,228",2018,2018-11-07,311,,0,-15.716669541904434,728813,-10.087235156436742,728813,-5.629434385467703,728813
Jagatsinghpur,JGS,1,"1_1_1_1_1_1_2_19_962,228",2018,2018-11-07,311,,0,-17.515454886634007,246956,-10.603447932016286,246956,-6.912006954617711,246956
Jagatsinghpur,JGS,1,"1_1_1_1_1_1_2_19_958,229",2018,2018-11-07,311,,0,-16.045012068940743,604467,-10.055341571947464,604467,-5.989670496993305,604467
Jagatsinghpur,JGS,1,"1_1_1_1_1_1_2_19_959,229",2018,2018-11-07,311,,0,-15.568526449119936,604967,-9.484869835571105,604967,-6.0836566135488175,604967
Jagatsinghpur,JGS,1,"1_1_1_1_1_1_2_19_960,229",2018,2018-11-07,311,,0,-15.464984532113306,733746,-9.545405888269292,733746,-5.919578643844004,733746
Jagatsinghpur,JGS,1,"1_1_1_1_1_1_2_19_961,229",2018,2018-11-07,311,,0,-15.84605618236491,778594,-10.202558433937085,778594,-5.6434977484277855,778594
Jagatsinghpur,JGS,1,"1_1_1_1_1_1_2_19_962,229",2018,2018-11-07,311,,0,-16.658583649955673,513858,-9.980509562735556,513858,-6.67807408722013,513858
Jagatsinghpur,JGS,1,"1_1_1_1_1_1_2_19_963,229",2018,2018-11-07,311,,0,-15.468090500366243,55675,-9.210852492916361,55675,-6.2572380074498675,55675
Jagatsinghpur,JGS,1,"1_1_1_1_1_1_2_19_964,229",2018,2018-11-07,311,,0,,0,,0,,0
Jagatsinghpur,JGS,1,"1_1_1_1_1_1_2_19_957,230",2018,2018-11-07,311,,0,-16.013484368483272,620511,-10.112894748146509,620511,-5.90058962033679,620511
Jagatsinghpur,JGS,1,"1_1_1_1_1_1_2_19_958,230",2018,2018-11-07,311,,0,-15.77526047064694,574078,-9.943882109285871,574078,-5.831378361361021,574078
Jagatsinghpur,JGS,1,"1_1_1_1_1_1_2_19_959,230",2018,2018-11-07,311,,0,-15.315387957557276,640106,-9.23372271340968,640106,-6.08166524414764,640106
Jagatsinghpur,JGS,1,"1_1_1_1_1_1_2_19_960,230",2018,2018-11-07,311,,0,-15.502188655248677,679387,-9.240005400129583,679387,-6.262183255119082,679387
Jagatsinghpur,JGS,1,"1_1_1_1_1_1_2_19_961,230",2018,2018-11-07,311,,0,-15.852635064561502,712352,-9.766953906161158,712352,-6.085681158400337,712352
Jagatsinghpur,JGS,1,"1_1_1_1_1_1_2_19_962,230",2018,2018-11-07,311,,0,-15.771718662781883,741892,-9.941418592535756,741892,-5.830300070246106,741892
Jagatsinghpur,JGS,1,"1_1_1_1_1_1_2_19_963,230",2018,2018-11-07,311,,0,-15.697497605237972,601275,-9.543434942674896,601275,-6.154062662563032,601275
Jagatsinghpur,JGS,1,"1_1_1_1_1_1_2_19_964,230",2018,2018-11-07,311,,0,-16.553334927608844,125259,-10.25014780497762,125259,-6.303187122631238,125259
Jagatsinghpur,JGS,1,"1_1_1_1_1_1_2_19_965,230",2018,2018-11-07,311,,0,-17.713936999895655,10328,-11.970365556916104,10328,-5.743571442979466,10328
Jagatsinghpur,JGS,1,"1_1_1_1_1_1_2_19_957,231",2018,2018-11-07,311,,0,-16.06995035850728,535010,-9.927912872460038,535010,-6.142037486047241,535010
Jagatsinghpur,JGS,1,"1_1_1_1_1_1_2_19_958,231",2018,2018-11-07,311,,0,-15.654149985583183,649727,-9.820516711260243,649727,-5.833633274322963,649727
Jagatsinghpur,JGS,1,"1_1_1_1_1_1_2_19_959,231",2018,2018-11-07,311,,0,-15.62690626300293,544379,-9.801788929636166,544379,-5.82511733336677,544379
Jagatsinghpur,JGS,1,"1_1_1_1_1_1_2_19_960,231",2018,2018-11-07,311,,0,-15.804514374319945,525591,-9.935269751436095,525591,-5.869244622883861,525591
Jagatsinghpur,JGS,1,"1_1_1_1_1_1_2_19_961,231",2018,2018-11-07,311,,0,-16.1514327041386,638601,-10.436821083311317,638601,-5.714611620827249,638601
Jagatsinghpur,JGS,1,"1_1_1_1_1_1_2_19_962,231",2018,2018-11-07,311,,0,-16.576991910223907,661478,-10.776251146267564,661478,-5.8007407639563375,661478
Jagatsinghpur,JGS,1,"1_1_1_1_1_1_2_19_963,231",2018,2018-11-07,311,,0,-15.937440292937435,623890,-10.304736071774458,623890,-5.6327042211629665,623890
Jagatsinghpur,JGS,1,"1_1_1_1_1_1_2_19_964,231",2018,2018-11-07,311,,0,-15.164122244788897,543323,-9.691165160450224,543323,-5.472957084338637,543323
Jagatsinghpur,JGS,1,"1_1_1_1_1_1_2_20_961,226",2018,2018-11-17,321,0.42347019076970926,11905,-15.576808640691379,12383,-10.683695090061255,12383,-4.893113550630154,12383
Jagatsinghpur,JGS,1,"1_1_1_1_1_1_2_20_959,227",2018,2018-11-17,321,0.5638937830945667,509186,-15.987996831761539,510204,-10.599778367097628,510204,-5.379504828225827,510204
Jagatsinghpur,JGS,1,"1_1_1_1_1_1_2_20_960,227",2018,2018-11-17,321,0.4725254976476098,429904,-16.505604073946582,432279,-11.131146741273968,432279,-5.369583094632951,432279
Jagatsinghpur,JGS,1,"1_1_1_1_1_1_2_20_961,227",2018,2018-11-17,321,0.4054459579297992,438363,-15.560011818020719,447583,-10.413083182847746,447583,-5.146928635172971,447583
Jagatsinghpur,JGS,1,"1_1_1_1_1_1_2_20_962,227",2018,2018-11-17,321,0.36127957353193996,534,-19.334672997978664,786,-12.890986813411015,786,-6.443686184567669,786
Jagatsinghpur,JGS,1,"1_1_1_1_1_1_2_20_958,228",2018,2018-11-17,321,0.5065331588391504,656268,-16.46554603468772,657750,-11.023102549589593,657750,-5.434581823738955,657750
Jagatsinghpur,JGS,1,"1_1_1_1_1_1_2_20_959,228",2018,2018-11-17,321,0.5060802973926302,653188,-16.605199118242634,653265,-11.15948215318691,653265,-5.4433287003059565,653265
Jagatsinghpur,JGS,1,"1_1_1_1_1_1_2_20_960,228",2018,2018-11-17,321,0.5601423578045852,693232,-15.93689811511198,693526,-10.682756923257246,693526,-5.249447663829177,693526
Jagatsinghpur,JGS,1,"1_1_1_1_1_1_2_20_961,228",2018,2018-11-17,321,0.44686708810557174,722863,-15.71460228491339,728813,-10.557134251421756,728813,-5.157468033491625,728813
Jagatsinghpur,JGS,1,"1_1_1_1_1_1_2_20_962,228",2018,2018-11-17,321,0.38834723790947834,200906,-17.172395727862586,246956,-10.975249859579082,246956,-6.197145868283492,246956
Jagatsinghpur,JGS,1,"1_1_1_1_1_1_2_20_958,229",2018,2018-11-17,321,0.5286978572172181,603760,-16.79201691755067,604467,-11.211062747548691,604467,-5.576596103796814,604467
Jagatsinghpur,JGS,1,"1_1_1_1_1_1_2_20_959,229",2018,2018-11-17,321,0.5716993189945879,604394,-16.07098923753384,604967,-10.419947398750365,604967,-5.6585437980509825,604967
Jagatsinghpur,JGS,1,"1_1_1_1_1_1_2_20_960,229",2018,2018-11-17,321,0.5787030270483616,732373,-15.632763314670353,733746,-9.993247894475415,733746,-5.635173096678589,733746
Jagatsinghpur,JGS,1,"1_1_1_1_1_1_2_20_961,229",2018,2018-11-17,321,0.5030960396809772,767091,-15.883933813441176,778594,-10.682761131651347,778594,-5.2010438222107735,778594
Jagatsinghpur,JGS,1,"1_1_1_1_1_1_2_20_962,229",2018,2018-11-17,321,0.4276539476566356,487796,-16.22107556764396,513858,-10.409708977875095,513858,-5.8113665897688485,513858
Jagatsinghpur,JGS,1,"1_1_1_1_1_1_2_20_963,229",2018,2018-11-17,321,0.5134864512070014,52984,-15.308462690457063,55675,-9.469480472516054,55675,-5.83898221794094,55675
Jagatsinghpur,JGS,1,"1_1_1_1_1_1_2_20_964,229",2018,2018-11-17,321,,0,,0,,0,,0
Jagatsinghpur,JGS,1,"1_1_1_1_1_1_2_20_957,230",2018,2018-11-17,321,0.5471415213977521,339642,-16.702250666135054,620511,-11.204606048158883,620511,-5.504258117122727,620511
Jagatsinghpur,JGS,1,"1_1_1_1_1_1_2_20_958,230",2018,2018-11-17,321,0.5634262311162513,573411,-16.428532757156074,574078,-11.004666441770631,574078,-5.424077625982545,574078
Jagatsinghpur,JGS,1,"1_1_1_1_1_1_2_20_959,230",2018,2018-11-17,321,0.6077696603402095,638728,-15.699477106771319,640106,-10.096854743064297,640106,-5.611103494182249,640106
Jagatsinghpur,JGS,1,"1_1_1_1_1_1_2_20_960,230",2018,2018-11-17,321,0.5877206350608214,674930,-15.551642025105153,679387,-9.871247842813734,679387,-5.679884817822077,679387
Jagatsinghpur,JGS,1,"1_1_1_1_1_1_2_20_961,230",2018,2018-11-17,321,0.6003816188759946,711230,-15.70735545043506,712352,-10.184113956279768,712352,-5.525011166082931,712352
Jagatsinghpur,JGS,1,"1_1_1_1_1_1_2_20_962,230",2018,2018-11-17,321,0.5681163085105789,734588,-15.43928437474315,741892,-10.283507531646963,741892,-5.155776843096117,741892
Jagatsinghpur,JGS,1,"1_1_1_1_1_1_2_20_963,230",2018,2018-11-17,321,0.5595428978329622,573692,-15.369381714730116,601275,-9.776303289788055,601275,-5.593078424942034,601275
Jagatsinghpur,JGS,1,"1_1_1_1_1_1_2_20_964,230",2018,2018-11-17,321,0.5879012494823244,112712,-16.550472041597224,125259,-10.501375397467005,125259,-6.0490966441302,125259
Jagatsinghpur,JGS,1,"1_1_1_1_1_1_2_20_965,230",2018,2018-11-17,321,0.47110875027960697,8227,-17.655397160505323,10328,-12.067654227922718,10328,-5.587742932582602,10328
Jagatsinghpur,JGS,1,"1_1_1_1_1_1_2_20_957,231",2018,2018-11-17,321,0.545283964332928,210373,-16.654201119454612,535010,-11.02263409666123,535010,-5.65095471672233,535010
Jagatsinghpur,JGS,1,"1_1_1_1_1_1_2_20_958,231",2018,2018-11-17,321,0.5562031374703941,648004,-16.2437746159955,649727,-10.804224824117593,649727,-5.438974145171672,649727
Jagatsinghpur,JGS,1,"1_1_1_1_1_1_2_20_959,231",2018,2018-11-17,321,0.593398480329581,543783,-16.18821551592742,544379,-10.763352862795173,544379,-5.41723106116626,544379
Jagatsinghpur,JGS,1,"1_1_1_1_1_1_2_20_960,231",2018,2018-11-17,321,0.5708248364726916,524475,-16.16726969482694,525591,-10.742894032446806,525591,-5.413347601334724,525591
Jagatsinghpur,JGS,1,"1_1_1_1_1_1_2_20_961,231",2018,2018-11-17,321,0.553118854475022,637262,-16.514843552629877,638601,-11.069588251464202,638601,-5.442617834753383,638601
Jagatsinghpur,JGS,1,"1_1_1_1_1_1_2_20_962,231",2018,2018-11-17,321,0.5171021604129524,659814,-17.060164837386182,661478,-11.374594828011798,661478,-5.685570009374378,661478
Jagatsinghpur,JGS,1,"1_1_1_1_1_1_2_20_963,231",2018,2018-11-17,321,0.5554257182586756,615158,-16.037119389564754,623890,-10.63489008513043,623890,-5.402229304434297,623890
Jagatsinghpur,JGS,1,"1_1_1_1_1_1_2_20_964,231",2018,2018-11-17,321,0.491716852707878,532505,-14.910339296607143,543323,-9.93741454034505,543323,-4.97292475626213,543323
Jagatsinghpur,JGS,1,"1_1_1_1_1_1_2_21_961,226",2018,2018-11-27,331,,0,-16.322038532725117,12383,-10.800986423465558,12383,-5.521052109259639,12383
Jagatsinghpur,JGS,1,"1_1_1_1_1_1_2_21_959,227",2018,2018-11-27,331,0.4871942105716618,504180,-16.727144520729876,510204,-11.352130399524691,510204,-5.370346874581138,510204
Jagatsinghpur,JGS,1,"1_1_1_1_1_1_2_21_960,227",2018,2018-11-27,331,0.4124306929331842,339165,-17.33123916359245,432279,-11.504579587668957,432279,-5.8292401347260645,432279
Jagatsinghpur,JGS,1,"1_1_1_1_1_1_2_21_961,227",2018,2018-11-27,331,,0,-16.375562795792796,447583,-10.887469337865351,447583,-5.488093457927396,447583
Jagatsinghpur,JGS,1,"1_1_1_1_1_1_2_21_962,227",2018,2018-11-27,331,,0,-20.044905173278693,786,-13.24788114258976,786,-6.797024030688978,786
Jagatsinghpur,JGS,1,"1_1_1_1_1_1_2_21_958,228",2018,2018-11-27,331,0.44542976797420714,631279,-17.254939914124368,657750,-11.865693007699383,657750,-5.386771399767143,657750
Jagatsinghpur,JGS,1,"1_1_1_1_1_1_2_21_959,228",2018,2018-11-27,331,0.4330116716573622,646103,-17.66136005906876,653265,-11.850457089188714,653265,-5.817860250799998,653265
Jagatsinghpur,JGS,1,"1_1_1_1_1_1_2_21_960,228",2018,2018-11-27,331,0.49703608251941456,650961,-16.415840642474727,693526,-11.047876384203734,693526,-5.364658741500197,693526
Jagatsinghpur,JGS,1,"1_1_1_1_1_1_2_21_961,228",2018,2018-11-27,331,0.4810316991313225,8105,-16.321510468738893,728813,-10.921475385738388,728813,-5.400035083000526,728813
Jagatsinghpur,JGS,1,"1_1_1_1_1_1_2_21_962,228",2018,2018-11-27,331,,0,-18.119160957874602,246956,-11.691038549245732,246956,-6.428122408628901,246956
Jagatsinghpur,JGS,1,"1_1_1_1_1_1_2_21_958,229",2018,2018-11-27,331,0.4682501864865946,584145,-17.41603633389245,604467,-11.908071382433633,604467,-5.509468542647715,604467
Jagatsinghpur,JGS,1,"1_1_1_1_1_1_2_21_959,229",2018,2018-11-27,331,0.4807233154638911,579512,-16.8060954518915,604967,-11.322514103373509,604967,-5.477021864312729,604967
Jagatsinghpur,JGS,1,"1_1_1_1_1_1_2_21_960,229",2018,2018-11-27,331,0.5086882174975478,716384,-15.985956697931204,733746,-10.606714162831791,733746,-5.368342086164478,733746
Jagatsinghpur,JGS,1,"1_1_1_1_1_1_2_21_961,229",2018,2018-11-27,331,0.5262361015214787,151869,-16.237436572910855,778594,-10.98088575725333,778594,-5.255583404466742,778594
Jagatsinghpur,JGS,1,"1_1_1_1_1_1_2_21_962,229",2018,2018-11-27,331,,0,-16.703737781353855,513858,-10.93595927109654,513858,-5.767778510257314,513858
Jagatsinghpur,JGS,1,"1_1_1_1_1_1_2_21_963,229",2018,2018-11-27,331,,0,-15.930463766663534,55675,-9.973251456036136,55675,-5.957212310627393,55675
Jagatsinghpur,JGS,1,"1_1_1_1_1_1_2_21_964,229",2018,2018-11-27,331,,0,,0,,0,,0
Jagatsinghpur,JGS,1,"1_1_1_1_1_1_2_21_957,230",2018,2018-11-27,331,0.49398510896416414,105272,-17.39190101210661,620511,-12.039110277772647,620511,-5.3533621771306406,620511
Jagatsinghpur,JGS,1,"1_1_1_1_1_1_2_21_958,230",2018,2018-11-27,331,0.49025870996044085,561084,-17.11693367834448,574078,-11.875452190698137,574078,-5.233941650775982,574078
Jagatsinghpur,JGS,1,"1_1_1_1_1_1_2_21_959,230",2018,2018-11-27,331,0.5056909127151001,630200,-16.39745411185048,640106,-11.098898249623252,640106,-5.28701835005418,640106
Jagatsinghpur,JGS,1,"1_1_1_1_1_1_2_21_960,230",2018,2018-11-27,331,0.501813466965588,655467,-15.959951516777993,679387,-10.616827565796028,679387,-5.3291533010012975,679387
Jagatsinghpur,JGS,1,"1_1_1_1_1_1_2_21_961,230",2018,2018-11-27,331,0.5457752724690472,288553,-16.030638164384833,712352,-10.6878390584833,712352,-5.341354385917792,712352
Jagatsinghpur,JGS,1,"1_1_1_1_1_1_2_21_962,230",2018,2018-11-27,331,,0,-15.614599281813717,741892,-10.6082751610789,741892,-5.006324120734848,741892
Jagatsinghpur,JGS,1,"1_1_1_1_1_1_2_21_963,230",2018,2018-11-27,331,,0,-15.550850825236704,601275,-10.124246606997387,601275,-5.42660421823935,601275
Jagatsinghpur,JGS,1,"1_1_1_1_1_1_2_21_964,230",2018,2018-11-27,331,,0,-17.03294578216066,125259,-10.885137369720063,125259,-6.14780841244059,125259
Jagatsinghpur,JGS,1,"1_1_1_1_1_1_2_21_965,230",2018,2018-11-27,331,,0,-17.95610339295316,10328,-12.256553196369495,10328,-5.699550196583669,10328
Jagatsinghpur,JGS,1,"1_1_1_1_1_1_2_21_957,231",2018,2018-11-27,331,0.48309298352758195,126099,-17.358982964638244,535010,-11.900608986111292,535010,-5.458864520068857,535010
Jagatsinghpur,JGS,1,"1_1_1_1_1_1_2_21_958,231",2018,2018-11-27,331,0.48605024200773084,642902,-16.947250106274826,649727,-11.753129731170722,649727,-5.186804522167328,649727
Jagatsinghpur,JGS,1,"1_1_1_1_1_1_2_21_959,231",2018,2018-11-27,331,0.49733553111081497,540858,-16.777129417599298,544379,-11.518550583668404,544379,-5.247172358188884,544379
Jagatsinghpur,JGS,1,"1_1_1_1_1_1_2_21_960,231",2018,2018-11-27,331,0.4857553845175569,509218,-16.683271255545222,525591,-11.321364625182138,525591,-5.355311921283231,525591
Jagatsinghpur,JGS,1,"1_1_1_1_1_1_2_21_961,231",2018,2018-11-27,331,0.4764359231673499,420116,-16.97710117693911,638601,-11.463988703107907,638601,-5.51190485490025,638601
Jagatsinghpur,JGS,1,"1_1_1_1_1_1_2_21_962,231",2018,2018-11-27,331,,0,-17.39323775055776,661478,-11.566646388297839,661478,-5.826591362259863,661478
Jagatsinghpur,JGS,1,"1_1_1_1_1_1_2_21_963,231",2018,2018-11-27,331,,0,-16.378743246589806,623890,-10.847074249718325,623890,-5.531668996871455,623890
Jagatsinghpur,JGS,1,"1_1_1_1_1_1_2_21_964,231",2018,2018-11-27,331,,0,-15.589405072969974,543323,-10.504930310056048,543323,-5.084474762913939,543323
Jagatsinghpur,JGS,1,"1_1_1_1_1_1_2_22_961,226",2018,2018-12-07,341,0.27744025005181455,12366,-17.08654221310334,12383,-11.3833520326411,12383,-5.703190180462196,12383
Jagatsinghpur,JGS,1,"1_1_1_1_1_1_2_22_959,227",2018,2018-12-07,341,0.3401041049538491,510204,-17.079020577602552,510204,-10.823522279533043,510204,-6.255498298069553,510204
Jagatsinghpur,JGS,1,"1_1_1_1_1_1_2_22_960,227",2018,2018-12-07,341,0.2982401886409774,432245,-18.135247902411944,432279,-11.466023584572984,432279,-6.6692243178389825,432279
Jagatsinghpur,JGS,1,"1_1_1_1_1_1_2_22_961,227",2018,2018-12-07,341,0.27345376872294536,447552,-17.345260091047425,447583,-11.509610050913768,447583,-5.835650040133666,447583
Jagatsinghpur,JGS,1,"1_1_1_1_1_1_2_22_962,227",2018,2018-12-07,341,0.2521616778134346,786,-20.31568758929364,786,-13.324205186886246,786,-6.991482402407406,786
Jagatsinghpur,JGS,1,"1_1_1_1_1_1_2_22_958,228",2018,2018-12-07,341,0.33036821945906925,657750,-17.58075466782942,657750,-11.304137149839852,657750,-6.276617517989565,657750
Jagatsinghpur,JGS,1,"1_1_1_1_1_1_2_22_959,228",2018,2018-12-07,341,0.30240103026170206,653265,-18.333608105037655,653265,-11.573550000947433,653265,-6.7600581040901675,653265
Jagatsinghpur,JGS,1,"1_1_1_1_1_1_2_22_960,228",2018,2018-12-07,341,0.3187593941571392,693526,-16.433045897475463,693526,-10.5588226126508,693526,-5.874223284824687,693526
Jagatsinghpur,JGS,1,"1_1_1_1_1_1_2_22_961,228",2018,2018-12-07,341,0.274917379996951,728813,-16.980133784431867,728813,-11.166960965415205,728813,-5.8131728190166365,728813
Jagatsinghpur,JGS,1,"1_1_1_1_1_1_2_22_962,228",2018,2018-12-07,341,0.2714682410320307,246956,-18.63256613559674,246956,-12.056104309628017,246956,-6.576461825968742,246956
Jagatsinghpur,JGS,1,"1_1_1_1_1_1_2_22_958,229",2018,2018-12-07,341,0.35533659832371867,604467,-17.564237497873695,604467,-11.169298724806803,604467,-6.394938773066843,604467
Jagatsinghpur,JGS,1,"1_1_1_1_1_1_2_22_959,229",2018,2018-12-07,341,0.31798596114456895,604967,-16.904233720255377,604967,-10.688449100636712,604967,-6.215784619618701,604967
Jagatsinghpur,JGS,1,"1_1_1_1_1_1_2_22_960,229",2018,2018-12-07,341,0.3297181283187428,733746,-15.775836259193612,733746,-10.187932865968916,733746,-5.587903393224747,733746
Jagatsinghpur,JGS,1,"1_1_1_1_1_1_2_22_961,229",2018,2018-12-07,341,0.3035311764337417,778594,-16.4751504569017,778594,-11.097820662423896,778594,-5.377329794477813,778594
Jagatsinghpur,JGS,1,"1_1_1_1_1_1_2_22_962,229",2018,2018-12-07,341,0.2716610281688935,513854,-17.128548964593747,513858,-11.264239359670436,513858,-5.864309604923292,513858
Jagatsinghpur,JGS,1,"1_1_1_1_1_1_2_22_963,229",2018,2018-12-07,341,0.32644962373576497,55564,-16.421389706077775,55675,-10.429670858027201,55675,-5.9917188480505645,55675
Jagatsinghpur,JGS,1,"1_1_1_1_1_1_2_22_964,229",2018,2018-12-07,341,,0,,0,,0,,0
Jagatsinghpur,JGS,1,"1_1_1_1_1_1_2_22_957,230",2018,2018-12-07,341,0.3708489542852861,620511,-17.284983079544123,620511,-11.33380912045925,620511,-5.951173959084907,620511
Jagatsinghpur,JGS,1,"1_1_1_1_1_1_2_22_958,230",2018,2018-12-07,341,0.34242412613733897,574078,-17.13676929952239,574078,-11.08468350678372,574078,-6.052085792738618,574078
Jagatsinghpur,JGS,1,"1_1_1_1_1_1_2_22_959,230",2018,2018-12-07,341,0.32015861749732355,640106,-16.260630055364597,640106,-10.431176688419788,640106,-5.829453366944815,640106
Jagatsinghpur,JGS,1,"1_1_1_1_1_1_2_22_960,230",2018,2018-12-07,341,0.33281241004452183,679387,-15.751031137368155,679387,-10.056179383320696,679387,-5.694851754047477,679387
Jagatsinghpur,JGS,1,"1_1_1_1_1_1_2_22_961,230",2018,2018-12-07,341,0.34223214692552656,712352,-15.904544752655314,712352,-10.602916673913573,712352,-5.301628078741701,712352
Jagatsinghpur,JGS,1,"1_1_1_1_1_1_2_22_962,230",2018,2018-12-07,341,0.30505601651847075,741892,-15.486951187915329,741892,-10.492603630663352,741892,-4.9943475572519755,741892
Jagatsinghpur,JGS,1,"1_1_1_1_1_1_2_22_963,230",2018,2018-12-07,341,0.31705559031943714,601275,-15.758241266733707,601275,-10.39964639011898,601275,-5.358594876614768,601275
Jagatsinghpur,JGS,1,"1_1_1_1_1_1_2_22_964,230",2018,2018-12-07,341,0.35556555967909875,125255,-17.123459170049593,125259,-11.087985685081284,125259,-6.035473484968331,125259
Jagatsinghpur,JGS,1,"1_1_1_1_1_1_2_22_965,230",2018,2018-12-07,341,0.2952600031990779,10281,-17.713220532006,10328,-12.098640971409228,10328,-5.61457956059675,10328
Jagatsinghpur,JGS,1,"1_1_1_1_1_1_2_22_957,231",2018,2018-12-07,341,0.3860690858281751,535010,-17.112628950320588,535010,-11.16620830159243,535010,-5.946420648728187,535010
Jagatsinghpur,JGS,1,"1_1_1_1_1_1_2_22_958,231",2018,2018-12-07,341,0.3478429622571772,649727,-16.77167261827851,649727,-11.034295541352556,649727,-5.737377076925931,649727
Jagatsinghpur,JGS,1,"1_1_1_1_1_1_2_22_959,231",2018,2018-12-07,341,0.3415362345265478,544379,-16.73235661762987,544379,-10.846447662803767,544379,-5.885908954826117,544379
Jagatsinghpur,JGS,1,"1_1_1_1_1_1_2_22_960,231",2018,2018-12-07,341,0.34634256015584197,525591,-16.79837256922627,525591,-10.81260441738881,525591,-5.985768151837482,525591
Jagatsinghpur,JGS,1,"1_1_1_1_1_1_2_22_961,231",2018,2018-12-07,341,0.34872837180240646,638601,-17.359691017399506,638601,-11.491368036104026,638601,-5.868322981295493,638601
Jagatsinghpur,JGS,1,"1_1_1_1_1_1_2_22_962,231",2018,2018-12-07,341,0.3286965661547666,661478,-17.6576611166848,661478,-11.730472680839046,661478,-5.927188435845771,661478
Jagatsinghpur,JGS,1,"1_1_1_1_1_1_2_22_963,231",2018,2018-12-07,341,0.32278455223673697,623008,-16.856142892156544,623890,-11.156519746407291,623890,-5.699623145749232,623890
Jagatsinghpur,JGS,1,"1_1_1_1_1_1_2_22_964,231",2018,2018-12-07,341,0.27194994500289504,542349,-16.51572635053394,543323,-10.96690058379263,543323,-5.54882576674127,543323
Jagatsinghpur,JGS,1,"1_1_1_1_1_1_2_23_961,226",2018,2018-12-17,351,0.31414771142000136,12330,-18.017301244785006,12383,-11.738915707526893,12383,-6.278385537258097,12383
Jagatsinghpur,JGS,1,"1_1_1_1_1_1_2_23_959,227",2018,2018-12-17,351,0.33455325540879405,510202,-17.77213876044986,510204,-11.505434108273157,510204,-6.266704652176743,510204
Jagatsinghpur,JGS,1,"1_1_1_1_1_1_2_23_960,227",2018,2018-12-17,351,0.3099900779336178,432261,-18.698279435743505,432279,-11.749315550531986,432279,-6.948963885211505,432279
Jagatsinghpur,JGS,1,"1_1_1_1_1_1_2_23_961,227",2018,2018-12-17,351,0.2983155513390968,447578,-18.022532149651276,447583,-11.565597103652248,447583,-6.456935045998974,447583
Jagatsinghpur,JGS,1,"1_1_1_1_1_1_2_23_962,227",2018,2018-12-17,351,0.2979934417635318,786,-20.22162515589518,786,-13.484861763107135,786,-6.736763392788031,786
Jagatsinghpur,JGS,1,"1_1_1_1_1_1_2_23_958,228",2018,2018-12-17,351,0.3177549712895174,657750,-18.10263648623372,657750,-11.955183282121896,657750,-6.147453204111892,657750
Jagatsinghpur,JGS,1,"1_1_1_1_1_1_2_23_959,228",2018,2018-12-17,351,0.3056697852354728,653265,-18.747680803607846,653265,-12.158433925316727,653265,-6.589246878291158,653265
Jagatsinghpur,JGS,1,"1_1_1_1_1_1_2_23_960,228",2018,2018-12-17,351,0.30670600190130987,693526,-16.80113124543363,693526,-10.90482049421118,693526,-5.896310751222475,693526
Jagatsinghpur,JGS,1,"1_1_1_1_1_1_2_23_961,228",2018,2018-12-17,351,0.2797740164641675,728813,-17.53181667568004,728813,-11.127591945095766,728813,-6.404224730584245,728813
Jagatsinghpur,JGS,1,"1_1_1_1_1_1_2_23_962,228",2018,2018-12-17,351,0.3332896195449112,246410,-19.181385903284394,246956,-12.088889323785773,246956,-7.092496579498591,246956
Jagatsinghpur,JGS,1,"1_1_1_1_1_1_2_23_958,229",2018,2018-12-17,351,0.3602980204229061,604467,-18.195994246355745,604467,-11.840563300443979,604467,-6.35543094591174,604467
Jagatsinghpur,JGS,1,"1_1_1_1_1_1_2_23_959,229",2018,2018-12-17,351,0.3133563699198706,604967,-17.455593570761913,604967,-11.258849183833707,604967,-6.196744386928193,604967
Jagatsinghpur,JGS,1,"1_1_1_1_1_1_2_23_960,229",2018,2018-12-17,351,0.32010049836052373,733746,-16.237843524092,733746,-10.63679753792003,733746,-5.601045986171954,733746
Jagatsinghpur,JGS,1,"1_1_1_1_1_1_2_23_961,229",2018,2018-12-17,351,0.29921409305682034,778594,-16.69107054831446,778594,-11.044697320959193,778594,-5.646373227355186,778594
Jagatsinghpur,JGS,1,"1_1_1_1_1_1_2_23_962,229",2018,2018-12-17,351,0.3133696550666657,513858,-17.630166315709584,513858,-11.353593945937712,513858,-6.276572369771892,513858
Jagatsinghpur,JGS,1,"1_1_1_1_1_1_2_23_963,229",2018,2018-12-17,351,0.3946613650540086,55673,-17.268517639897738,55675,-10.928804167902285,55675,-6.339713471995391,55675
Jagatsinghpur,JGS,1,"1_1_1_1_1_1_2_23_964,229",2018,2018-12-17,351,,0,,0,,0,,0
Jagatsinghpur,JGS,1,"1_1_1_1_1_1_2_23_957,230",2018,2018-12-17,351,0.33282746335287117,620511,-18.01110138107249,620511,-11.980358314184866,620511,-6.030743066887628,620511
Jagatsinghpur,JGS,1,"1_1_1_1_1_1_2_23_958,230",2018,2018-12-17,351,0.32891821659045845,574078,-17.842467020672462,574078,-11.743571822629514,574078,-6.098895198042916,574078
Jagatsinghpur,JGS,1,"1_1_1_1_1_1_2_23_959,230",2018,2018-12-17,351,0.3045711345731961,640106,-16.73341618274316,640106,-10.99650447812411,640106,-5.736911704619067,640106
Jagatsinghpur,JGS,1,"1_1_1_1_1_1_2_23_960,230",2018,2018-12-17,351,0.3144716966165414,679387,-16.27910253094867,679387,-10.553854535834125,679387,-5.725247995114561,679387
Jagatsinghpur,JGS,1,"1_1_1_1_1_1_2_23_961,230",2018,2018-12-17,351,0.31963018308634233,712352,-15.782465953147332,712352,-10.184803293965864,712352,-5.597662659181453,712352
Jagatsinghpur,JGS,1,"1_1_1_1_1_1_2_23_962,230",2018,2018-12-17,351,0.299549487286882,741892,-15.682513589268536,741892,-10.310321361435362,741892,-5.372192227833203,741892
Jagatsinghpur,JGS,1,"1_1_1_1_1_1_2_23_963,230",2018,2018-12-17,351,0.34204660791943575,600701,-16.312094662778385,601275,-10.608339248859357,601275,-5.703755413918984,601275
Jagatsinghpur,JGS,1,"1_1_1_1_1_1_2_23_964,230",2018,2018-12-17,351,0.4622048806623305,124955,-17.490086112917318,125259,-11.256828124377428,125259,-6.233257988539847,125259
Jagatsinghpur,JGS,1,"1_1_1_1_1_1_2_23_965,230",2018,2018-12-17,351,0.3966291058906772,10272,-17.6429033286172,10328,-11.729751374133452,10328,-5.913151954483683,10328
Jagatsinghpur,JGS,1,"1_1_1_1_1_1_2_23_957,231",2018,2018-12-17,351,0.3307035181647882,535010,-17.77169440990308,522073,-11.744324451559706,522073,-6.027369958343392,522073
Jagatsinghpur,JGS,1,"1_1_1_1_1_1_2_23_958,231",2018,2018-12-17,351,0.31377415396901387,649727,-17.433464260761095,649727,-11.549896560721097,649727,-5.88356770003999,649727
Jagatsinghpur,JGS,1,"1_1_1_1_1_1_2_23_959,231",2018,2018-12-17,351,0.3347669351865627,544379,-17.349247464942827,544379,-11.42206805791211,544379,-5.927179407030741,544379
Jagatsinghpur,JGS,1,"1_1_1_1_1_1_2_23_960,231",2018,2018-12-17,351,0.3447070029737418,525591,-17.334908594555703,525591,-11.376439753856836,525591,-5.95846884069887,525591
Jagatsinghpur,JGS,1,"1_1_1_1_1_1_2_23_961,231",2018,2018-12-17,351,0.36397827386980997,638601,-17.77371456080041,638601,-11.66701757526303,638601,-6.106696985537329,638601
Jagatsinghpur,JGS,1,"1_1_1_1_1_1_2_23_962,231",2018,2018-12-17,351,0.36467393207658255,661478,-17.74663426710916,661478,-11.479615088680918,661478,-6.267019178428226,661478
Jagatsinghpur,JGS,1,"1_1_1_1_1_1_2_23_963,231",2018,2018-12-17,351,0.34615986402782606,623430,-17.291929739472994,623890,-11.237791598472914,623890,-6.054138141000045,623890
Jagatsinghpur,JGS,1,"1_1_1_1_1_1_2_23_964,231",2018,2018-12-17,351,0.31538723758787723,541057,-16.96590694041623,543323,-10.98228285527729,543323,-5.983624085138965,543323
Jagatsinghpur,JGS,1,"1_1_1_1_1_2_0_961,226",2019,2019-05-01,121,0.15471883666840142,7752,-19.20913745796104,12383,-11.49481532618235,12383,-7.714322131778645,12383
Jagatsinghpur,JGS,1,"1_1_1_1_1_2_0_959,227",2019,2019-05-01,121,0.24056120721000065,393693,-18.95928350913268,510204,-10.65043295126841,510204,-8.009374816492102,510204
Jagatsinghpur,JGS,1,"1_1_1_1_1_2_0_960,227",2019,2019-05-01,121,0.20224130575328678,169992,-19.098590514054287,432279,-10.73300099844742,432279,-8.195549520369138,432279
Jagatsinghpur,JGS,1,"1_1_1_1_1_2_0_961,227",2019,2019-05-01,121,0.16525891423545325,25238,-19.67697508652773,447583,-11.48095717231887,447583,-8.196017914208916,447583
Jagatsinghpur,JGS,1,"1_1_1_1_1_2_0_962,227",2019,2019-05-01,121,,0,-19.89358513835657,786,-12.090408078333052,786,-7.803177060023536,786
Jagatsinghpur,JGS,1,"1_1_1_1_1_2_0_958,228",2019,2019-05-01,121,0.2895100337445295,545549,-17.57267724716467,657750,-10.104701765922398,657750,-7.2660493602469565,657750
Jagatsinghpur,JGS,1,"1_1_1_1_1_2_0_959,228",2019,2019-05-01,121,0.26889867610226503,517071,-18.122981661191666,653265,-10.279496185485153,653265,-7.586979102995976,653265
Jagatsinghpur,JGS,1,"1_1_1_1_1_2_0_960,228",2019,2019-05-01,121,0.2952887775787048,373225,-17.476031060185868,693526,-10.042472535565071,693526,-7.244719501620718,693526
Jagatsinghpur,JGS,1,"1_1_1_1_1_2_0_961,228",2019,2019-05-01,121,0.22959161482356705,38295,-19.001162141858426,728813,-11.099422456424232,728813,-7.901739685434238,728813
Jagatsinghpur,JGS,1,"1_1_1_1_1_2_0_962,228",2019,2019-05-01,121,0.15401079652416122,9941,-19.91988931168975,246956,-11.699568842465235,246956,-8.220320469224443,246956
Jagatsinghpur,JGS,1,"1_1_1_1_1_2_0_958,229",2019,2019-05-01,121,0.3341828370091731,390456,-17.401641656403367,604467,-10.174021579142808,604467,-7.1116486655214946,604467
Jagatsinghpur,JGS,1,"1_1_1_1_1_2_0_959,229",2019,2019-05-01,121,0.3062661175230083,587564,-17.6067012400528,604967,-9.769479166779796,604967,-7.635415997870582,604967
Jagatsinghpur,JGS,1,"1_1_1_1_1_2_0_960,229",2019,2019-05-01,121,0.27004450735505375,621968,-17.808951645733273,733746,-9.93526820647651,733746,-7.574527633160066,733746
Jagatsinghpur,JGS,1,"1_1_1_1_1_2_0_961,229",2019,2019-05-01,121,0.21094711054533316,250578,-18.9755346145636,778594,-11.163327054845452,778594,-7.798908311366524,778594
Jagatsinghpur,JGS,1,"1_1_1_1_1_2_0_962,229",2019,2019-05-01,121,0.1836338309594118,142929,-19.932639549932308,513858,-11.74995527655087,513858,-8.182684273381447,513858
Jagatsinghpur,JGS,1,"1_1_1_1_1_2_0_963,229",2019,2019-05-01,121,0.14386386059811493,7137,-19.352641448019234,55675,-11.60086419618406,55675,-7.751777251835231,55675
Jagatsinghpur,JGS,1,"1_1_1_1_1_2_0_964,229",2019,2019-05-01,121,,0,,0,,0,,0
Jagatsinghpur,JGS,1,"1_1_1_1_1_2_0_957,230",2019,2019-05-01,121,0.12342483795584536,1417,-17.476628360798095,620511,-10.46689334470867,620511,-6.936333824198258,620511
Jagatsinghpur,JGS,1,"1_1_1_1_1_2_0_958,230",2019,2019-05-01,121,0.31803403009274567,79724,-18.041232067912627,574078,-10.206741780303668,574078,-7.625307827433125,574078
Jagatsinghpur,JGS,1,"1_1_1_1_1_2_0_959,230",2019,2019-05-01,121,0.2892204609727492,200463,-17.087220711108632,640106,-9.379532107720637,640106,-7.513131037127712,640106
Jagatsinghpur,JGS,1,"1_1_1_1_1_2_0_960,230",2019,2019-05-01,121,0.2967491431690115,204202,-16.990905234754454,679387,-9.651267326905533,679387,-7.101327161234389,679387
Jagatsinghpur,JGS,1,"1_1_1_1_1_2_0_961,230",2019,2019-05-01,121,0.2672972979276871,401501,-17.63192374730771,712352,-10.390438063010519,712352,-7.1963434560485195,712352
Jagatsinghpur,JGS,1,"1_1_1_1_1_2_0_962,230",2019,2019-05-01,121,0.24892830872169433,538205,-18.92754120381759,741892,-11.208215783746063,741892,-7.7193254200715185,741892
Jagatsinghpur,JGS,1,"1_1_1_1_1_2_0_963,230",2019,2019-05-01,121,0.25947667949776393,357091,-18.9731803219156,601275,-11.265128232572334,601275,-7.708052089343254,601275
Jagatsinghpur,JGS,1,"1_1_1_1_1_2_0_964,230",2019,2019-05-01,121,0.2608246465340121,24844,-18.076678877923964,125259,-11.553909497294063,125259,-6.522769380629927,125259
Jagatsinghpur,JGS,1,"1_1_1_1_1_2_0_965,230",2019,2019-05-01,121,0.12592800032398738,2184,-19.311679506932187,10328,-12.580919637976082,10328,-6.730759868956162,10328
Jagatsinghpur,JGS,1,"1_1_1_1_1_2_0_957,231",2019,2019-05-01,121,0.22800722756615052,16430,-17.9773966849997,535010,-10.71816368795452,535010,-7.254845827190061,535010
Jagatsinghpur,JGS,1,"1_1_1_1_1_2_0_958,231",2019,2019-05-01,121,0.259724449249758,76184,-17.274132205769376,649727,-9.979900853304722,649727,-7.27896043315149,649727
Jagatsinghpur,JGS,1,"1_1_1_1_1_2_0_959,231",2019,2019-05-01,121,0.27502237523850864,94130,-16.902522290297625,544379,-9.613267901423162,544379,-7.128295198026894,544379
Jagatsinghpur,JGS,1,"1_1_1_1_1_2_0_960,231",2019,2019-05-01,121,0.26715908214887646,147116,-18.065047027808497,525591,-10.168537910490297,525591,-7.603487519542895,525591
Jagatsinghpur,JGS,1,"1_1_1_1_1_2_0_961,231",2019,2019-05-01,121,0.2721730762017097,410280,-18.212714388314403,638601,-10.51206682107046,638601,-7.592951542603108,638601
Jagatsinghpur,JGS,1,"1_1_1_1_1_2_0_962,231",2019,2019-05-01,121,0.27706675042182316,548894,-18.916968756529304,661478,-10.974606186648801,661478,-7.942362569880542,661478
Jagatsinghpur,JGS,1,"1_1_1_1_1_2_0_963,231",2019,2019-05-01,121,0.23681143008799338,444923,-18.901052053167998,623890,-10.700644736363541,623890,-8.200407316804393,623890
Jagatsinghpur,JGS,1,"1_1_1_1_1_2_0_964,231",2019,2019-05-01,121,0.20133639294223743,281123,-19.571577138903532,543323,-11.385675150619276,543323,-8.185901988284288,543323
Jagatsinghpur,JGS,1,"1_1_1_1_1_2_1_961,226",2019,2019-05-11,131,0.22134423233870806,11893,,0,,0,,0
Jagatsinghpur,JGS,1,"1_1_1_1_1_2_1_959,227",2019,2019-05-11,131,0.3198822544019136,510204,,0,,0,,0
Jagatsinghpur,JGS,1,"1_1_1_1_1_2_1_960,227",2019,2019-05-11,131,0.2803002571049024,430264,,0,,0,,0
Jagatsinghpur,JGS,1,"1_1_1_1_1_2_1_961,227",2019,2019-05-11,131,0.22862826095684435,437516,,0,,0,,0
Jagatsinghpur,JGS,1,"1_1_1_1_1_2_1_962,227",2019,2019-05-11,131,0.21157563827326953,560,,0,,0,,0
Jagatsinghpur,JGS,1,"1_1_1_1_1_2_1_958,228",2019,2019-05-11,131,0.37215341401135976,657750,,0,,0,,0
Jagatsinghpur,JGS,1,"1_1_1_1_1_2_1_959,228",2019,2019-05-11,131,0.3288130959589341,653263,,0,,0,,0
Jagatsinghpur,JGS,1,"1_1_1_1_1_2_1_960,228",2019,2019-05-11,131,0.32416139913739755,692399,,0,,0,,0
Jagatsinghpur,JGS,1,"1_1_1_1_1_2_1_961,228",2019,2019-05-11,131,0.2649761300639717,718470,,0,,0,,0
Jagatsinghpur,JGS,1,"1_1_1_1_1_2_1_962,228",2019,2019-05-11,131,0.21848307533063382,225037,,0,,0,,0
Jagatsinghpur,JGS,1,"1_1_1_1_1_2_1_958,229",2019,2019-05-11,131,0.38959124218197344,604467,,0,,0,,0
Jagatsinghpur,JGS,1,"1_1_1_1_1_2_1_959,229",2019,2019-05-11,131,0.34762771009712756,604967,,0,,0,,0
Jagatsinghpur,JGS,1,"1_1_1_1_1_2_1_960,229",2019,2019-05-11,131,0.3057086564888862,733746,,0,,0,,0
Jagatsinghpur,JGS,1,"1_1_1_1_1_2_1_961,229",2019,2019-05-11,131,0.2563334114235064,763492,,0,,0,,0
Jagatsinghpur,JGS,1,"1_1_1_1_1_2_1_962,229",2019,2019-05-11,131,0.21849102438213888,463605,,0,,0,,0
Jagatsinghpur,JGS,1,"1_1_1_1_1_2_1_963,229",2019,2019-05-11,131,0.2282603503154181,53536,,0,,0,,0
Jagatsinghpur,JGS,1,"1_1_1_1_1_2_1_964,229",2019,2019-05-11,131,,0,,0,,0,,0
Jagatsinghpur,JGS,1,"1_1_1_1_1_2_1_957,230",2019,2019-05-11,131,0.41926393475687357,620511,,0,,0,,0
Jagatsinghpur,JGS,1,"1_1_1_1_1_2_1_958,230",2019,2019-05-11,131,0.3713030397682205,574078,,0,,0,,0
Jagatsinghpur,JGS,1,"1_1_1_1_1_2_1_959,230",2019,2019-05-11,131,0.34882389144946935,640106,,0,,0,,0
Jagatsinghpur,JGS,1,"1_1_1_1_1_2_1_960,230",2019,2019-05-11,131,0.3425859903574246,679387,,0,,0,,0
Jagatsinghpur,JGS,1,"1_1_1_1_1_2_1_961,230",2019,2019-05-11,131,0.3018956223759774,710925,,0,,0,,0
Jagatsinghpur,JGS,1,"1_1_1_1_1_2_1_962,230",2019,2019-05-11,131,0.26553171419061017,732042,,0,,0,,0
Jagatsinghpur,JGS,1,"1_1_1_1_1_2_1_963,230",2019,2019-05-11,131,0.2677410500641533,585939,,0,,0,,0
Jagatsinghpur,JGS,1,"1_1_1_1_1_2_1_964,230",2019,2019-05-11,131,0.31044967713588784,106984,,0,,0,,0
Jagatsinghpur,JGS,1,"1_1_1_1_1_2_1_965,230",2019,2019-05-11,131,0.15811946164696233,5992,,0,,0,,0
Jagatsinghpur,JGS,1,"1_1_1_1_1_2_1_957,231",2019,2019-05-11,131,0.4106097498401416,535010,,0,,0,,0
Jagatsinghpur,JGS,1,"1_1_1_1_1_2_1_958,231",2019,2019-05-11,131,0.3593888955707196,649727,,0,,0,,0
Jagatsinghpur,JGS,1,"1_1_1_1_1_2_1_959,231",2019,2019-05-11,131,0.372056229037965,544379,,0,,0,,0
Jagatsinghpur,JGS,1,"1_1_1_1_1_2_1_960,231",2019,2019-05-11,131,0.3271681631817433,525591,,0,,0,,0
Jagatsinghpur,JGS,1,"1_1_1_1_1_2_1_961,231",2019,2019-05-11,131,0.3102958827609002,638338,,0,,0,,0
Jagatsinghpur,JGS,1,"1_1_1_1_1_2_1_962,231",2019,2019-05-11,131,0.2900826097894569,657039,,0,,0,,0
Jagatsinghpur,JGS,1,"1_1_1_1_1_2_1_963,231",2019,2019-05-11,131,0.2528966379217435,616688,,0,,0,,0
Jagatsinghpur,JGS,1,"1_1_1_1_1_2_1_964,231",2019,2019-05-11,131,0.23808255835045997,512572,,0,,0,,0
Jagatsinghpur,JGS,1,"1_1_1_1_1_2_2_961,226",2019,2019-05-21,141,0.2200867578441451,11848,-21.557869146455026,12383,-13.566201589635455,12383,-7.991667556819755,12383
Jagatsinghpur,JGS,1,"1_1_1_1_1_2_2_959,227",2019,2019-05-21,141,0.283477904406282,506031,-20.184127269679102,510204,-12.470346972728777,510204,-7.713780296950333,510204
Jagatsinghpur,JGS,1,"1_1_1_1_1_2_2_960,227",2019,2019-05-21,141,0.238715014787275,428203,-20.35128559873089,432279,-12.419349756226616,432279,-7.931935842504276,432279
Jagatsinghpur,JGS,1,"1_1_1_1_1_2_2_961,227",2019,2019-05-21,141,0.21790801414978803,439082,-21.81934906481807,447583,-13.145563715005032,447583,-8.673785349813016,447583
Jagatsinghpur,JGS,1,"1_1_1_1_1_2_2_962,227",2019,2019-05-21,141,0.20105560958826796,646,-20.963565000485524,786,-12.675063733963198,786,-8.288501266522292,786
Jagatsinghpur,JGS,1,"1_1_1_1_1_2_2_958,228",2019,2019-05-21,141,0.3217969141608285,654151,-19.174703566480655,657750,-12.381529547011047,657750,-6.79317401946958,657750
Jagatsinghpur,JGS,1,"1_1_1_1_1_2_2_959,228",2019,2019-05-21,141,0.26124188608716425,652952,-19.57950304862521,653265,-12.292938312163383,653265,-7.286564736461856,653265
Jagatsinghpur,JGS,1,"1_1_1_1_1_2_2_960,228",2019,2019-05-21,141,0.25981476480854016,691429,-19.133415016780674,693526,-11.879076597031613,693526,-7.254338419749023,693526
Jagatsinghpur,JGS,1,"1_1_1_1_1_2_2_961,228",2019,2019-05-21,141,0.24430239519428987,719728,-20.799710546319336,728813,-12.565281038414964,728813,-8.234429507904371,728813
Jagatsinghpur,JGS,1,"1_1_1_1_1_2_2_962,228",2019,2019-05-21,141,0.2140418762779894,227421,-21.54930835184044,246956,-12.8020611262533,246956,-8.74724722558717,246956
Jagatsinghpur,JGS,1,"1_1_1_1_1_2_2_958,229",2019,2019-05-21,141,0.3495587730877812,603141,-19.045623576007262,604467,-12.269877158893102,604467,-6.775746417114138,604467
Jagatsinghpur,JGS,1,"1_1_1_1_1_2_2_959,229",2019,2019-05-21,141,0.3071665536844835,604211,-19.491001049527085,604967,-12.223225261638751,604967,-7.267775787888359,604967
Jagatsinghpur,JGS,1,"1_1_1_1_1_2_2_960,229",2019,2019-05-21,141,0.26009200544324124,732372,-19.412851965535474,733746,-12.007703030692998,733746,-7.405148934842491,733746
Jagatsinghpur,JGS,1,"1_1_1_1_1_2_2_961,229",2019,2019-05-21,141,0.2357609213017354,763831,-20.33084092013793,778594,-12.508139526599132,778594,-7.822701393538789,778594
Jagatsinghpur,JGS,1,"1_1_1_1_1_2_2_962,229",2019,2019-05-21,141,0.2030275198319987,461317,-21.812326119479263,513858,-13.067094213983227,513858,-8.745231905495963,513858
Jagatsinghpur,JGS,1,"1_1_1_1_1_2_2_963,229",2019,2019-05-21,141,0.2193243225670476,54240,-21.200676072921596,55675,-13.0596308231248,55675,-8.141045249796786,55675
Jagatsinghpur,JGS,1,"1_1_1_1_1_2_2_964,229",2019,2019-05-21,141,,0,,0,,0,,0
Jagatsinghpur,JGS,1,"1_1_1_1_1_2_2_957,230",2019,2019-05-21,141,0.41975324236764183,617683,-18.824479342568004,620511,-12.486842186414432,620511,-6.33763715615353,620511
Jagatsinghpur,JGS,1,"1_1_1_1_1_2_2_958,230",2019,2019-05-21,141,0.3716424267598058,573762,-19.45355446085585,574078,-12.496653719460193,574078,-6.9569007413956765,574078
Jagatsinghpur,JGS,1,"1_1_1_1_1_2_2_959,230",2019,2019-05-21,141,0.3112753887463057,638829,-19.06255605633363,640106,-11.942497137324674,640106,-7.120058919008968,640106
Jagatsinghpur,JGS,1,"1_1_1_1_1_2_2_960,230",2019,2019-05-21,141,0.2791364983499349,675956,-19.003614327297147,679387,-11.90459860038583,679387,-7.099015726911223,679387
Jagatsinghpur,JGS,1,"1_1_1_1_1_2_2_961,230",2019,2019-05-21,141,0.26039217830615813,707973,-19.432044073100744,712352,-12.059337350309123,712352,-7.372706722791651,712352
Jagatsinghpur,JGS,1,"1_1_1_1_1_2_2_962,230",2019,2019-05-21,141,0.23037393201011555,705792,-20.80488608812247,741892,-12.682699039661854,741892,-8.122187048460589,741892
Jagatsinghpur,JGS,1,"1_1_1_1_1_2_2_963,230",2019,2019-05-21,141,0.2359526106055942,498806,-20.595069794231282,601275,-12.583796888910973,601275,-8.011272905320325,601275
Jagatsinghpur,JGS,1,"1_1_1_1_1_2_2_964,230",2019,2019-05-21,141,0.32357111306433517,99856,-18.972010481001128,125259,-12.386123498006725,125259,-6.585886982994389,125259
Jagatsinghpur,JGS,1,"1_1_1_1_1_2_2_965,230",2019,2019-05-21,141,0.24967403370054111,3732,-20.870939940459433,10328,-13.551999549029224,10328,-7.318940391430183,10328
Jagatsinghpur,JGS,1,"1_1_1_1_1_2_2_957,231",2019,2019-05-21,141,0.40439176855168135,530912,-19.387929985252054,522231,-12.636495266126635,522231,-6.751434719125474,522231
Jagatsinghpur,JGS,1,"1_1_1_1_1_2_2_958,231",2019,2019-05-21,141,0.3474690837102277,646208,-19.17626107569432,649727,-12.307356700652559,649727,-6.868904375041736,649727
Jagatsinghpur,JGS,1,"1_1_1_1_1_2_2_959,231",2019,2019-05-21,141,0.3343252797244466,542625,-18.747614550975243,544379,-11.8891549896328,544379,-6.858459561342403,544379
Jagatsinghpur,JGS,1,"1_1_1_1_1_2_2_960,231",2019,2019-05-21,141,0.2787329427402338,523854,-19.816742053958002,525591,-12.259333298524368,525591,-7.557408755433676,525591
Jagatsinghpur,JGS,1,"1_1_1_1_1_2_2_961,231",2019,2019-05-21,141,0.2608063583663111,637644,-20.036940033047145,638601,-12.344557070339356,638601,-7.692382962707817,638601
Jagatsinghpur,JGS,1,"1_1_1_1_1_2_2_962,231",2019,2019-05-21,141,0.2255881708902709,556778,-20.29754419809692,661478,-12.382608898497095,661478,-7.914935299599799,661478
Jagatsinghpur,JGS,1,"1_1_1_1_1_2_2_963,231",2019,2019-05-21,141,0.23116376730805924,517728,-20.55641231382187,623890,-12.356794728068357,623890,-8.199617585753476,623890
Jagatsinghpur,JGS,1,"1_1_1_1_1_2_2_964,231",2019,2019-05-21,141,0.24230193375690176,476372,-21.366512753431614,543323,-12.936487973091454,543323,-8.430024780340156,543323
Jagatsinghpur,JGS,1,"1_1_1_1_1_2_3_961,226",2019,2019-05-31,151,0.18006349479800218,11708,-21.08633290194832,12383,-12.803788841967288,12383,-8.282544059980896,12383
Jagatsinghpur,JGS,1,"1_1_1_1_1_2_3_959,227",2019,2019-05-31,151,0.24067737146621415,315497,-20.163720861795202,510204,-12.419989903106735,510204,-7.7437309586884515,510204
Jagatsinghpur,JGS,1,"1_1_1_1_1_2_3_960,227",2019,2019-05-31,151,0.18820356823260903,227504,-20.42586107300405,432279,-12.383349872858684,432279,-8.042511200145302,432279
Jagatsinghpur,JGS,1,"1_1_1_1_1_2_3_961,227",2019,2019-05-31,151,0.19828432808533786,332711,-21.419991080671977,447583,-12.75746998786309,447583,-8.66252109280895,447583
Jagatsinghpur,JGS,1,"1_1_1_1_1_2_3_962,227",2019,2019-05-31,151,0.20467757060613526,320,-19.85916481264405,786,-11.474763749817926,786,-8.384401062826127,786
Jagatsinghpur,JGS,1,"1_1_1_1_1_2_3_958,228",2019,2019-05-31,151,0.28100447884402124,554676,-19.616596978115044,657750,-12.283013745751441,657750,-7.333583232363628,657750
Jagatsinghpur,JGS,1,"1_1_1_1_1_2_3_959,228",2019,2019-05-31,151,0.2191897673256249,461566,-19.916945524616168,653265,-12.118813356320507,653265,-7.798132168295637,653265
Jagatsinghpur,JGS,1,"1_1_1_1_1_2_3_960,228",2019,2019-05-31,151,0.20012159977200342,381583,-19.246055153366523,693526,-11.582480766770384,693526,-7.663574386596071,693526
Jagatsinghpur,JGS,1,"1_1_1_1_1_2_3_961,228",2019,2019-05-31,151,0.2022032469573346,456943,-19.86611347893924,728813,-11.635328069159002,728813,-8.230785409780228,728813
Jagatsinghpur,JGS,1,"1_1_1_1_1_2_3_962,228",2019,2019-05-31,151,0.2022573316884505,123851,-19.259627597979648,246956,-10.870627480922991,246956,-8.38900011705667,246956
Jagatsinghpur,JGS,1,"1_1_1_1_1_2_3_958,229",2019,2019-05-31,151,0.31862488706963277,599016,-19.506637906422657,604467,-12.334663887001424,604467,-7.171974019421231,604467
Jagatsinghpur,JGS,1,"1_1_1_1_1_2_3_959,229",2019,2019-05-31,151,0.27094818698064427,550271,-19.301863627339827,604967,-11.717927820684059,604967,-7.5839358066557185,604967
Jagatsinghpur,JGS,1,"1_1_1_1_1_2_3_960,229",2019,2019-05-31,151,0.22137376210499876,529410,-17.77584721824931,733746,-10.330016717802815,733746,-7.445830500446544,733746
Jagatsinghpur,JGS,1,"1_1_1_1_1_2_3_961,229",2019,2019-05-31,151,0.19868504374541116,417876,-17.59458090086482,778594,-10.082000914244404,778594,-7.512579986620387,778594
Jagatsinghpur,JGS,1,"1_1_1_1_1_2_3_962,229",2019,2019-05-31,151,0.18520510578477256,236197,-18.126531102553567,513858,-10.302323215808405,513858,-7.82420788674517,513858
Jagatsinghpur,JGS,1,"1_1_1_1_1_2_3_963,229",2019,2019-05-31,151,0.2005069200795617,20686,-17.619769299178138,55675,-10.320318518868389,55675,-7.299450780309724,55675
Jagatsinghpur,JGS,1,"1_1_1_1_1_2_3_964,229",2019,2019-05-31,151,,0,,0,,0,,0
Jagatsinghpur,JGS,1,"1_1_1_1_1_2_3_957,230",2019,2019-05-31,151,0.39257399210253424,351026,-18.91465092739965,620511,-12.490176956282687,620511,-6.424473971116942,620511
Jagatsinghpur,JGS,1,"1_1_1_1_1_2_3_958,230",2019,2019-05-31,151,0.3428925980242525,550561,-19.05802892222181,574078,-11.949280822532737,574078,-7.108748099689076,574078
Jagatsinghpur,JGS,1,"1_1_1_1_1_2_3_959,230",2019,2019-05-31,151,0.2755340036232648,595350,-18.07706359506037,640106,-10.731082615220688,640106,-7.345980979839646,640106
Jagatsinghpur,JGS,1,"1_1_1_1_1_2_3_960,230",2019,2019-05-31,151,0.24880733678526948,616480,-17.555794774203477,679387,-10.208049069029196,679387,-7.347745705174183,679387
Jagatsinghpur,JGS,1,"1_1_1_1_1_2_3_961,230",2019,2019-05-31,151,0.24626263972322296,546598,-16.780988134426025,712352,-9.565329231363306,712352,-7.215658903062678,712352
Jagatsinghpur,JGS,1,"1_1_1_1_1_2_3_962,230",2019,2019-05-31,151,0.21399922791275516,375443,-16.732779218995802,741892,-9.459157584280298,741892,-7.273621634715507,741892
Jagatsinghpur,JGS,1,"1_1_1_1_1_2_3_963,230",2019,2019-05-31,151,0.2308524833659906,285013,-17.089923672879,601275,-9.777465934383562,601275,-7.312457738495411,601275
Jagatsinghpur,JGS,1,"1_1_1_1_1_2_3_964,230",2019,2019-05-31,151,0.360991076868024,70641,-16.880561369507667,125259,-10.785861702734444,125259,-6.094699666773209,125259
Jagatsinghpur,JGS,1,"1_1_1_1_1_2_3_965,230",2019,2019-05-31,151,0.3980742849489581,1536,-19.46309459448012,10328,-12.67883667598753,10328,-6.7842579184925995,10328
Jagatsinghpur,JGS,1,"1_1_1_1_1_2_3_957,231",2019,2019-05-31,151,0.35756676330535736,181286,-18.909679234297293,522182,-12.118099057705345,522182,-6.791580176591907,522182
Jagatsinghpur,JGS,1,"1_1_1_1_1_2_3_958,231",2019,2019-05-31,151,0.3280197640103486,620760,-18.122521959272607,649727,-11.065849206487252,649727,-7.056672752785371,649727
Jagatsinghpur,JGS,1,"1_1_1_1_1_2_3_959,231",2019,2019-05-31,151,0.312657405503411,533154,-17.71273318024751,544379,-10.509482513122032,544379,-7.203250667125509,544379
Jagatsinghpur,JGS,1,"1_1_1_1_1_2_3_960,231",2019,2019-05-31,151,0.25954716249790133,498417,-17.926396556695646,525591,-10.110690367145429,525591,-7.815706189550226,525591
Jagatsinghpur,JGS,1,"1_1_1_1_1_2_3_961,231",2019,2019-05-31,151,0.2423688248578468,505047,-17.275731685463388,638601,-9.214552130657486,638601,-8.061179554805905,638601
Jagatsinghpur,JGS,1,"1_1_1_1_1_2_3_962,231",2019,2019-05-31,151,0.24220152269360637,526070,-17.304240168620055,661478,-9.39179724071487,661478,-7.912442927905166,661478
Jagatsinghpur,JGS,1,"1_1_1_1_1_2_3_963,231",2019,2019-05-31,151,0.2536320911937172,386286,-17.42906493926182,623890,-10.012252459456336,623890,-7.416812479805462,623890
Jagatsinghpur,JGS,1,"1_1_1_1_1_2_3_964,231",2019,2019-05-31,151,0.27167124890474725,305207,-16.993873639125923,543323,-9.997708896657311,543323,-6.996164742468626,543323
Jagatsinghpur,JGS,1,"1_1_1_1_1_2_4_961,226",2019,2019-06-10,161,,0,-20.125421271192298,12383,-10.970754658002708,12383,-9.154666613189598,12383
Jagatsinghpur,JGS,1,"1_1_1_1_1_2_4_959,227",2019,2019-06-10,161,0.23981596238823447,508007,-18.90004006783989,510204,-10.349237938477218,510204,-8.550802129362667,510204
Jagatsinghpur,JGS,1,"1_1_1_1_1_2_4_960,227",2019,2019-06-10,161,0.22625803495207106,367146,-18.575864043956017,432279,-9.864861528588534,432279,-8.711002515367477,432279
Jagatsinghpur,JGS,1,"1_1_1_1_1_2_4_961,227",2019,2019-06-10,161,0.28569212751877987,34007,-18.88853627998957,447583,-10.344652281111031,447583,-8.543883998878508,447583
Jagatsinghpur,JGS,1,"1_1_1_1_1_2_4_962,227",2019,2019-06-10,161,,0,-20.46588350823726,786,-12.678709458314263,786,-7.7871740499229745,786
Jagatsinghpur,JGS,1,"1_1_1_1_1_2_4_958,228",2019,2019-06-10,161,0.28394048378437764,622566,-18.492757678705736,657750,-10.319087986614075,657750,-8.173669692091693,657750
Jagatsinghpur,JGS,1,"1_1_1_1_1_2_4_959,228",2019,2019-06-10,161,0.21056180190360976,652269,-18.989678461589858,653265,-10.259174081639753,653265,-8.73050437995011,653265
Jagatsinghpur,JGS,1,"1_1_1_1_1_2_4_960,228",2019,2019-06-10,161,0.23238021322232025,681862,-18.136871187130716,693526,-9.638133279231642,693526,-8.498737907899201,693526
Jagatsinghpur,JGS,1,"1_1_1_1_1_2_4_961,228",2019,2019-06-10,161,0.2383584214798774,190767,-19.028275145978668,728813,-10.862458490242965,728813,-8.165816655735759,728813
Jagatsinghpur,JGS,1,"1_1_1_1_1_2_4_962,228",2019,2019-06-10,161,0.023436256491588356,1189,-20.057645846841048,246956,-11.9821848128023,246956,-8.075461034038756,246956
Jagatsinghpur,JGS,1,"1_1_1_1_1_2_4_958,229",2019,2019-06-10,161,0.3189320811114854,592290,-17.643570732632647,604467,-9.718934193677335,604467,-7.924636538955334,604467
Jagatsinghpur,JGS,1,"1_1_1_1_1_2_4_959,229",2019,2019-06-10,161,0.2873026623861625,500282,-19.132601009274087,604967,-10.708570802843333,604967,-8.42403020643078,604967
Jagatsinghpur,JGS,1,"1_1_1_1_1_2_4_960,229",2019,2019-06-10,161,0.2560518591926101,601355,-18.09859821687595,733746,-9.594229849359138,733746,-8.504368367516857,733746
Jagatsinghpur,JGS,1,"1_1_1_1_1_2_4_961,229",2019,2019-06-10,161,0.2983428919288071,669141,-18.95272596617576,778594,-11.26737268930749,778594,-7.685353276868287,778594
Jagatsinghpur,JGS,1,"1_1_1_1_1_2_4_962,229",2019,2019-06-10,161,0.25705921251542085,260425,-20.080865393573543,513858,-11.749883756627424,513858,-8.330981636946149,513858
Jagatsinghpur,JGS,1,"1_1_1_1_1_2_4_963,229",2019,2019-06-10,161,0.19281633993976885,6551,-19.986291885598398,55675,-12.117958638334098,55675,-7.868333247264199,55675
Jagatsinghpur,JGS,1,"1_1_1_1_1_2_4_964,229",2019,2019-06-10,161,,0,,0,,0,,0
Jagatsinghpur,JGS,1,"1_1_1_1_1_2_4_957,230",2019,2019-06-10,161,0.42237778793124137,388247,-16.10662678074347,620511,-9.401924213396049,620511,-6.704702567347422,620511
Jagatsinghpur,JGS,1,"1_1_1_1_1_2_4_958,230",2019,2019-06-10,161,0.33702739421842903,557197,-17.12017456099519,574078,-9.519646899705153,574078,-7.600527661290034,574078
Jagatsinghpur,JGS,1,"1_1_1_1_1_2_4_959,230",2019,2019-06-10,161,0.26597380431494483,508351,-18.45507490731571,640106,-10.01061449131376,640106,-8.444460416001984,640106
Jagatsinghpur,JGS,1,"1_1_1_1_1_2_4_960,230",2019,2019-06-10,161,0.2700076956823561,456210,-16.807936749067395,679387,-8.606177372348325,679387,-8.201759376719076,679387
Jagatsinghpur,JGS,1,"1_1_1_1_1_2_4_961,230",2019,2019-06-10,161,0.3224314984001838,601815,-17.277462303237492,712352,-9.917707619586675,712352,-7.3597546836508,712352
Jagatsinghpur,JGS,1,"1_1_1_1_1_2_4_962,230",2019,2019-06-10,161,0.3022097062768624,704167,-19.37851630779321,741892,-11.537576259225398,741892,-7.840940048567818,741892
Jagatsinghpur,JGS,1,"1_1_1_1_1_2_4_963,230",2019,2019-06-10,161,0.30477326318181414,569502,-19.77153230097014,601275,-12.181871515699052,601275,-7.589660785271052,601275
Jagatsinghpur,JGS,1,"1_1_1_1_1_2_4_964,230",2019,2019-06-10,161,0.3906419595283684,88257,-18.137866606845197,125259,-11.740327083928339,125259,-6.397539522916863,125259
Jagatsinghpur,JGS,1,"1_1_1_1_1_2_4_965,230",2019,2019-06-10,161,0.17738365795595887,1323,-19.434905249276593,10328,-12.543585935289755,10328,-6.8913193139868225,10328
Jagatsinghpur,JGS,1,"1_1_1_1_1_2_4_957,231",2019,2019-06-10,161,0.3866999260425493,366470,-16.672763797192978,535010,-9.594662408037163,535010,-7.078101389155847,535010
Jagatsinghpur,JGS,1,"1_1_1_1_1_2_4_958,231",2019,2019-06-10,161,0.31671604886260607,646427,-17.17603992286385,649727,-9.445083586953878,649727,-7.730956335909944,649727
Jagatsinghpur,JGS,1,"1_1_1_1_1_2_4_959,231",2019,2019-06-10,161,0.29185253164614094,380104,-17.115543177940967,544379,-8.954970868394598,544379,-8.1605723095464,544379
Jagatsinghpur,JGS,1,"1_1_1_1_1_2_4_960,231",2019,2019-06-10,161,0.3158016106461076,465524,-17.041796322859014,525591,-8.612908191789423,525591,-8.428888131069568,525591
Jagatsinghpur,JGS,1,"1_1_1_1_1_2_4_961,231",2019,2019-06-10,161,0.3347787772950065,502112,-17.60927325068308,638601,-9.544092977525432,638601,-8.065180273157624,638601
Jagatsinghpur,JGS,1,"1_1_1_1_1_2_4_962,231",2019,2019-06-10,161,0.3205470559974262,303398,-18.70612830354039,661478,-10.98871450136536,661478,-7.717413802175066,661478
Jagatsinghpur,JGS,1,"1_1_1_1_1_2_4_963,231",2019,2019-06-10,161,0.3495591987893395,465941,-18.82499673623792,623890,-11.788788694156002,623890,-7.036208042081895,623890
Jagatsinghpur,JGS,1,"1_1_1_1_1_2_4_964,231",2019,2019-06-10,161,0.29932680566217207,352828,-20.000173645923965,543323,-12.399128334831314,543323,-7.6010453110926814,543323
Jagatsinghpur,JGS,1,"1_1_1_1_1_2_5_961,226",2019,2019-06-20,171,0.19902826762069514,9958,-19.744624392701382,12383,-11.152777854965919,12383,-8.591846537735483,12383
Jagatsinghpur,JGS,1,"1_1_1_1_1_2_5_959,227",2019,2019-06-20,171,0.3735819147720573,338665,-17.280083904495214,510204,-9.455998352480249,510204,-7.824085552014947,510204
Jagatsinghpur,JGS,1,"1_1_1_1_1_2_5_960,227",2019,2019-06-20,171,0.3253513578527855,334816,-18.342573062794575,432279,-10.2595502017123,432279,-8.083022861082252,432279
Jagatsinghpur,JGS,1,"1_1_1_1_1_2_5_961,227",2019,2019-06-20,171,0.27425504865875944,299478,-19.780210164910844,447583,-11.514359101213483,447583,-8.265851063697374,447583
Jagatsinghpur,JGS,1,"1_1_1_1_1_2_5_962,227",2019,2019-06-20,171,0.18283983688374075,103,-21.05419530798162,786,-13.218075339803558,786,-7.836119968178064,786
Jagatsinghpur,JGS,1,"1_1_1_1_1_2_5_958,228",2019,2019-06-20,171,0.36953740788937806,412791,-17.19802473416502,657750,-9.467146403775212,657750,-7.730878330389782,657750
Jagatsinghpur,JGS,1,"1_1_1_1_1_2_5_959,228",2019,2019-06-20,171,0.30419181119096106,420975,-17.305756286777896,653265,-9.197652120604335,653265,-8.10810416617352,653265
Jagatsinghpur,JGS,1,"1_1_1_1_1_2_5_960,228",2019,2019-06-20,171,0.296813388075181,493060,-18.094652170857007,693526,-10.12297823066739,693526,-7.97167394018966,693526
Jagatsinghpur,JGS,1,"1_1_1_1_1_2_5_961,228",2019,2019-06-20,171,0.31760665474745303,440713,-19.282205480174884,728813,-11.646901868921145,728813,-7.635303611253738,728813
Jagatsinghpur,JGS,1,"1_1_1_1_1_2_5_962,228",2019,2019-06-20,171,0.2738773876812695,52604,-20.403787734570056,246956,-12.417725684562729,246956,-7.986062050007286,246956
Jagatsinghpur,JGS,1,"1_1_1_1_1_2_5_958,229",2019,2019-06-20,171,0.39078867977134135,424561,-17.47814247604228,604467,-9.93095089113798,604467,-7.547191584904316,604467
Jagatsinghpur,JGS,1,"1_1_1_1_1_2_5_959,229",2019,2019-06-20,171,0.3541291718338067,376095,-17.21795545784246,604967,-9.413121014887931,604967,-7.804834442954577,604967
Jagatsinghpur,JGS,1,"1_1_1_1_1_2_5_960,229",2019,2019-06-20,171,0.3396672802768489,501759,-17.797740183693417,733746,-10.054701616365572,733746,-7.74303856732782,733746
Jagatsinghpur,JGS,1,"1_1_1_1_1_2_5_961,229",2019,2019-06-20,171,0.3545705734360467,494913,-18.73304731508674,778594,-11.76013011832947,778594,-6.972917196757251,778594
Jagatsinghpur,JGS,1,"1_1_1_1_1_2_5_962,229",2019,2019-06-20,171,0.28923556617858465,252016,-20.498340526098094,513858,-12.495256865398714,513858,-8.003083660699431,513858
Jagatsinghpur,JGS,1,"1_1_1_1_1_2_5_963,229",2019,2019-06-20,171,0.3023619524016968,47427,-20.003013614325262,55675,-12.2626152777696,55675,-7.740398336555597,55675
Jagatsinghpur,JGS,1,"1_1_1_1_1_2_5_964,229",2019,2019-06-20,171,,0,,0,,0,,0
Jagatsinghpur,JGS,1,"1_1_1_1_1_2_5_957,230",2019,2019-06-20,171,0.4626766557587207,209723,-16.49244694924484,620511,-9.817451925055783,620511,-6.674995024189067,620511
Jagatsinghpur,JGS,1,"1_1_1_1_1_2_5_958,230",2019,2019-06-20,171,0.4347617422235868,406800,-17.09218115175031,574078,-9.880357296967308,574078,-7.211823854783002,574078
Jagatsinghpur,JGS,1,"1_1_1_1_1_2_5_959,230",2019,2019-06-20,171,0.3507661581775942,410786,-17.208934674853353,640106,-9.38165336897518,640106,-7.827281305878226,640106
Jagatsinghpur,JGS,1,"1_1_1_1_1_2_5_960,230",2019,2019-06-20,171,0.3815028477384886,455319,-17.170916370188515,679387,-9.556231488432337,679387,-7.614684881756179,679387
Jagatsinghpur,JGS,1,"1_1_1_1_1_2_5_961,230",2019,2019-06-20,171,0.39931760851839265,431688,-17.78158510659429,712352,-10.963162778682008,712352,-6.8184223279122715,712352
Jagatsinghpur,JGS,1,"1_1_1_1_1_2_5_962,230",2019,2019-06-20,171,0.31388472100275444,449341,-19.28364755466874,741892,-11.915944092201581,741892,-7.367703462467103,741892
Jagatsinghpur,JGS,1,"1_1_1_1_1_2_5_963,230",2019,2019-06-20,171,0.32602416971795156,385995,-19.585916241170633,601275,-12.119801354640618,601275,-7.466114886529964,601275
Jagatsinghpur,JGS,1,"1_1_1_1_1_2_5_964,230",2019,2019-06-20,171,0.4977539264835007,100874,-18.115701735716357,125259,-11.736480759158324,125259,-6.379220976558047,125259
Jagatsinghpur,JGS,1,"1_1_1_1_1_2_5_965,230",2019,2019-06-20,171,0.3429116444364936,4366,-20.453202175215292,10328,-13.020276727873597,10328,-7.432925447341667,10328
Jagatsinghpur,JGS,1,"1_1_1_1_1_2_5_957,231",2019,2019-06-20,171,0.43644625553664135,153832,-17.08990835247978,535010,-10.150540816086792,535010,-6.939367536392935,535010
Jagatsinghpur,JGS,1,"1_1_1_1_1_2_5_958,231",2019,2019-06-20,171,0.402078052263255,478687,-16.921229591170935,649727,-9.467335361617085,649727,-7.453894229553849,649727
Jagatsinghpur,JGS,1,"1_1_1_1_1_2_5_959,231",2019,2019-06-20,171,0.4163282631528086,423565,-17.04006600246176,544379,-9.556782467734271,544379,-7.483283534727483,544379
Jagatsinghpur,JGS,1,"1_1_1_1_1_2_5_960,231",2019,2019-06-20,171,0.39417556657106834,306574,-17.83223728177414,525591,-9.992791118986561,525591,-7.839446162787597,525591
Jagatsinghpur,JGS,1,"1_1_1_1_1_2_5_961,231",2019,2019-06-20,171,0.4010976231808493,449211,-18.21215842409507,638601,-10.781406691623001,638601,-7.430751732472063,638601
Jagatsinghpur,JGS,1,"1_1_1_1_1_2_5_962,231",2019,2019-06-20,171,0.3748887957177795,507739,-18.972794085712977,661478,-11.562977798451254,661478,-7.409816287261782,661478
Jagatsinghpur,JGS,1,"1_1_1_1_1_2_5_963,231",2019,2019-06-20,171,0.37925804209294584,427963,-18.42277867511378,623890,-11.54628386049159,623890,-6.876494814622232,623890
Jagatsinghpur,JGS,1,"1_1_1_1_1_2_5_964,231",2019,2019-06-20,171,0.35598249350071476,350066,-19.422992041272067,543323,-12.047388244573968,543323,-7.37560379669811,543323
Jagatsinghpur,JGS,1,"1_1_1_1_1_2_6_961,226",2019,2019-06-30,181,0.2007589462925406,51,-17.099950877864636,12383,-9.49515008242744,12383,-7.604800795437245,12383
Jagatsinghpur,JGS,1,"1_1_1_1_1_2_6_959,227",2019,2019-06-30,181,0.3572916774557629,30664,-16.25501422667867,510204,-8.819900113662692,510204,-7.435114113015986,510204
Jagatsinghpur,JGS,1,"1_1_1_1_1_2_6_960,227",2019,2019-06-30,181,0.3058350248198717,5167,-16.681720035156523,432279,-9.342895552261673,432279,-7.338824482894866,432279
Jagatsinghpur,JGS,1,"1_1_1_1_1_2_6_961,227",2019,2019-06-30,181,0.2995263829683356,52276,-17.357802044443904,447583,-9.850723746305265,447583,-7.507078298138673,447583
Jagatsinghpur,JGS,1,"1_1_1_1_1_2_6_962,227",2019,2019-06-30,181,,0,-20.833327163139586,786,-12.861217290240669,786,-7.972109872898915,786
Jagatsinghpur,JGS,1,"1_1_1_1_1_2_6_958,228",2019,2019-06-30,181,0.40141077337347497,184787,-16.241764664195337,657750,-8.940712820824698,657750,-7.301051843370617,657750
Jagatsinghpur,JGS,1,"1_1_1_1_1_2_6_959,228",2019,2019-06-30,181,0.3804655414109641,61438,-16.538183142893228,653265,-8.941291612057903,653265,-7.5968915308353235,653265
Jagatsinghpur,JGS,1,"1_1_1_1_1_2_6_960,228",2019,2019-06-30,181,0.3281515004448307,24102,-15.793258167501328,693526,-8.585850134794537,693526,-7.207408032706801,693526
Jagatsinghpur,JGS,1,"1_1_1_1_1_2_6_961,228",2019,2019-06-30,181,0.3210661151002344,6950,-17.195883622565084,728813,-10.111495618557315,728813,-7.084388004007682,728813
Jagatsinghpur,JGS,1,"1_1_1_1_1_2_6_962,228",2019,2019-06-30,181,0.18198392418347348,1378,-20.645061593049157,246956,-12.238407985249122,246956,-8.406653607799969,246956
Jagatsinghpur,JGS,1,"1_1_1_1_1_2_6_958,229",2019,2019-06-30,181,0.4402619072881751,392322,-16.536707911082384,604467,-9.22546283124184,604467,-7.3112450798405275,604467
Jagatsinghpur,JGS,1,"1_1_1_1_1_2_6_959,229",2019,2019-06-30,181,0.4068608718093488,145678,-16.982270791343314,604967,-9.354743610798838,604967,-7.627527180544486,604967
Jagatsinghpur,JGS,1,"1_1_1_1_1_2_6_960,229",2019,2019-06-30,181,0.35052932060400593,152398,-15.741937442359216,733746,-8.688605304878111,733746,-7.053330909590019,733746
Jagatsinghpur,JGS,1,"1_1_1_1_1_2_6_961,229",2019,2019-06-30,181,0.3375059193824585,33372,-16.285130971278814,778594,-9.772688494964772,778594,-6.512442476314044,778594
Jagatsinghpur,JGS,1,"1_1_1_1_1_2_6_962,229",2019,2019-06-30,181,0.23907079809071652,26281,-19.139592372136438,513858,-11.374325558877809,513858,-7.765266813258614,513858
Jagatsinghpur,JGS,1,"1_1_1_1_1_2_6_963,229",2019,2019-06-30,181,0.3604609976532415,17198,-17.46718462738729,55675,-10.284255964327581,55675,-7.182928663059781,55675
Jagatsinghpur,JGS,1,"1_1_1_1_1_2_6_964,229",2019,2019-06-30,181,,0,,0,,0,,0
Jagatsinghpur,JGS,1,"1_1_1_1_1_2_6_957,230",2019,2019-06-30,181,0.5272230409379236,372620,-16.57313630096832,620511,-9.654075193309504,620511,-6.919058911176557,620511
Jagatsinghpur,JGS,1,"1_1_1_1_1_2_6_958,230",2019,2019-06-30,181,0.4892033841189352,298815,-16.624102686887795,574078,-9.479576646629809,574078,-7.14452135897772,574078
Jagatsinghpur,JGS,1,"1_1_1_1_1_2_6_959,230",2019,2019-06-30,181,0.3995935086400924,92604,-17.28467374914355,640106,-9.744677825636407,640106,-7.539989956894612,640106
Jagatsinghpur,JGS,1,"1_1_1_1_1_2_6_960,230",2019,2019-06-30,181,0.4256303526543492,125733,-16.55694576046803,679387,-9.227601567058041,679387,-7.329344193409975,679387
Jagatsinghpur,JGS,1,"1_1_1_1_1_2_6_961,230",2019,2019-06-30,181,0.44471292282697195,320613,-15.948679800966179,712352,-9.44351962636175,712352,-6.505160174604439,712352
Jagatsinghpur,JGS,1,"1_1_1_1_1_2_6_962,230",2019,2019-06-30,181,0.3398172109014455,197303,-16.530527024294695,741892,-9.889408568694893,741892,-6.641118455599816,741892
Jagatsinghpur,JGS,1,"1_1_1_1_1_2_6_963,230",2019,2019-06-30,181,0.3550607422965133,149396,-17.10077490185802,601275,-10.277687068490012,601275,-6.823087833367987,601275
Jagatsinghpur,JGS,1,"1_1_1_1_1_2_6_964,230",2019,2019-06-30,181,0.44440390040122246,25000,-18.170602013743974,125259,-11.058976032598384,125259,-7.111625981145587,125259
Jagatsinghpur,JGS,1,"1_1_1_1_1_2_6_965,230",2019,2019-06-30,181,0.16579538078007616,1713,-21.575650084784247,10328,-13.401499231785793,10328,-8.174150852998421,10328
Jagatsinghpur,JGS,1,"1_1_1_1_1_2_6_957,231",2019,2019-06-30,181,0.49173148903433744,167382,-17.325617636549854,535010,-10.014785369575446,535010,-7.310832266974416,535010
Jagatsinghpur,JGS,1,"1_1_1_1_1_2_6_958,231",2019,2019-06-30,181,0.43307538468521517,162738,-16.68028614772507,649727,-9.336924443920509,649727,-7.343361703804564,649727
Jagatsinghpur,JGS,1,"1_1_1_1_1_2_6_959,231",2019,2019-06-30,181,0.4158568831345577,143660,-16.254779295636794,544379,-9.089310971061122,544379,-7.165468324575653,544379
Jagatsinghpur,JGS,1,"1_1_1_1_1_2_6_960,231",2019,2019-06-30,181,0.4678409054918698,336977,-15.905667624758024,525591,-8.590493898535662,525591,-7.315173726222388,525591
Jagatsinghpur,JGS,1,"1_1_1_1_1_2_6_961,231",2019,2019-06-30,181,0.469301074080323,454960,-15.828104617144641,638601,-8.885767227817395,638601,-6.942337389327263,638601
Jagatsinghpur,JGS,1,"1_1_1_1_1_2_6_962,231",2019,2019-06-30,181,0.46082725241354155,367687,-16.502968933256053,661478,-9.424730942119659,661478,-7.078237991136421,661478
Jagatsinghpur,JGS,1,"1_1_1_1_1_2_6_963,231",2019,2019-06-30,181,0.461544401867781,258551,-15.94900906878715,623890,-9.326817364748203,623890,-6.622191704038926,623890
Jagatsinghpur,JGS,1,"1_1_1_1_1_2_6_964,231",2019,2019-06-30,181,0.3953759875562571,19506,-18.91461250210528,543323,-11.471208727091026,543323,-7.443403775014242,543323
Jagatsinghpur,JGS,1,"1_1_1_1_1_2_7_961,226",2019,2019-07-10,191,0.24594474312466771,4826,,0,,0,,0
Jagatsinghpur,JGS,1,"1_1_1_1_1_2_7_959,227",2019,2019-07-10,191,0.38047527858583036,450720,,0,,0,,0
Jagatsinghpur,JGS,1,"1_1_1_1_1_2_7_960,227",2019,2019-07-10,191,0.4029294999612324,397562,,0,,0,,0
Jagatsinghpur,JGS,1,"1_1_1_1_1_2_7_961,227",2019,2019-07-10,191,0.34353044140743383,386177,,0,,0,,0
Jagatsinghpur,JGS,1,"1_1_1_1_1_2_7_962,227",2019,2019-07-10,191,0.3632587516810655,87,,0,,0,,0
Jagatsinghpur,JGS,1,"1_1_1_1_1_2_7_958,228",2019,2019-07-10,191,0.3610203551946547,401975,,0,,0,,0
Jagatsinghpur,JGS,1,"1_1_1_1_1_2_7_959,228",2019,2019-07-10,191,0.3296282710028188,455242,,0,,0,,0
Jagatsinghpur,JGS,1,"1_1_1_1_1_2_7_960,228",2019,2019-07-10,191,0.3748753874383117,677048,,0,,0,,0
Jagatsinghpur,JGS,1,"1_1_1_1_1_2_7_961,228",2019,2019-07-10,191,0.3664884819040009,669874,,0,,0,,0
Jagatsinghpur,JGS,1,"1_1_1_1_1_2_7_962,228",2019,2019-07-10,191,0.3782236900673811,109981,,0,,0,,0
Jagatsinghpur,JGS,1,"1_1_1_1_1_2_7_958,229",2019,2019-07-10,191,0.4211575959037265,439336,,0,,0,,0
Jagatsinghpur,JGS,1,"1_1_1_1_1_2_7_959,229",2019,2019-07-10,191,0.37877709396992004,431264,,0,,0,,0
Jagatsinghpur,JGS,1,"1_1_1_1_1_2_7_960,229",2019,2019-07-10,191,0.3841144013342544,710118,,0,,0,,0
Jagatsinghpur,JGS,1,"1_1_1_1_1_2_7_961,229",2019,2019-07-10,191,0.42407375822187754,722226,,0,,0,,0
Jagatsinghpur,JGS,1,"1_1_1_1_1_2_7_962,229",2019,2019-07-10,191,0.3701621347604637,338242,,0,,0,,0
Jagatsinghpur,JGS,1,"1_1_1_1_1_2_7_963,229",2019,2019-07-10,191,0.3815370479442493,50782,,0,,0,,0
Jagatsinghpur,JGS,1,"1_1_1_1_1_2_7_964,229",2019,2019-07-10,191,,0,,0,,0,,0
Jagatsinghpur,JGS,1,"1_1_1_1_1_2_7_957,230",2019,2019-07-10,191,0.4623833542444977,374055,,0,,0,,0
Jagatsinghpur,JGS,1,"1_1_1_1_1_2_7_958,230",2019,2019-07-10,191,0.4358214489492531,433248,,0,,0,,0
Jagatsinghpur,JGS,1,"1_1_1_1_1_2_7_959,230",2019,2019-07-10,191,0.36240822827640234,374287,,0,,0,,0
Jagatsinghpur,JGS,1,"1_1_1_1_1_2_7_960,230",2019,2019-07-10,191,0.3827400019547639,498917,,0,,0,,0
Jagatsinghpur,JGS,1,"1_1_1_1_1_2_7_961,230",2019,2019-07-10,191,0.4177364451079975,675977,,0,,0,,0
Jagatsinghpur,JGS,1,"1_1_1_1_1_2_7_962,230",2019,2019-07-10,191,0.40142872070757313,706897,,0,,0,,0
Jagatsinghpur,JGS,1,"1_1_1_1_1_2_7_963,230",2019,2019-07-10,191,0.4209563196722662,574181,,0,,0,,0
Jagatsinghpur,JGS,1,"1_1_1_1_1_2_7_964,230",2019,2019-07-10,191,0.5127106634685912,102406,,0,,0,,0
Jagatsinghpur,JGS,1,"1_1_1_1_1_2_7_965,230",2019,2019-07-10,191,0.36995058120497937,4021,,0,,0,,0
Jagatsinghpur,JGS,1,"1_1_1_1_1_2_7_957,231",2019,2019-07-10,191,0.45646148773346085,307809,,0,,0,,0
Jagatsinghpur,JGS,1,"1_1_1_1_1_2_7_958,231",2019,2019-07-10,191,0.4144617066757088,417094,,0,,0,,0
Jagatsinghpur,JGS,1,"1_1_1_1_1_2_7_959,231",2019,2019-07-10,191,0.4109510251232298,421647,,0,,0,,0
Jagatsinghpur,JGS,1,"1_1_1_1_1_2_7_960,231",2019,2019-07-10,191,0.4285543218215725,406518,,0,,0,,0
Jagatsinghpur,JGS,1,"1_1_1_1_1_2_7_961,231",2019,2019-07-10,191,0.45158510236045174,618432,,0,,0,,0
Jagatsinghpur,JGS,1,"1_1_1_1_1_2_7_962,231",2019,2019-07-10,191,0.4392252874232378,522925,,0,,0,,0
Jagatsinghpur,JGS,1,"1_1_1_1_1_2_7_963,231",2019,2019-07-10,191,0.4597986068636775,558600,,0,,0,,0
Jagatsinghpur,JGS,1,"1_1_1_1_1_2_7_964,231",2019,2019-07-10,191,0.428911680760578,293158,,0,,0,,0
Jagatsinghpur,JGS,1,"1_1_1_1_1_2_8_961,226",2019,2019-07-20,201,,0,-16.862400200568487,12383,-9.689929416848878,12383,-7.172470783719707,12383
Jagatsinghpur,JGS,1,"1_1_1_1_1_2_8_959,227",2019,2019-07-20,201,0.4542063538238495,347775,-15.886056478817702,510204,-9.18588064937568,510204,-6.776811970723595,510204
Jagatsinghpur,JGS,1,"1_1_1_1_1_2_8_960,227",2019,2019-07-20,201,0.4474462107284986,205345,-15.743550784206054,432279,-9.170340922497129,432279,-6.630683884054447,432279
Jagatsinghpur,JGS,1,"1_1_1_1_1_2_8_961,227",2019,2019-07-20,201,,0,-16.969104451464524,447583,-9.972355345988252,447583,-6.996749105476329,447583
Jagatsinghpur,JGS,1,"1_1_1_1_1_2_8_962,227",2019,2019-07-20,201,,0,-19.73141232504593,786,-12.305872526970893,786,-7.425539798075067,786
Jagatsinghpur,JGS,1,"1_1_1_1_1_2_8_958,228",2019,2019-07-20,201,0.4323142830681991,435819,-15.984766848028585,657750,-9.190356402844019,657750,-6.902777091595896,657750
Jagatsinghpur,JGS,1,"1_1_1_1_1_2_8_959,228",2019,2019-07-20,201,0.40334231456331465,410038,-16.446945729779554,653265,-9.451727506342309,653265,-7.167497660291637,653265
Jagatsinghpur,JGS,1,"1_1_1_1_1_2_8_960,228",2019,2019-07-20,201,0.4092734089906226,273761,-16.328705034426925,693526,-9.740938514118515,693526,-6.655661488116012,693526
Jagatsinghpur,JGS,1,"1_1_1_1_1_2_8_961,228",2019,2019-07-20,201,,0,-17.948158416466644,728813,-11.029505561394561,728813,-6.9186528550720645,728813
Jagatsinghpur,JGS,1,"1_1_1_1_1_2_8_962,228",2019,2019-07-20,201,,0,-20.92072202875903,246956,-12.852720772214786,246956,-8.068001256544267,246956
Jagatsinghpur,JGS,1,"1_1_1_1_1_2_8_958,229",2019,2019-07-20,201,0.4999858934526318,369574,-16.178584508462137,604467,-9.385628004100019,604467,-6.876495668917758,604467
Jagatsinghpur,JGS,1,"1_1_1_1_1_2_8_959,229",2019,2019-07-20,201,0.4259423298249594,328554,-17.365189437090265,604967,-10.125460309406295,604967,-7.39846572094868,604967
Jagatsinghpur,JGS,1,"1_1_1_1_1_2_8_960,229",2019,2019-07-20,201,0.4237144204720283,474417,-17.1951933570511,733746,-10.435126035917978,733746,-6.9630274889934,733746
Jagatsinghpur,JGS,1,"1_1_1_1_1_2_8_961,229",2019,2019-07-20,201,0.4135450808556907,18524,-18.14732480161643,778594,-11.142175102680177,778594,-7.011335457738859,778594
Jagatsinghpur,JGS,1,"1_1_1_1_1_2_8_962,229",2019,2019-07-20,201,,0,-20.158877958740494,513858,-12.344299969622153,513858,-7.814577989118321,513858
Jagatsinghpur,JGS,1,"1_1_1_1_1_2_8_963,229",2019,2019-07-20,201,,0,-20.112147716286437,55675,-12.453477470428592,55675,-7.658670245857938,55675
Jagatsinghpur,JGS,1,"1_1_1_1_1_2_8_964,229",2019,2019-07-20,201,,0,,0,,0,,0
Jagatsinghpur,JGS,1,"1_1_1_1_1_2_8_957,230",2019,2019-07-20,201,0.4991806209078434,361193,-16.13724111873136,620511,-9.670063010336895,620511,-6.524330500461917,620511
Jagatsinghpur,JGS,1,"1_1_1_1_1_2_8_958,230",2019,2019-07-20,201,0.48769261692734245,312008,-16.5408777834675,574078,-9.778330445437899,574078,-6.859595201904291,574078
Jagatsinghpur,JGS,1,"1_1_1_1_1_2_8_959,230",2019,2019-07-20,201,0.3706917519638654,375605,-17.67183823548426,640106,-10.393162800525383,640106,-7.488333204583116,640106
Jagatsinghpur,JGS,1,"1_1_1_1_1_2_8_960,230",2019,2019-07-20,201,0.39608190174341107,483830,-17.78772610348459,679387,-10.708903365827684,679387,-7.293330454832092,679387
Jagatsinghpur,JGS,1,"1_1_1_1_1_2_8_961,230",2019,2019-07-20,201,0.4204254736438477,128104,-17.644417950605437,712352,-10.922056483331252,712352,-6.745501993298463,712352
Jagatsinghpur,JGS,1,"1_1_1_1_1_2_8_962,230",2019,2019-07-20,201,,0,-17.512571743623777,741892,-10.913434575924793,741892,-6.599137167698963,741892
Jagatsinghpur,JGS,1,"1_1_1_1_1_2_8_963,230",2019,2019-07-20,201,,0,-17.49289306476353,601275,-10.940771417591913,601275,-6.552121647171629,601275
Jagatsinghpur,JGS,1,"1_1_1_1_1_2_8_964,230",2019,2019-07-20,201,,0,-17.285398807244967,125259,-10.645303641212571,125259,-6.640095166032405,125259
Jagatsinghpur,JGS,1,"1_1_1_1_1_2_8_965,230",2019,2019-07-20,201,,0,-19.905999423928318,10328,-12.702095822096902,10328,-7.203903601831441,10328
Jagatsinghpur,JGS,1,"1_1_1_1_1_2_8_957,231",2019,2019-07-20,201,0.500064228842317,275337,-17.05243171725763,535010,-10.19322085929953,535010,-6.876086228280906,535010
Jagatsinghpur,JGS,1,"1_1_1_1_1_2_8_958,231",2019,2019-07-20,201,0.4477145391208089,399621,-16.76301516820294,649727,-9.76924035171987,649727,-7.052114190859573,649727
Jagatsinghpur,JGS,1,"1_1_1_1_1_2_8_959,231",2019,2019-07-20,201,0.4504292444233688,340774,-16.820955496397637,544379,-10.014032702495149,544379,-6.900344111253692,544379
Jagatsinghpur,JGS,1,"1_1_1_1_1_2_8_960,231",2019,2019-07-20,201,0.46201422783916934,327846,-16.8892650416709,525591,-10.044504320066844,525591,-6.921981797302506,525591
Jagatsinghpur,JGS,1,"1_1_1_1_1_2_8_961,231",2019,2019-07-20,201,0.4700483440685382,202325,-16.6500702114299,638601,-10.125396364823322,638601,-6.53315282466114,638601
Jagatsinghpur,JGS,1,"1_1_1_1_1_2_8_962,231",2019,2019-07-20,201,,0,-16.27563072141918,661478,-9.855303876050916,661478,-6.420326845368274,661478
Jagatsinghpur,JGS,1,"1_1_1_1_1_2_8_963,231",2019,2019-07-20,201,,0,-15.869979663527662,623890,-9.896814506615776,623890,-5.973165156911877,623890
Jagatsinghpur,JGS,1,"1_1_1_1_1_2_8_964,231",2019,2019-07-20,201,,0,-16.989780364045576,543323,-10.316402288964557,543323,-6.673378075081098,543323
Jagatsinghpur,JGS,1,"1_1_1_1_1_2_9_961,226",2019,2019-07-30,211,,0,-23.50861900436,12383,-14.230973579789282,12383,-9.277645424570549,12383
Jagatsinghpur,JGS,1,"1_1_1_1_1_2_9_959,227",2019,2019-07-30,211,,0,-18.321230881091832,510204,-11.145950966998718,510204,-7.261856484858151,510204
Jagatsinghpur,JGS,1,"1_1_1_1_1_2_9_960,227",2019,2019-07-30,211,,0,-18.22314554724791,432279,-11.22653365852152,432279,-7.035587687827183,432279
Jagatsinghpur,JGS,1,"1_1_1_1_1_2_9_961,227",2019,2019-07-30,211,,0,-20.55917241809854,447583,-12.293225939266655,447583,-8.265946478831893,447583
Jagatsinghpur,JGS,1,"1_1_1_1_1_2_9_962,227",2019,2019-07-30,211,,0,-20.279601468366007,786,-12.40307474553277,786,-7.876526722833222,786
Jagatsinghpur,JGS,1,"1_1_1_1_1_2_9_958,228",2019,2019-07-30,211,,0,-18.626640409264468,657750,-11.323364842240318,657750,-7.3377925078375945,657750
Jagatsinghpur,JGS,1,"1_1_1_1_1_2_9_959,228",2019,2019-07-30,211,,0,-19.398594946576655,653265,-12.006459158544633,653265,-7.449165062667722,653265
Jagatsinghpur,JGS,1,"1_1_1_1_1_2_9_960,228",2019,2019-07-30,211,,0,-18.279745098151686,693526,-11.286001213760882,693526,-7.063798908008356,693526
Jagatsinghpur,JGS,1,"1_1_1_1_1_2_9_961,228",2019,2019-07-30,211,,0,-20.400351254376236,728813,-12.283763369865973,728813,-8.116587884510233,728813
Jagatsinghpur,JGS,1,"1_1_1_1_1_2_9_962,228",2019,2019-07-30,211,,0,-22.345565078135774,246956,-12.835657012538457,246956,-9.509908065597369,246956
Jagatsinghpur,JGS,1,"1_1_1_1_1_2_9_958,229",2019,2019-07-30,211,,0,-18.5706457091803,604467,-11.216065320720734,604467,-7.39656966664474,604467
Jagatsinghpur,JGS,1,"1_1_1_1_1_2_9_959,229",2019,2019-07-30,211,,0,-20.4292955355596,604967,-12.65850687684887,604967,-7.794667422134239,604967
Jagatsinghpur,JGS,1,"1_1_1_1_1_2_9_960,229",2019,2019-07-30,211,,0,-20.392867879268902,733746,-12.685048717582672,733746,-7.752462855770918,733746
Jagatsinghpur,JGS,1,"1_1_1_1_1_2_9_961,229",2019,2019-07-30,211,,0,-20.365492872577885,778594,-11.755570788328962,778594,-8.61132228962755,778594
Jagatsinghpur,JGS,1,"1_1_1_1_1_2_9_962,229",2019,2019-07-30,211,,0,-21.697314007462897,513858,-12.509352514351486,513858,-9.187961493111368,513858
Jagatsinghpur,JGS,1,"1_1_1_1_1_2_9_963,229",2019,2019-07-30,211,,0,-20.80541257908559,55675,-11.318499998604832,55675,-9.48691258048085,55675
Jagatsinghpur,JGS,1,"1_1_1_1_1_2_9_964,229",2019,2019-07-30,211,,0,,0,,0,,0
Jagatsinghpur,JGS,1,"1_1_1_1_1_2_9_957,230",2019,2019-07-30,211,,0,-19.229391033143067,620511,-11.958213154541452,620511,-7.239579871259278,620511
Jagatsinghpur,JGS,1,"1_1_1_1_1_2_9_958,230",2019,2019-07-30,211,,0,-19.551654474281765,574078,-12.012095605502696,574078,-7.561542866089475,574078
Jagatsinghpur,JGS,1,"1_1_1_1_1_2_9_959,230",2019,2019-07-30,211,,0,-20.78901320367816,640106,-12.918241530675306,640106,-7.917672828403316,640106
Jagatsinghpur,JGS,1,"1_1_1_1_1_2_9_960,230",2019,2019-07-30,211,,0,-21.10821289287561,679387,-13.215068010969015,679387,-7.966900192495171,679387
Jagatsinghpur,JGS,1,"1_1_1_1_1_2_9_961,230",2019,2019-07-30,211,,0,-19.729847206401566,712352,-12.115862215255431,712352,-7.630959141934877,712352
Jagatsinghpur,JGS,1,"1_1_1_1_1_2_9_962,230",2019,2019-07-30,211,,0,-18.765058845368937,741892,-11.290207003055489,741892,-7.474851842313446,741892
Jagatsinghpur,JGS,1,"1_1_1_1_1_2_9_963,230",2019,2019-07-30,211,,0,-17.725739941817793,601275,-10.518668458760443,601275,-7.207071483057373,601275
Jagatsinghpur,JGS,1,"1_1_1_1_1_2_9_964,230",2019,2019-07-30,211,,0,-17.658377521802663,125259,-10.383028722654483,125259,-7.275348799148179,125259
Jagatsinghpur,JGS,1,"1_1_1_1_1_2_9_965,230",2019,2019-07-30,211,,0,-20.216584745328586,10328,-12.724097307182152,10328,-7.49248743814644,10328
Jagatsinghpur,JGS,1,"1_1_1_1_1_2_9_957,231",2019,2019-07-30,211,,0,-19.68345082469455,535010,-12.198590896774016,535010,-7.4771486364765165,535010
Jagatsinghpur,JGS,1,"1_1_1_1_1_2_9_958,231",2019,2019-07-30,211,,0,-19.917484131767683,649727,-12.280967576359966,649727,-7.669686153177559,649727
Jagatsinghpur,JGS,1,"1_1_1_1_1_2_9_959,231",2019,2019-07-30,211,,0,-18.802938634205827,544379,-11.482682703950902,544379,-7.397822006943334,544379
Jagatsinghpur,JGS,1,"1_1_1_1_1_2_9_960,231",2019,2019-07-30,211,,0,-18.39796948324344,525591,-11.034358545441942,525591,-7.481886011557868,525591
Jagatsinghpur,JGS,1,"1_1_1_1_1_2_9_961,231",2019,2019-07-30,211,,0,-17.51795402790812,638601,-10.476587822119276,638601,-7.0822505758757375,638601
Jagatsinghpur,JGS,1,"1_1_1_1_1_2_9_962,231",2019,2019-07-30,211,,0,-16.56378530096816,661478,-9.865630650461473,661478,-6.698154650506683,661478
Jagatsinghpur,JGS,1,"1_1_1_1_1_2_9_963,231",2019,2019-07-30,211,,0,-16.01175989000842,623890,-9.726976995501143,623890,-6.284782894507261,623890
Jagatsinghpur,JGS,1,"1_1_1_1_1_2_9_964,231",2019,2019-07-30,211,,0,-18.4736779297035,543323,-11.219549303657795,543323,-7.254128626045693,543323
Jagatsinghpur,JGS,1,"1_1_1_1_1_2_10_961,226",2019,2019-08-09,221,,0,-23.73435634622999,12383,-13.627710241782786,12383,-10.106646104447229,12383
Jagatsinghpur,JGS,1,"1_1_1_1_1_2_10_959,227",2019,2019-08-09,221,0.48346322325085733,14970,-21.17236788174453,510204,-13.326804374746652,510204,-7.845563506997882,510204
Jagatsinghpur,JGS,1,"1_1_1_1_1_2_10_960,227",2019,2019-08-09,221,0.424375792428456,3637,-20.344691776192217,432279,-12.850303286792528,432279,-7.494388489399767,432279
Jagatsinghpur,JGS,1,"1_1_1_1_1_2_10_961,227",2019,2019-08-09,221,,0,-22.81408874002063,447583,-13.519263344356958,447583,-9.294825395663658,447583
Jagatsinghpur,JGS,1,"1_1_1_1_1_2_10_962,227",2019,2019-08-09,221,,0,-21.972169224847544,786,-13.582322452835644,786,-8.389846772011902,786
Jagatsinghpur,JGS,1,"1_1_1_1_1_2_10_958,228",2019,2019-08-09,221,0.4651485252020383,27090,-20.79011455870697,657750,-12.917284239973718,657750,-7.87283031873326,657750
Jagatsinghpur,JGS,1,"1_1_1_1_1_2_10_959,228",2019,2019-08-09,221,0.45065923875399183,17961,-21.975141515436256,653265,-14.036763818802797,653265,-7.938377696633483,653265
Jagatsinghpur,JGS,1,"1_1_1_1_1_2_10_960,228",2019,2019-08-09,221,0.45093241656882227,9264,-21.699536682956808,693526,-14.022169582969402,693526,-7.677367099987384,693526
Jagatsinghpur,JGS,1,"1_1_1_1_1_2_10_961,228",2019,2019-08-09,221,,0,-23.221423518976376,728813,-14.240471798008736,728813,-8.980951720967633,728813
Jagatsinghpur,JGS,1,"1_1_1_1_1_2_10_962,228",2019,2019-08-09,221,,0,-23.06523471088068,246956,-12.995831504768946,246956,-10.069403206111717,246956
Jagatsinghpur,JGS,1,"1_1_1_1_1_2_10_958,229",2019,2019-08-09,221,0.4751816012264764,9706,-20.76112778481316,604467,-12.751923830632421,604467,-8.009203954180709,604467
Jagatsinghpur,JGS,1,"1_1_1_1_1_2_10_959,229",2019,2019-08-09,221,0.4391343490392515,2929,-22.887461888111417,604967,-14.686760050502901,604967,-8.200701837608534,604967
Jagatsinghpur,JGS,1,"1_1_1_1_1_2_10_960,229",2019,2019-08-09,221,0.4094962631310811,878,-23.115388172702975,733746,-15.055868707952555,733746,-8.059519464750469,733746
Jagatsinghpur,JGS,1,"1_1_1_1_1_2_10_961,229",2019,2019-08-09,221,0.03735364256505226,378,-22.488882458472602,778594,-13.04285484743702,778594,-9.446027611035667,778594
Jagatsinghpur,JGS,1,"1_1_1_1_1_2_10_962,229",2019,2019-08-09,221,,0,-23.039997762734334,513858,-12.908613295801699,513858,-10.13138446693265,513858
Jagatsinghpur,JGS,1,"1_1_1_1_1_2_10_963,229",2019,2019-08-09,221,,0,-21.177208907376038,55675,-11.12620067721752,55675,-10.051008230158498,55675
Jagatsinghpur,JGS,1,"1_1_1_1_1_2_10_964,229",2019,2019-08-09,221,,0,,0,,0,,0
Jagatsinghpur,JGS,1,"1_1_1_1_1_2_10_957,230",2019,2019-08-09,221,0.46604907649322475,30494,-21.279586803486236,620511,-13.379150984182424,620511,-7.90043581930378,620511
Jagatsinghpur,JGS,1,"1_1_1_1_1_2_10_958,230",2019,2019-08-09,221,0.4442884798280554,7302,-22.89900105636576,574078,-14.617500496255166,574078,-8.281500560110565,574078
Jagatsinghpur,JGS,1,"1_1_1_1_1_2_10_959,230",2019,2019-08-09,221,0.42923672609251307,1354,-24.264047616731435,640106,-15.504583473753456,640106,-8.759464142977993,640106
Jagatsinghpur,JGS,1,"1_1_1_1_1_2_10_960,230",2019,2019-08-09,221,0.44751838784295167,791,-24.327186074149168,679387,-15.984820304348657,679387,-8.342365769800564,679387
Jagatsinghpur,JGS,1,"1_1_1_1_1_2_10_961,230",2019,2019-08-09,221,0.38446690760234886,1613,-22.121222072117853,712352,-14.16098919386605,712352,-7.96023287825186,712352
Jagatsinghpur,JGS,1,"1_1_1_1_1_2_10_962,230",2019,2019-08-09,221,,0,-20.79129716049133,741892,-12.318391708860684,741892,-8.47290545163067,741892
Jagatsinghpur,JGS,1,"1_1_1_1_1_2_10_963,230",2019,2019-08-09,221,,0,-19.021425950549062,601275,-11.036681548537763,601275,-7.984744402011339,601275
Jagatsinghpur,JGS,1,"1_1_1_1_1_2_10_964,230",2019,2019-08-09,221,,0,-17.76780998230508,125259,-10.56999782229238,125259,-7.197812160012702,125259
Jagatsinghpur,JGS,1,"1_1_1_1_1_2_10_965,230",2019,2019-08-09,221,,0,-20.93795363290901,10328,-13.12463986780373,10328,-7.813313765105297,10328
Jagatsinghpur,JGS,1,"1_1_1_1_1_2_10_957,231",2019,2019-08-09,221,0.4755189159280651,62280,-21.115342626990945,535010,-13.144164810000738,535010,-7.971177816990183,535010
Jagatsinghpur,JGS,1,"1_1_1_1_1_2_10_958,231",2019,2019-08-09,221,0.4503408959340521,9615,-21.903618545706127,649727,-13.71234590196371,649727,-8.191272643742403,649727
Jagatsinghpur,JGS,1,"1_1_1_1_1_2_10_959,231",2019,2019-08-09,221,0.5028773569607238,23068,-21.564075347530192,544379,-13.528551382412505,544379,-8.035523965117669,544379
Jagatsinghpur,JGS,1,"1_1_1_1_1_2_10_960,231",2019,2019-08-09,221,0.521419357189147,22929,-21.092423422691255,525591,-13.055114521649806,525591,-8.037308901041444,525591
Jagatsinghpur,JGS,1,"1_1_1_1_1_2_10_961,231",2019,2019-08-09,221,0.4604018364733195,11046,-20.259585148094455,638601,-12.415460936484687,638601,-7.844124211609803,638601
Jagatsinghpur,JGS,1,"1_1_1_1_1_2_10_962,231",2019,2019-08-09,221,,0,-18.133116705764436,661478,-10.59156768367497,661478,-7.541549022089464,661478
Jagatsinghpur,JGS,1,"1_1_1_1_1_2_10_963,231",2019,2019-08-09,221,,0,-17.136798336295872,623890,-10.22406601423398,623890,-6.912732322061895,623890
Jagatsinghpur,JGS,1,"1_1_1_1_1_2_10_964,231",2019,2019-08-09,221,,0,-19.850398916677165,543323,-11.891374225079858,543323,-7.95902469159733,543323
Jagatsinghpur,JGS,1,"1_1_1_1_1_2_11_961,226",2019,2019-08-19,231,,0,-22.867717299315355,12383,-12.474555938572728,12383,-10.393161360742459,12383
Jagatsinghpur,JGS,1,"1_1_1_1_1_2_11_959,227",2019,2019-08-19,231,,0,-20.407153187860615,510204,-12.456269176306785,510204,-7.977582801149622,510204
Jagatsinghpur,JGS,1,"1_1_1_1_1_2_11_960,227",2019,2019-08-19,231,,0,-20.071058344300933,432279,-12.1882413363668,432279,-7.896651559788889,432279
Jagatsinghpur,JGS,1,"1_1_1_1_1_2_11_961,227",2019,2019-08-19,231,,0,-22.51021233487788,447583,-12.892033217627601,447583,-9.618179117250268,447583
Jagatsinghpur,JGS,1,"1_1_1_1_1_2_11_962,227",2019,2019-08-19,231,,0,-20.51761758578946,786,-12.679291463888918,786,-7.838326121900538,786
Jagatsinghpur,JGS,1,"1_1_1_1_1_2_11_958,228",2019,2019-08-19,231,,0,-19.775802988283367,657750,-11.85316855254323,657750,-7.940714988644251,657750
Jagatsinghpur,JGS,1,"1_1_1_1_1_2_11_959,228",2019,2019-08-19,231,,0,-21.595903865337398,653265,-13.67428473288494,653265,-7.992430836035255,653265
Jagatsinghpur,JGS,1,"1_1_1_1_1_2_11_960,228",2019,2019-08-19,231,,0,-21.58191668008348,693526,-13.65219485673181,693526,-7.958612531025078,693526
Jagatsinghpur,JGS,1,"1_1_1_1_1_2_11_961,228",2019,2019-08-19,231,,0,-23.112320821265918,728813,-13.780752282970928,728813,-9.331568538294968,728813
Jagatsinghpur,JGS,1,"1_1_1_1_1_2_11_962,228",2019,2019-08-19,231,,0,-22.93220945779558,246956,-12.753822303584686,246956,-10.178387154210961,246956
Jagatsinghpur,JGS,1,"1_1_1_1_1_2_11_958,229",2019,2019-08-19,231,,0,-19.43829370771887,604467,-11.64409002719596,604467,-7.8243116124090735,604467
Jagatsinghpur,JGS,1,"1_1_1_1_1_2_11_959,229",2019,2019-08-19,231,,0,-21.881431986840727,604967,-13.595259739457294,604967,-8.393051306299816,604967
Jagatsinghpur,JGS,1,"1_1_1_1_1_2_11_960,229",2019,2019-08-19,231,,0,-21.90675661055841,733746,-13.54754890530272,733746,-8.45183444315923,733746
Jagatsinghpur,JGS,1,"1_1_1_1_1_2_11_961,229",2019,2019-08-19,231,,0,-21.97352272830755,778594,-12.413527335145675,778594,-9.562813107176131,778594
Jagatsinghpur,JGS,1,"1_1_1_1_1_2_11_962,229",2019,2019-08-19,231,,0,-22.660079017279802,513858,-12.458665397689009,513858,-10.201413619590811,513858
Jagatsinghpur,JGS,1,"1_1_1_1_1_2_11_963,229",2019,2019-08-19,231,,0,-20.221887099656172,55675,-9.826616980748389,55675,-10.395270118907812,55675
Jagatsinghpur,JGS,1,"1_1_1_1_1_2_11_964,229",2019,2019-08-19,231,,0,,0,,0,,0
Jagatsinghpur,JGS,1,"1_1_1_1_1_2_11_957,230",2019,2019-08-19,231,,0,-19.80985845533016,620511,-11.931877025671477,620511,-7.912504490341751,620511
Jagatsinghpur,JGS,1,"1_1_1_1_1_2_11_958,230",2019,2019-08-19,231,,0,-21.110728980328147,574078,-12.992457622274307,574078,-8.166402420368764,574078
Jagatsinghpur,JGS,1,"1_1_1_1_1_2_11_959,230",2019,2019-08-19,231,,0,-22.53039110112512,640106,-14.310999209249328,640106,-8.28846080131452,640106
Jagatsinghpur,JGS,1,"1_1_1_1_1_2_11_960,230",2019,2019-08-19,231,,0,-22.003954077736935,679387,-13.625015898080646,679387,-8.398216521328376,679387
Jagatsinghpur,JGS,1,"1_1_1_1_1_2_11_961,230",2019,2019-08-19,231,,0,-22.014721225038585,712352,-13.80566529776715,712352,-8.214685964449487,712352
Jagatsinghpur,JGS,1,"1_1_1_1_1_2_11_962,230",2019,2019-08-19,231,,0,-21.80237263442334,741892,-12.752819496164514,741892,-9.049553138258881,741892
Jagatsinghpur,JGS,1,"1_1_1_1_1_2_11_963,230",2019,2019-08-19,231,,0,-19.90117546485545,601275,-11.180014510263812,601275,-8.72116095459157,601275
Jagatsinghpur,JGS,1,"1_1_1_1_1_2_11_964,230",2019,2019-08-19,231,,0,-17.455983505136754,125259,-9.89812721463054,125259,-7.557856290506221,125259
Jagatsinghpur,JGS,1,"1_1_1_1_1_2_11_965,230",2019,2019-08-19,231,,0,-20.074358141010727,10328,-12.423628369667309,10328,-7.650729771343391,10328
Jagatsinghpur,JGS,1,"1_1_1_1_1_2_11_957,231",2019,2019-08-19,231,,0,-20.271261675794744,535010,-12.241551447228524,535010,-8.075746517701164,535010
Jagatsinghpur,JGS,1,"1_1_1_1_1_2_11_958,231",2019,2019-08-19,231,,0,-21.325077642996227,649727,-13.097097101738855,649727,-8.296513863865078,649727
Jagatsinghpur,JGS,1,"1_1_1_1_1_2_11_959,231",2019,2019-08-19,231,,0,-20.74244371041772,544379,-12.761121469093407,544379,-8.029771714444001,544379
Jagatsinghpur,JGS,1,"1_1_1_1_1_2_11_960,231",2019,2019-08-19,231,,0,-20.40511715051025,525591,-12.35608927687744,525591,-8.098357623078767,525591
Jagatsinghpur,JGS,1,"1_1_1_1_1_2_11_961,231",2019,2019-08-19,231,,0,-20.033698264821822,638601,-11.837164437717174,638601,-8.18698518112593,638601
Jagatsinghpur,JGS,1,"1_1_1_1_1_2_11_962,231",2019,2019-08-19,231,,0,-19.62834824734227,661478,-11.42892992686172,661478,-8.199418320480532,661478
Jagatsinghpur,JGS,1,"1_1_1_1_1_2_11_963,231",2019,2019-08-19,231,,0,-20.557015557385235,623890,-12.11834167297222,623890,-8.43867388441301,623890
Jagatsinghpur,JGS,1,"1_1_1_1_1_2_11_964,231",2019,2019-08-19,231,,0,-21.1477234854739,543323,-12.771960564755908,543323,-8.375762920717978,543323
Jagatsinghpur,JGS,1,"1_1_1_1_1_2_12_961,226",2019,2019-08-29,241,,0,-22.315646165068735,12383,-11.359298677152584,12383,-10.956347487916256,12383
Jagatsinghpur,JGS,1,"1_1_1_1_1_2_12_959,227",2019,2019-08-29,241,,0,-20.181483764708666,510204,-11.508860006176064,510204,-8.823826538915426,510204
Jagatsinghpur,JGS,1,"1_1_1_1_1_2_12_960,227",2019,2019-08-29,241,0.05163198068439449,204,-20.22146892081507,432279,-11.882551656782427,432279,-8.57031931232534,432279
Jagatsinghpur,JGS,1,"1_1_1_1_1_2_12_961,227",2019,2019-08-29,241,,0,-21.616598694348806,447583,-11.52622709864284,447583,-10.090371595705916,447583
Jagatsinghpur,JGS,1,"1_1_1_1_1_2_12_962,227",2019,2019-08-29,241,,0,-20.881991973479618,786,-12.617967898443519,786,-8.264024075036081,786
Jagatsinghpur,JGS,1,"1_1_1_1_1_2_12_958,228",2019,2019-08-29,241,0.551112577646927,36472,-19.46940081198052,657750,-10.899999565810694,657750,-8.635569402774053,657750
Jagatsinghpur,JGS,1,"1_1_1_1_1_2_12_959,228",2019,2019-08-29,241,0.4488798048734114,677,-20.814501402679493,653265,-12.24873436278223,653265,-8.797041859142,653265
Jagatsinghpur,JGS,1,"1_1_1_1_1_2_12_960,228",2019,2019-08-29,241,0.31647123363892343,10358,-22.092825734281178,693526,-13.57241272919133,693526,-8.747043961589204,693526
Jagatsinghpur,JGS,1,"1_1_1_1_1_2_12_961,228",2019,2019-08-29,241,,0,-24.327112548022765,728813,-14.154196568690189,728813,-10.172915979332577,728813
Jagatsinghpur,JGS,1,"1_1_1_1_1_2_12_962,228",2019,2019-08-29,241,,0,-23.35176247183786,246956,-12.65333356370019,246956,-10.698428908137698,246956
Jagatsinghpur,JGS,1,"1_1_1_1_1_2_12_958,229",2019,2019-08-29,241,0.5666917739643973,109277,-19.103498443353246,604467,-10.837737270949942,604467,-8.325575485010905,604467
Jagatsinghpur,JGS,1,"1_1_1_1_1_2_12_959,229",2019,2019-08-29,241,0.5277054718056478,30924,-20.56168897783657,604967,-11.449724916580397,604967,-9.074684076708055,604967
Jagatsinghpur,JGS,1,"1_1_1_1_1_2_12_960,229",2019,2019-08-29,241,0.5104835655324952,6305,-21.592934180149413,733746,-12.285685475540445,733746,-9.15921411571267,733746
Jagatsinghpur,JGS,1,"1_1_1_1_1_2_12_961,229",2019,2019-08-29,241,-0.00767847505110369,246,-22.729206648611903,778594,-12.317029490669851,778594,-10.414319442121856,778594
Jagatsinghpur,JGS,1,"1_1_1_1_1_2_12_962,229",2019,2019-08-29,241,,0,-23.839201980571406,513858,-12.526005818517735,513858,-11.313196162053577,513858
Jagatsinghpur,JGS,1,"1_1_1_1_1_2_12_963,229",2019,2019-08-29,241,,0,-23.18792423129413,55675,-11.30514816691962,55675,-11.882776064374358,55675
Jagatsinghpur,JGS,1,"1_1_1_1_1_2_12_964,229",2019,2019-08-29,241,,0,,0,,0,,0
Jagatsinghpur,JGS,1,"1_1_1_1_1_2_12_957,230",2019,2019-08-29,241,0.5408510389674446,14666,-18.860905651477477,620511,-10.539980870609844,620511,-8.36933270795647,620511
Jagatsinghpur,JGS,1,"1_1_1_1_1_2_12_958,230",2019,2019-08-29,241,0.4879969935082317,79271,-19.910936955358753,574078,-11.165877477550449,574078,-8.846760926373491,574078
Jagatsinghpur,JGS,1,"1_1_1_1_1_2_12_959,230",2019,2019-08-29,241,0.5182681617825526,81127,-20.742791480481124,640106,-11.45217417752773,640106,-9.328619942437012,640106
Jagatsinghpur,JGS,1,"1_1_1_1_1_2_12_960,230",2019,2019-08-29,241,0.4930130605108404,46783,-21.16550078884298,679387,-11.820456752048043,679387,-9.173147440148384,679387
Jagatsinghpur,JGS,1,"1_1_1_1_1_2_12_961,230",2019,2019-08-29,241,0.47376986211135197,3917,-21.693950534511817,712352,-12.493318994167124,712352,-9.193064050462446,712352
Jagatsinghpur,JGS,1,"1_1_1_1_1_2_12_962,230",2019,2019-08-29,241,,0,-23.40636270583297,741892,-13.031221989162846,741892,-10.375140716670076,741892
Jagatsinghpur,JGS,1,"1_1_1_1_1_2_12_963,230",2019,2019-08-29,241,,0,-23.154948088817626,601275,-12.978359572706092,601275,-10.176588516111506,601275
Jagatsinghpur,JGS,1,"1_1_1_1_1_2_12_964,230",2019,2019-08-29,241,,0,-19.211772189940884,125259,-10.805464320662235,125259,-8.406307869278605,125259
Jagatsinghpur,JGS,1,"1_1_1_1_1_2_12_965,230",2019,2019-08-29,241,,0,-20.190775288838243,10328,-12.191335894946494,10328,-7.999439393891719,10328
Jagatsinghpur,JGS,1,"1_1_1_1_1_2_12_957,231",2019,2019-08-29,241,0.43759971922581187,11259,-19.068305704082675,535010,-10.497116317589755,535010,-8.64372043264132,535010
Jagatsinghpur,JGS,1,"1_1_1_1_1_2_12_958,231",2019,2019-08-29,241,0.5064735247490042,30376,-19.60107243364741,649727,-10.64609167960102,649727,-9.009656788105131,649727
Jagatsinghpur,JGS,1,"1_1_1_1_1_2_12_959,231",2019,2019-08-29,241,0.5416319529110428,23019,-19.35671040631383,544379,-10.659901216985944,544379,-8.76347494508919,544379
Jagatsinghpur,JGS,1,"1_1_1_1_1_2_12_960,231",2019,2019-08-29,241,0.5457728893795286,33592,-18.37326356982558,525591,-9.765252851998437,525591,-8.662045693035195,525591
Jagatsinghpur,JGS,1,"1_1_1_1_1_2_12_961,231",2019,2019-08-29,241,0.5661073509337361,56409,-18.658972774210756,638601,-10.071940511055118,638601,-8.589946791615686,638601
Jagatsinghpur,JGS,1,"1_1_1_1_1_2_12_962,231",2019,2019-08-29,241,,0,-19.14407879456927,661478,-10.335557118233167,661478,-8.8085216763361,661478
Jagatsinghpur,JGS,1,"1_1_1_1_1_2_12_963,231",2019,2019-08-29,241,,0,-21.093017850496494,623890,-11.6215499727478,623890,-9.47146787774869,623890
Jagatsinghpur,JGS,1,"1_1_1_1_1_2_12_964,231",2019,2019-08-29,241,,0,-22.59644103221412,543323,-13.057025004614768,543323,-9.539416027599442,543323
Jagatsinghpur,JGS,1,"1_1_1_1_1_2_13_961,226",2019,2019-09-08,251,0.4915145999854009,5083,-21.205088910458986,12383,-9.92211456751751,12383,-11.282974342941626,12383
Jagatsinghpur,JGS,1,"1_1_1_1_1_2_13_959,227",2019,2019-09-08,251,0.5778256256147235,308643,-19.19032447911708,510204,-9.87361048286798,510204,-9.316713996249083,510204
Jagatsinghpur,JGS,1,"1_1_1_1_1_2_13_960,227",2019,2019-09-08,251,0.5731051865221826,237196,-19.34447384649634,432279,-10.041811659300473,432279,-9.302662187195882,432279
Jagatsinghpur,JGS,1,"1_1_1_1_1_2_13_961,227",2019,2019-09-08,251,0.5111765345077446,210328,-20.21621586781275,447583,-10.281386701215538,447583,-9.934829166597167,447583
Jagatsinghpur,JGS,1,"1_1_1_1_1_2_13_962,227",2019,2019-09-08,251,0.5550616860725558,204,-20.82175264304874,786,-12.761189561722322,786,-8.060563081326432,786
Jagatsinghpur,JGS,1,"1_1_1_1_1_2_13_958,228",2019,2019-09-08,251,0.5707180699637205,400809,-18.653622789128633,657750,-9.90555769690793,657750,-8.748065092220646,657750
Jagatsinghpur,JGS,1,"1_1_1_1_1_2_13_959,228",2019,2019-09-08,251,0.5593644970910525,312997,-20.379400478981864,653265,-10.931478041072939,653265,-9.447922437908895,653265
Jagatsinghpur,JGS,1,"1_1_1_1_1_2_13_960,228",2019,2019-09-08,251,0.4910031904977033,274073,-21.236225199682824,693526,-11.704763271407971,693526,-9.531461928274837,693526
Jagatsinghpur,JGS,1,"1_1_1_1_1_2_13_961,228",2019,2019-09-08,251,0.5093640405564269,249258,-22.1358788049613,728813,-11.42075786214944,728813,-10.715120942811867,728813
Jagatsinghpur,JGS,1,"1_1_1_1_1_2_13_962,228",2019,2019-09-08,251,0.5695956431397505,78421,-22.062300434153173,246956,-11.450109967942598,246956,-10.612190466210517,246956
Jagatsinghpur,JGS,1,"1_1_1_1_1_2_13_958,229",2019,2019-09-08,251,0.5926429161396246,480796,-18.524424507643644,604467,-10.149343595034376,604467,-8.375080912609294,604467
Jagatsinghpur,JGS,1,"1_1_1_1_1_2_13_959,229",2019,2019-09-08,251,0.5679687539411366,461869,-19.894348091909205,604967,-10.122150503439494,604967,-9.772197588469623,604967
Jagatsinghpur,JGS,1,"1_1_1_1_1_2_13_960,229",2019,2019-09-08,251,0.5048127389318962,285688,-22.49373739221598,733746,-12.11882621616919,733746,-10.37491117604679,733746
Jagatsinghpur,JGS,1,"1_1_1_1_1_2_13_961,229",2019,2019-09-08,251,0.5396254199401553,167546,-23.06688315249401,778594,-11.682461078010231,778594,-11.384422074483794,778594
Jagatsinghpur,JGS,1,"1_1_1_1_1_2_13_962,229",2019,2019-09-08,251,0.5430180609493661,116651,-23.039340811484532,513858,-11.657169325120542,513858,-11.382171486364037,513858
Jagatsinghpur,JGS,1,"1_1_1_1_1_2_13_963,229",2019,2019-09-08,251,0.5968222940715278,35975,-21.851403097378327,55675,-9.351917536755858,55675,-12.49948556062248,55675
Jagatsinghpur,JGS,1,"1_1_1_1_1_2_13_964,229",2019,2019-09-08,251,,0,,0,,0,,0
Jagatsinghpur,JGS,1,"1_1_1_1_1_2_13_957,230",2019,2019-09-08,251,0.5685007138610485,440298,-19.25424379791789,620511,-10.584255770080642,620511,-8.669988027837286,620511
Jagatsinghpur,JGS,1,"1_1_1_1_1_2_13_958,230",2019,2019-09-08,251,0.5407917955497072,436769,-20.157986659082283,574078,-10.63482421325873,574078,-9.52316244582358,574078
Jagatsinghpur,JGS,1,"1_1_1_1_1_2_13_959,230",2019,2019-09-08,251,0.5511483742642199,435138,-21.07309701851158,640106,-10.800453911218233,640106,-10.272643107293419,640106
Jagatsinghpur,JGS,1,"1_1_1_1_1_2_13_960,230",2019,2019-09-08,251,0.5342310100939507,387692,-21.647621995956072,679387,-11.07996103761617,679387,-10.567660958339912,679387
Jagatsinghpur,JGS,1,"1_1_1_1_1_2_13_961,230",2019,2019-09-08,251,0.5225037858793283,225990,-21.381670544683697,712352,-11.143845589951093,712352,-10.237824954732677,712352
Jagatsinghpur,JGS,1,"1_1_1_1_1_2_13_962,230",2019,2019-09-08,251,0.5128452827392239,113879,-22.451910636521106,741892,-11.201683543678799,741892,-11.250227092842257,741892
Jagatsinghpur,JGS,1,"1_1_1_1_1_2_13_963,230",2019,2019-09-08,251,0.568384893638275,147348,-22.40249399569213,601275,-11.043505514161067,601275,-11.358988481531034,601275
Jagatsinghpur,JGS,1,"1_1_1_1_1_2_13_964,230",2019,2019-09-08,251,0.5742901674009065,59983,-18.448771174716473,125259,-9.878456108247,125259,-8.570315066469455,125259
Jagatsinghpur,JGS,1,"1_1_1_1_1_2_13_965,230",2019,2019-09-08,251,0.5057476969285297,5855,-18.71731826224498,10328,-11.841465126424145,10328,-6.87585313582084,10328
Jagatsinghpur,JGS,1,"1_1_1_1_1_2_13_957,231",2019,2019-09-08,251,0.5314409389459643,407352,-19.763400424298307,520331,-10.642048320389208,520331,-9.1213521039091,520331
Jagatsinghpur,JGS,1,"1_1_1_1_1_2_13_958,231",2019,2019-09-08,251,0.5546606387585966,464758,-20.534374293399868,649727,-10.878719464309745,649727,-9.655654829090102,649727
Jagatsinghpur,JGS,1,"1_1_1_1_1_2_13_959,231",2019,2019-09-08,251,0.5789003585182734,362101,-20.315620960571387,544379,-10.864378806088434,544379,-9.451242154482955,544379
Jagatsinghpur,JGS,1,"1_1_1_1_1_2_13_960,231",2019,2019-09-08,251,0.5510354974929724,376950,-19.953735979153134,525591,-10.424141971458564,525591,-9.529594007694518,525591
Jagatsinghpur,JGS,1,"1_1_1_1_1_2_13_961,231",2019,2019-09-08,251,0.5549221295432067,323384,-20.12770334304097,638601,-10.909299771805474,638601,-9.218403571235498,638601
Jagatsinghpur,JGS,1,"1_1_1_1_1_2_13_962,231",2019,2019-09-08,251,0.5161077196033204,130398,-21.060441793005484,661478,-11.479378582631238,661478,-9.58106321037429,661478
Jagatsinghpur,JGS,1,"1_1_1_1_1_2_13_963,231",2019,2019-09-08,251,0.5132592731314685,80034,-23.238914522057588,623890,-12.893330922948923,623890,-10.345583599108673,623890
Jagatsinghpur,JGS,1,"1_1_1_1_1_2_13_964,231",2019,2019-09-08,251,0.5367919924009839,119707,-22.13098966916998,543323,-12.157547304628167,543323,-9.973442364541823,543323
Jagatsinghpur,JGS,1,"1_1_1_1_1_2_14_961,226",2019,2019-09-18,261,0.5486988319657274,7886,-19.259466377757757,12383,-8.691350866084788,12383,-10.568115511673007,12383
Jagatsinghpur,JGS,1,"1_1_1_1_1_2_14_959,227",2019,2019-09-18,261,0.622035778078327,431752,-17.332552872757628,510204,-9.491634489816702,510204,-7.887845188873999,510204
Jagatsinghpur,JGS,1,"1_1_1_1_1_2_14_960,227",2019,2019-09-18,261,0.6180595149015973,357145,-17.170883533157486,432279,-9.379594599636167,432279,-7.825540387575331,432279
Jagatsinghpur,JGS,1,"1_1_1_1_1_2_14_961,227",2019,2019-09-18,261,0.5381026869367829,115612,-18.785786471830352,447583,-9.44485624756462,447583,-9.340930224265746,447583
Jagatsinghpur,JGS,1,"1_1_1_1_1_2_14_962,227",2019,2019-09-18,261,,0,-19.92247075717404,786,-12.360086215346362,786,-7.562384541827663,786
Jagatsinghpur,JGS,1,"1_1_1_1_1_2_14_958,228",2019,2019-09-18,261,0.6087854121845582,475602,-16.961361846067405,657750,-9.45816032255135,657750,-7.51243834155497,657750
Jagatsinghpur,JGS,1,"1_1_1_1_1_2_14_959,228",2019,2019-09-18,261,0.5825780464779359,437576,-17.248408877455443,653265,-9.448178752596657,653265,-7.843144751280487,653265
Jagatsinghpur,JGS,1,"1_1_1_1_1_2_14_960,228",2019,2019-09-18,261,0.5585076989047018,365790,-17.684078646633036,693526,-9.362866625534114,693526,-8.367511705497254,693526
Jagatsinghpur,JGS,1,"1_1_1_1_1_2_14_961,228",2019,2019-09-18,261,0.5145831098132023,48280,-19.3957089025915,728813,-9.043585748190528,728813,-10.352123154401006,728813
Jagatsinghpur,JGS,1,"1_1_1_1_1_2_14_962,228",2019,2019-09-18,261,0.5362738941968638,27322,-20.05222801235195,246956,-10.510967217374235,246956,-9.541260794977765,246956
Jagatsinghpur,JGS,1,"1_1_1_1_1_2_14_958,229",2019,2019-09-18,261,0.6139077791090116,371937,-16.742137309154963,604467,-9.582013433858782,604467,-7.152173159367788,604467
Jagatsinghpur,JGS,1,"1_1_1_1_1_2_14_959,229",2019,2019-09-18,261,0.61901476025911,464533,-17.41816835682736,604967,-9.39986937810195,604967,-8.05430098046774,604967
Jagatsinghpur,JGS,1,"1_1_1_1_1_2_14_960,229",2019,2019-09-18,261,0.5730082674955816,415889,-17.858683582520335,733746,-9.157691042996825,733746,-8.732070266759298,733746
Jagatsinghpur,JGS,1,"1_1_1_1_1_2_14_961,229",2019,2019-09-18,261,0.47952902189821434,111022,-19.048599762678577,778594,-8.617825242481908,778594,-10.431918981850641,778594
Jagatsinghpur,JGS,1,"1_1_1_1_1_2_14_962,229",2019,2019-09-18,261,0.5191578347446533,71823,-19.288950429608057,513858,-9.349026142740414,513858,-9.939924286867583,513858
Jagatsinghpur,JGS,1,"1_1_1_1_1_2_14_963,229",2019,2019-09-18,261,0.3755606493838238,2882,-17.742796494819064,55675,-8.808416666642064,55675,-8.934379828176985,55675
Jagatsinghpur,JGS,1,"1_1_1_1_1_2_14_964,229",2019,2019-09-18,261,,0,,0,,0,,0
Jagatsinghpur,JGS,1,"1_1_1_1_1_2_14_957,230",2019,2019-09-18,261,0.6320184935553879,504778,-17.38526883009412,620511,-9.912883646565074,620511,-7.485070560225962,620511
Jagatsinghpur,JGS,1,"1_1_1_1_1_2_14_958,230",2019,2019-09-18,261,0.5881139237749435,329999,-17.816168410805204,574078,-9.672533704386737,574078,-8.174851047783024,574078
Jagatsinghpur,JGS,1,"1_1_1_1_1_2_14_959,230",2019,2019-09-18,261,0.5918216089948616,386199,-18.67411783844944,640106,-9.77344978746134,640106,-8.991939276412447,640106
Jagatsinghpur,JGS,1,"1_1_1_1_1_2_14_960,230",2019,2019-09-18,261,0.5628288565372604,428880,-18.318043330800567,679387,-9.568733265438013,679387,-8.844745464055423,679387
Jagatsinghpur,JGS,1,"1_1_1_1_1_2_14_961,230",2019,2019-09-18,261,0.566227989528859,217823,-18.499684108750227,712352,-9.072468066676544,712352,-9.447939354317345,712352
Jagatsinghpur,JGS,1,"1_1_1_1_1_2_14_962,230",2019,2019-09-18,261,0.48141963523905035,56334,-18.57717757781822,741892,-8.708253438228788,741892,-9.868924139589458,741892
Jagatsinghpur,JGS,1,"1_1_1_1_1_2_14_963,230",2019,2019-09-18,261,0.499117197465382,36457,-18.403505204126017,601275,-8.538258289703439,601275,-9.865246914422565,601275
Jagatsinghpur,JGS,1,"1_1_1_1_1_2_14_964,230",2019,2019-09-18,261,0.5738156480814993,75552,-16.813167013889714,125259,-9.62594189304879,125259,-7.187225120840902,125259
Jagatsinghpur,JGS,1,"1_1_1_1_1_2_14_965,230",2019,2019-09-18,261,0.5509631135662232,6991,-18.706252440158224,10328,-11.921770550868336,10328,-6.7844818892899035,10328
Jagatsinghpur,JGS,1,"1_1_1_1_1_2_14_957,231",2019,2019-09-18,261,0.6309717470542715,375229,-17.791215319975024,535010,-9.625088920106863,535010,-8.172174427561304,535010
Jagatsinghpur,JGS,1,"1_1_1_1_1_2_14_958,231",2019,2019-09-18,261,0.579001018400848,376258,-18.129652396423463,649727,-9.579454037020838,649727,-8.560517409619262,649727
Jagatsinghpur,JGS,1,"1_1_1_1_1_2_14_959,231",2019,2019-09-18,261,0.6091347532390397,351515,-17.825580318184077,544379,-9.540359171686074,544379,-8.297478939058772,544379
Jagatsinghpur,JGS,1,"1_1_1_1_1_2_14_960,231",2019,2019-09-18,261,0.5924583050828794,337565,-17.3150936970716,525591,-9.24947649501335,525591,-8.096451262005042,525591
Jagatsinghpur,JGS,1,"1_1_1_1_1_2_14_961,231",2019,2019-09-18,261,0.5629588139957735,225138,-17.134097651784792,638601,-9.176863308026176,638601,-7.963305649278519,638601
Jagatsinghpur,JGS,1,"1_1_1_1_1_2_14_962,231",2019,2019-09-18,261,0.5669187745299941,388621,-17.275047907154345,661478,-9.009916885148948,661478,-8.265131022005386,661478
Jagatsinghpur,JGS,1,"1_1_1_1_1_2_14_963,231",2019,2019-09-18,261,0.5089440127424457,115956,-18.36700565557218,623890,-9.088102151769107,623890,-9.278903503803065,623890
Jagatsinghpur,JGS,1,"1_1_1_1_1_2_14_964,231",2019,2019-09-18,261,0.522441832275612,60824,-19.045518322331276,543323,-9.643303521524485,543323,-9.4022148008068,543323
Jagatsinghpur,JGS,1,"1_1_1_1_1_2_15_961,226",2019,2019-09-28,271,0.5192438165674578,4974,-19.503137751804662,12383,-8.103629698878756,12383,-11.399508052925842,12383
Jagatsinghpur,JGS,1,"1_1_1_1_1_2_15_959,227",2019,2019-09-28,271,0.7076265271402385,407863,-17.068666268780174,510204,-9.461566428147092,510204,-7.593324064279852,510204
Jagatsinghpur,JGS,1,"1_1_1_1_1_2_15_960,227",2019,2019-09-28,271,0.6639420838466499,193022,-17.285546266071712,432279,-9.428580090179496,432279,-7.84047655878288,432279
Jagatsinghpur,JGS,1,"1_1_1_1_1_2_15_961,227",2019,2019-09-28,271,0.5657378113761872,80658,-20.36225990573977,447583,-8.937654407970737,447583,-11.424605497769061,447583
Jagatsinghpur,JGS,1,"1_1_1_1_1_2_15_962,227",2019,2019-09-28,271,,0,-20.706234162786664,786,-12.598699589301624,786,-8.107534573485033,786
Jagatsinghpur,JGS,1,"1_1_1_1_1_2_15_958,228",2019,2019-09-28,271,0.7212720090380437,643475,-16.816915385962613,657750,-9.545986453064918,657750,-7.251048814139657,657750
Jagatsinghpur,JGS,1,"1_1_1_1_1_2_15_959,228",2019,2019-09-28,271,0.734638610705553,614623,-17.168993855305402,653265,-9.70141535556035,653265,-7.4487593607655205,653265
Jagatsinghpur,JGS,1,"1_1_1_1_1_2_15_960,228",2019,2019-09-28,271,0.686854467062223,518269,-17.45635256325176,693526,-9.595696471512795,693526,-7.846096780352701,693526
Jagatsinghpur,JGS,1,"1_1_1_1_1_2_15_961,228",2019,2019-09-28,271,0.5468598026378985,118699,-19.29549600148607,728813,-8.93925626556827,728813,-10.356239735917779,728813
Jagatsinghpur,JGS,1,"1_1_1_1_1_2_15_962,228",2019,2019-09-28,271,0.5095507607017039,18258,-20.724359589858715,246956,-10.398845370102967,246956,-10.325514219755696,246956
Jagatsinghpur,JGS,1,"1_1_1_1_1_2_15_958,229",2019,2019-09-28,271,0.7181603856849991,591034,-16.66771323036107,604467,-9.771149582562288,604467,-6.870260869061257,604467
Jagatsinghpur,JGS,1,"1_1_1_1_1_2_15_959,229",2019,2019-09-28,271,0.7592283325131024,584652,-17.060810811797264,604967,-9.526455976483726,604967,-7.512934128204303,604967
Jagatsinghpur,JGS,1,"1_1_1_1_1_2_15_960,229",2019,2019-09-28,271,0.7042465172170813,619103,-17.58341697992617,733746,-9.329508782893429,733746,-8.217515262623412,733746
Jagatsinghpur,JGS,1,"1_1_1_1_1_2_15_961,229",2019,2019-09-28,271,0.586824637781614,171913,-19.15217244822524,778594,-8.691393437667378,778594,-10.460629734544202,778594
Jagatsinghpur,JGS,1,"1_1_1_1_1_2_15_962,229",2019,2019-09-28,271,0.5433469478380921,207451,-19.92538699085034,513858,-9.65086216593304,513858,-10.274524824917323,513858
Jagatsinghpur,JGS,1,"1_1_1_1_1_2_15_963,229",2019,2019-09-28,271,0.5433443093853915,33868,-17.061686948248454,55675,-8.78532879063007,55675,-8.276358157618333,55675
Jagatsinghpur,JGS,1,"1_1_1_1_1_2_15_964,229",2019,2019-09-28,271,,0,,0,,0,,0
Jagatsinghpur,JGS,1,"1_1_1_1_1_2_15_957,230",2019,2019-09-28,271,0.7024338695463702,548811,-17.11402593554121,620511,-10.166672149194277,620511,-6.91928816201173,620511
Jagatsinghpur,JGS,1,"1_1_1_1_1_2_15_958,230",2019,2019-09-28,271,0.7314766379981563,450178,-17.344840031830174,574078,-9.873960475252666,574078,-7.443224829410789,574078
Jagatsinghpur,JGS,1,"1_1_1_1_1_2_15_959,230",2019,2019-09-28,271,0.7363704884102209,462905,-17.57967524877059,640106,-9.64969088957009,640106,-7.913870894734883,640106
Jagatsinghpur,JGS,1,"1_1_1_1_1_2_15_960,230",2019,2019-09-28,271,0.7032669595213467,557599,-17.83209890141615,679387,-9.67392909944923,679387,-8.108339186607108,679387
Jagatsinghpur,JGS,1,"1_1_1_1_1_2_15_961,230",2019,2019-09-28,271,0.5997802403711817,560663,-18.048808581116823,712352,-9.240340200343981,712352,-8.804895518828133,712352
Jagatsinghpur,JGS,1,"1_1_1_1_1_2_15_962,230",2019,2019-09-28,271,0.5896363429776358,560478,-17.959064229912816,741892,-8.759401261217812,741892,-9.19966296869501,741892
Jagatsinghpur,JGS,1,"1_1_1_1_1_2_15_963,230",2019,2019-09-28,271,0.5797516249753639,434246,-17.646879766091295,601275,-8.2275917508296,601275,-9.41928801526168,601275
Jagatsinghpur,JGS,1,"1_1_1_1_1_2_15_964,230",2019,2019-09-28,271,0.49590226997454634,27406,-17.34334158656874,125259,-9.906769431025987,125259,-7.436572155542793,125259
Jagatsinghpur,JGS,1,"1_1_1_1_1_2_15_965,230",2019,2019-09-28,271,0.31579965981616187,1451,-18.90253091463934,10328,-12.175418032885931,10328,-6.727112881753377,10328
Jagatsinghpur,JGS,1,"1_1_1_1_1_2_15_957,231",2019,2019-09-28,271,0.6853954245142347,503632,-17.23431486831912,535010,-9.82580700391135,535010,-7.398159535659079,535010
Jagatsinghpur,JGS,1,"1_1_1_1_1_2_15_958,231",2019,2019-09-28,271,0.7314193004225384,582188,-17.35508763468676,649727,-9.7017774398163,649727,-7.64280761222331,649727
Jagatsinghpur,JGS,1,"1_1_1_1_1_2_15_959,231",2019,2019-09-28,271,0.7382872066610069,179830,-16.9950170093934,544379,-9.728407749106571,544379,-7.25885517663026,544379
Jagatsinghpur,JGS,1,"1_1_1_1_1_2_15_960,231",2019,2019-09-28,271,0.697314825514768,154615,-16.85961566817584,525591,-9.283338694907254,525591,-7.525988793689023,525591
Jagatsinghpur,JGS,1,"1_1_1_1_1_2_15_961,231",2019,2019-09-28,271,0.6352913702268809,402026,-17.236349489770557,638601,-9.483470292095586,638601,-7.739591379623852,638601
Jagatsinghpur,JGS,1,"1_1_1_1_1_2_15_962,231",2019,2019-09-28,271,0.5630773028333627,465690,-17.27016919898194,661478,-9.255375874802812,661478,-8.014793324179072,661478
Jagatsinghpur,JGS,1,"1_1_1_1_1_2_15_963,231",2019,2019-09-28,271,0.5703788310072062,373333,-17.979225725197512,623890,-8.715135284735634,623890,-9.264090440461812,623890
Jagatsinghpur,JGS,1,"1_1_1_1_1_2_15_964,231",2019,2019-09-28,271,0.5489369331114253,130711,-18.263958856643985,543323,-8.8638279200928,543323,-9.40013093655117,543323
Jagatsinghpur,JGS,1,"1_1_1_1_1_2_16_961,226",2019,2019-10-08,281,0.7139577587464799,11641,-17.711592771384957,12383,-7.5107470919881845,12383,-10.200845679396748,12383
Jagatsinghpur,JGS,1,"1_1_1_1_1_2_16_959,227",2019,2019-10-08,281,0.6687721246887159,480694,-16.552544186927136,510204,-9.428225535629863,510204,-7.124318651297232,510204
Jagatsinghpur,JGS,1,"1_1_1_1_1_2_16_960,227",2019,2019-10-08,281,0.684897682221402,405425,-16.489481615785504,432279,-9.534245989621287,432279,-6.955235626164211,432279
Jagatsinghpur,JGS,1,"1_1_1_1_1_2_16_961,227",2019,2019-10-08,281,0.7002479553698425,382763,-18.40815851591205,447583,-8.250573749558248,447583,-10.157584766353795,447583
Jagatsinghpur,JGS,1,"1_1_1_1_1_2_16_962,227",2019,2019-10-08,281,0.4891242921279798,289,-20.263459893410996,786,-11.67971339799194,786,-8.583746495419078,786
Jagatsinghpur,JGS,1,"1_1_1_1_1_2_16_958,228",2019,2019-10-08,281,0.7206515603599422,652021,-16.44992088153854,657750,-9.584774338294709,657750,-6.865146543243818,657750
Jagatsinghpur,JGS,1,"1_1_1_1_1_2_16_959,228",2019,2019-10-08,281,0.6659290840605628,626290,-16.631873440464894,653265,-9.758423387500933,653265,-6.8734500529639515,653265
Jagatsinghpur,JGS,1,"1_1_1_1_1_2_16_960,228",2019,2019-10-08,281,0.6649475263610323,616883,-16.70665350123527,693526,-9.621666261174816,693526,-7.0849872400604506,693526
Jagatsinghpur,JGS,1,"1_1_1_1_1_2_16_961,228",2019,2019-10-08,281,0.6748986237929686,620111,-17.712075526094637,728813,-8.453255480696907,728813,-9.258820045397659,728813
Jagatsinghpur,JGS,1,"1_1_1_1_1_2_16_962,228",2019,2019-10-08,281,0.563969803068284,150254,-18.832853985718682,246956,-9.613927107803502,246956,-9.218926877915075,246956
Jagatsinghpur,JGS,1,"1_1_1_1_1_2_16_958,229",2019,2019-10-08,281,0.7032039927784953,597237,-16.1871103705208,604467,-9.623783294923065,604467,-6.5633270755977415,604467
Jagatsinghpur,JGS,1,"1_1_1_1_1_2_16_959,229",2019,2019-10-08,281,0.685880970453683,591984,-16.58785533552795,604967,-9.554604910636455,604967,-7.033250424891463,604967
Jagatsinghpur,JGS,1,"1_1_1_1_1_2_16_960,229",2019,2019-10-08,281,0.6445738104462233,684851,-16.430240888586283,733746,-9.215953626098862,733746,-7.214287262487422,733746
Jagatsinghpur,JGS,1,"1_1_1_1_1_2_16_961,229",2019,2019-10-08,281,0.6192217893513009,632562,-16.578506868052244,778594,-8.770444186259168,778594,-7.808062681793017,778594
Jagatsinghpur,JGS,1,"1_1_1_1_1_2_16_962,229",2019,2019-10-08,281,0.565885063329222,330387,-17.167931632327253,513858,-9.25087892137966,513858,-7.917052710947628,513858
Jagatsinghpur,JGS,1,"1_1_1_1_1_2_16_963,229",2019,2019-10-08,281,0.48069713432112554,13561,-15.8381868549969,55675,-8.702869206949337,55675,-7.135317648047551,55675
Jagatsinghpur,JGS,1,"1_1_1_1_1_2_16_964,229",2019,2019-10-08,281,,0,,0,,0,,0
Jagatsinghpur,JGS,1,"1_1_1_1_1_2_16_957,230",2019,2019-10-08,281,0.7196801740255011,608401,-16.495361764995682,620511,-9.977256832936906,620511,-6.518104932058743,620511
Jagatsinghpur,JGS,1,"1_1_1_1_1_2_16_958,230",2019,2019-10-08,281,0.6858353268846743,545342,-16.66585356431957,574078,-9.565688538933644,574078,-7.100165025385932,574078
Jagatsinghpur,JGS,1,"1_1_1_1_1_2_16_959,230",2019,2019-10-08,281,0.6764699784985256,592969,-17.00740598868132,640106,-9.477377998227656,640106,-7.5300279904536165,640106
Jagatsinghpur,JGS,1,"1_1_1_1_1_2_16_960,230",2019,2019-10-08,281,0.6444117657014938,641860,-16.74955925346402,679387,-9.195937923671352,679387,-7.553621329792694,679387
Jagatsinghpur,JGS,1,"1_1_1_1_1_2_16_961,230",2019,2019-10-08,281,0.6455281189852329,633808,-16.858816356239302,712352,-9.104528496505907,712352,-7.7542878597334015,712352
Jagatsinghpur,JGS,1,"1_1_1_1_1_2_16_962,230",2019,2019-10-08,281,0.6415111628541298,608206,-16.78280066531123,741892,-8.785275434201342,741892,-7.997525231109829,741892
Jagatsinghpur,JGS,1,"1_1_1_1_1_2_16_963,230",2019,2019-10-08,281,0.6154712711056842,305858,-16.428101048344075,601275,-8.290249159826994,601275,-8.137851888517051,601275
Jagatsinghpur,JGS,1,"1_1_1_1_1_2_16_964,230",2019,2019-10-08,281,0.5845310578794374,60546,-16.162524473867105,125259,-9.568595011524549,125259,-6.59392946234257,125259
Jagatsinghpur,JGS,1,"1_1_1_1_1_2_16_965,230",2019,2019-10-08,281,0.5008182408878377,6630,-18.164757270292153,10328,-11.734497189466193,10328,-6.430260080825958,10328
Jagatsinghpur,JGS,1,"1_1_1_1_1_2_16_957,231",2019,2019-10-08,281,0.6981610478490166,522811,-16.68346113573789,535010,-9.508058863311533,535010,-7.175402272426316,535010
Jagatsinghpur,JGS,1,"1_1_1_1_1_2_16_958,231",2019,2019-10-08,281,0.6944758613459655,629606,-16.729904640827932,649727,-9.53915306661926,649727,-7.190751574208657,649727
Jagatsinghpur,JGS,1,"1_1_1_1_1_2_16_959,231",2019,2019-10-08,281,0.6724924022783879,530638,-16.48448609256323,544379,-9.510888855753176,544379,-6.973597236810082,544379
Jagatsinghpur,JGS,1,"1_1_1_1_1_2_16_960,231",2019,2019-10-08,281,0.6474695788266862,489942,-16.189814377730247,525591,-8.979479463861749,525591,-7.210334913868505,525591
Jagatsinghpur,JGS,1,"1_1_1_1_1_2_16_961,231",2019,2019-10-08,281,0.6258265101188352,587575,-16.27337972511831,638601,-9.151893019809792,638601,-7.121486705308566,638601
Jagatsinghpur,JGS,1,"1_1_1_1_1_2_16_962,231",2019,2019-10-08,281,0.6337578542538451,532544,-16.08235646371483,661478,-8.780790396723104,661478,-7.301566066991781,661478
Jagatsinghpur,JGS,1,"1_1_1_1_1_2_16_963,231",2019,2019-10-08,281,0.6501008334650092,474903,-16.505960586815462,623890,-8.61975162945699,623890,-7.88620895735848,623890
Jagatsinghpur,JGS,1,"1_1_1_1_1_2_16_964,231",2019,2019-10-08,281,0.6869889542555001,408486,-16.658470709435026,543323,-8.63267792964884,543323,-8.02579277978621,543323
Jagatsinghpur,JGS,1,"1_1_1_1_1_2_17_961,226",2019,2019-10-18,291,0.4915286729317866,4905,-16.80054630431391,12383,-7.965423125463714,12383,-8.835123178850099,12383
Jagatsinghpur,JGS,1,"1_1_1_1_1_2_17_959,227",2019,2019-10-18,291,0.7140394270210441,472863,-16.346124916686804,510204,-9.445338154475621,510204,-6.875849933093268,510204
Jagatsinghpur,JGS,1,"1_1_1_1_1_2_17_960,227",2019,2019-10-18,291,0.6979807390379734,372841,-16.43353768787355,432279,-9.583734777200567,432279,-6.836718786084259,432279
Jagatsinghpur,JGS,1,"1_1_1_1_1_2_17_961,227",2019,2019-10-18,291,0.5741997522637984,337990,-17.63243086169742,447583,-8.58362341848086,447583,-9.048807443216598,447583
Jagatsinghpur,JGS,1,"1_1_1_1_1_2_17_962,227",2019,2019-10-18,291,0.5553800000424101,318,-20.104264331855724,786,-11.917036268602839,786,-8.187228063252878,786
Jagatsinghpur,JGS,1,"1_1_1_1_1_2_17_958,228",2019,2019-10-18,291,0.6527968520513014,564817,-16.43455127986392,657750,-9.597439471396353,657750,-6.79989227409289,657750
Jagatsinghpur,JGS,1,"1_1_1_1_1_2_17_959,228",2019,2019-10-18,291,0.6819370604886325,631230,-16.416497271525575,653265,-9.95692767563929,653265,-6.447591670985346,653265
Jagatsinghpur,JGS,1,"1_1_1_1_1_2_17_960,228",2019,2019-10-18,291,0.7073584353503293,649185,-16.539967944192654,693526,-9.874564201969065,693526,-6.65829474805938,693526
Jagatsinghpur,JGS,1,"1_1_1_1_1_2_17_961,228",2019,2019-10-18,291,0.6385641146521546,624984,-17.407749244020717,728813,-8.658207127695965,728813,-8.749542116324676,728813
Jagatsinghpur,JGS,1,"1_1_1_1_1_2_17_962,228",2019,2019-10-18,291,0.5290596172887893,154158,-18.667636587253895,246956,-9.64835777370161,246956,-9.019278813552305,246956
Jagatsinghpur,JGS,1,"1_1_1_1_1_2_17_958,229",2019,2019-10-18,291,0.640887442462488,519814,-16.430728003950698,604467,-9.609202023756014,604467,-6.79361733761598,604467
Jagatsinghpur,JGS,1,"1_1_1_1_1_2_17_959,229",2019,2019-10-18,291,0.6646871781470127,545292,-16.575566080770987,604967,-9.623539606596083,604967,-6.937654751694094,604967
Jagatsinghpur,JGS,1,"1_1_1_1_1_2_17_960,229",2019,2019-10-18,291,0.6659741635690732,682239,-16.22994349961061,733746,-9.318344424622252,733746,-6.901322293513012,733746
Jagatsinghpur,JGS,1,"1_1_1_1_1_2_17_961,229",2019,2019-10-18,291,0.638963532870893,629772,-16.55666120458361,778594,-9.059227612328245,778594,-7.496824638581705,778594
Jagatsinghpur,JGS,1,"1_1_1_1_1_2_17_962,229",2019,2019-10-18,291,0.5711479305953862,393855,-17.40998107709909,513858,-9.122941280794507,513858,-8.287039796304564,513858
Jagatsinghpur,JGS,1,"1_1_1_1_1_2_17_963,229",2019,2019-10-18,291,0.537609749801484,39709,-16.133437230692927,55675,-8.708492514174074,55675,-7.424944716518841,55675
Jagatsinghpur,JGS,1,"1_1_1_1_1_2_17_964,229",2019,2019-10-18,291,,0,,0,,0,,0
Jagatsinghpur,JGS,1,"1_1_1_1_1_2_17_957,230",2019,2019-10-18,291,0.667062778059743,503360,-16.68640472507462,620511,-9.894992690971325,620511,-6.792595939715548,620511
Jagatsinghpur,JGS,1,"1_1_1_1_1_2_17_958,230",2019,2019-10-18,291,0.7020421076924176,510384,-16.823042963158276,574078,-9.638637807227772,574078,-7.186287106052302,574078
Jagatsinghpur,JGS,1,"1_1_1_1_1_2_17_959,230",2019,2019-10-18,291,0.692073892120161,584804,-16.869661366196233,640106,-9.48450107755157,640106,-7.3585029473581525,640106
Jagatsinghpur,JGS,1,"1_1_1_1_1_2_17_960,230",2019,2019-10-18,291,0.6923183255085593,630332,-16.502811178270466,679387,-9.150953721822635,679387,-7.336024084346334,679387
Jagatsinghpur,JGS,1,"1_1_1_1_1_2_17_961,230",2019,2019-10-18,291,0.6914341332765379,599645,-16.7926663469785,712352,-9.242315112597632,712352,-7.548328065324029,712352
Jagatsinghpur,JGS,1,"1_1_1_1_1_2_17_962,230",2019,2019-10-18,291,0.6209750106628181,640587,-16.913073334462883,741892,-8.926779450542025,741892,-7.986293883920835,741892
Jagatsinghpur,JGS,1,"1_1_1_1_1_2_17_963,230",2019,2019-10-18,291,0.5932162986068124,485782,-16.51168304376375,601275,-8.413775938834794,601275,-8.097907104928892,601275
Jagatsinghpur,JGS,1,"1_1_1_1_1_2_17_964,230",2019,2019-10-18,291,0.4344024472970304,55169,-16.642130160461072,125259,-9.440856772936728,125259,-7.201273387524287,125259
Jagatsinghpur,JGS,1,"1_1_1_1_1_2_17_965,230",2019,2019-10-18,291,0.3320780380371109,3723,-18.15592586959744,10328,-11.456628315457191,10328,-6.699297554140203,10328
Jagatsinghpur,JGS,1,"1_1_1_1_1_2_17_957,231",2019,2019-10-18,291,0.6631459246908633,402501,-16.686809236341713,535010,-9.43446363398197,535010,-7.260725581676684,535010
Jagatsinghpur,JGS,1,"1_1_1_1_1_2_17_958,231",2019,2019-10-18,291,0.6830506723001994,591893,-16.795017175430388,649727,-9.49669805636033,649727,-7.291888425924405,649727
Jagatsinghpur,JGS,1,"1_1_1_1_1_2_17_959,231",2019,2019-10-18,291,0.691481705924849,489881,-16.529607921503363,544379,-9.631587444987806,544379,-6.874743995130978,544379
Jagatsinghpur,JGS,1,"1_1_1_1_1_2_17_960,231",2019,2019-10-18,291,0.6551272146175242,467993,-16.11028538519579,525591,-9.05764571015282,525591,-7.033403078062541,525591
Jagatsinghpur,JGS,1,"1_1_1_1_1_2_17_961,231",2019,2019-10-18,291,0.6311465877842467,508435,-16.38532887022266,638601,-9.540120107972735,638601,-6.835700759725039,638601
Jagatsinghpur,JGS,1,"1_1_1_1_1_2_17_962,231",2019,2019-10-18,291,0.5859201475064604,476790,-16.412453758674125,661478,-9.268073630212886,661478,-7.144380128461235,661478
Jagatsinghpur,JGS,1,"1_1_1_1_1_2_17_963,231",2019,2019-10-18,291,0.6130965663662051,561911,-16.60048431158277,623890,-8.901290726456274,623890,-7.6991935851264985,623890
Jagatsinghpur,JGS,1,"1_1_1_1_1_2_17_964,231",2019,2019-10-18,291,0.6006353247484952,424010,-16.416809761005545,543323,-8.474227330920241,543323,-7.942582430085298,543323
Jagatsinghpur,JGS,1,"1_1_1_1_1_2_18_961,226",2019,2019-10-28,301,0.2734893823342939,155,-16.14058781071838,12383,-10.202573395446441,12383,-5.938014415271981,12383
Jagatsinghpur,JGS,1,"1_1_1_1_1_2_18_959,227",2019,2019-10-28,301,0.5209841810617801,509968,-15.592900740251896,510204,-9.279059498224788,510204,-6.313923266815584,510204
Jagatsinghpur,JGS,1,"1_1_1_1_1_2_18_960,227",2019,2019-10-28,301,0.5264842352918998,290346,-15.943918920437486,432279,-9.758288192430502,432279,-6.180699708434942,432279
Jagatsinghpur,JGS,1,"1_1_1_1_1_2_18_961,227",2019,2019-10-28,301,0.3018900368125098,8082,-16.1797700709276,447583,-9.211021802234697,447583,-6.9687482686929245,447583
Jagatsinghpur,JGS,1,"1_1_1_1_1_2_18_962,227",2019,2019-10-28,301,,0,-19.584098147725193,786,-12.23364225967839,786,-7.3504558880468,786
Jagatsinghpur,JGS,1,"1_1_1_1_1_2_18_958,228",2019,2019-10-28,301,0.6317217921652595,657750,-15.679525992424965,657750,-9.608579842970935,657750,-6.072637024685674,657750
Jagatsinghpur,JGS,1,"1_1_1_1_1_2_18_959,228",2019,2019-10-28,301,0.6164722795235918,653160,-15.907243224128573,653265,-9.554110460130074,653265,-6.352435878838218,653265
Jagatsinghpur,JGS,1,"1_1_1_1_1_2_18_960,228",2019,2019-10-28,301,0.672670330852518,609586,-16.109545108282767,693526,-9.42805238894821,693526,-6.668736708018502,693526
Jagatsinghpur,JGS,1,"1_1_1_1_1_2_18_961,228",2019,2019-10-28,301,0.3272766451506406,9467,-16.15776405484864,728813,-8.917317401473097,728813,-7.2404466533755265,728813
Jagatsinghpur,JGS,1,"1_1_1_1_1_2_18_962,228",2019,2019-10-28,301,0.22865391493924347,9534,-18.10754877798898,246956,-9.895800256909427,246956,-8.211748521079572,246956
Jagatsinghpur,JGS,1,"1_1_1_1_1_2_18_958,229",2019,2019-10-28,301,0.6177598919000137,604467,-15.87606903746089,604467,-9.799415526484374,604467,-6.082204514959661,604467
Jagatsinghpur,JGS,1,"1_1_1_1_1_2_18_959,229",2019,2019-10-28,301,0.6388917917889734,604967,-15.818611187919137,604967,-9.286844818950394,604967,-6.536180017712298,604967
Jagatsinghpur,JGS,1,"1_1_1_1_1_2_18_960,229",2019,2019-10-28,301,0.6216660705298215,731015,-16.041232449050298,733746,-8.613016365166493,733746,-7.409459733437643,733746
Jagatsinghpur,JGS,1,"1_1_1_1_1_2_18_961,229",2019,2019-10-28,301,0.7408836100218684,99085,-16.54700438212977,778594,-8.56782589289689,778594,-7.9789058715341366,778594
Jagatsinghpur,JGS,1,"1_1_1_1_1_2_18_962,229",2019,2019-10-28,301,0.2702273719452491,15899,-17.411203492696433,513858,-8.997177435649903,513858,-8.41402605704652,513858
Jagatsinghpur,JGS,1,"1_1_1_1_1_2_18_963,229",2019,2019-10-28,301,0.3112040253214113,2008,-15.901459499343211,55675,-8.69333136282556,55675,-7.20812813651775,55675
Jagatsinghpur,JGS,1,"1_1_1_1_1_2_18_964,229",2019,2019-10-28,301,,0,,0,,0,,0
Jagatsinghpur,JGS,1,"1_1_1_1_1_2_18_957,230",2019,2019-10-28,301,0.6446284024393621,620501,-16.1964353241055,620511,-9.934588219735648,620511,-6.2762208374832005,620511
Jagatsinghpur,JGS,1,"1_1_1_1_1_2_18_958,230",2019,2019-10-28,301,0.6487377783941776,574078,-16.041083334784624,574078,-9.537548639483648,574078,-6.508557375078701,574078
Jagatsinghpur,JGS,1,"1_1_1_1_1_2_18_959,230",2019,2019-10-28,301,0.6483408673433485,640106,-15.917650874604396,640106,-9.013432383781742,640106,-6.899143407265521,640106
Jagatsinghpur,JGS,1,"1_1_1_1_1_2_18_960,230",2019,2019-10-28,301,0.601304609531271,679387,-16.08078955892512,679387,-8.57103021731843,679387,-7.491474784662754,679387
Jagatsinghpur,JGS,1,"1_1_1_1_1_2_18_961,230",2019,2019-10-28,301,0.6562606633783858,262135,-16.413487815150418,712352,-9.162659120552128,712352,-7.248934801076742,712352
Jagatsinghpur,JGS,1,"1_1_1_1_1_2_18_962,230",2019,2019-10-28,301,0.5614401792069894,74888,-16.51255002865463,741892,-9.039525216318257,741892,-7.473024812336337,741892
Jagatsinghpur,JGS,1,"1_1_1_1_1_2_18_963,230",2019,2019-10-28,301,0.362788518821145,8046,-16.0804094517338,601275,-9.043691258606827,601275,-7.036718193126973,601275
Jagatsinghpur,JGS,1,"1_1_1_1_1_2_18_964,230",2019,2019-10-28,301,0.2855386550906687,10135,-16.726583513806798,125259,-9.804383382004891,125259,-6.92220013180193,125259
Jagatsinghpur,JGS,1,"1_1_1_1_1_2_18_965,230",2019,2019-10-28,301,0.2680279747526119,1466,-18.05855344877383,10328,-11.781327303139454,10328,-6.277226145634363,10328
Jagatsinghpur,JGS,1,"1_1_1_1_1_2_18_957,231",2019,2019-10-28,301,0.6507626379575189,535009,-16.18013642674064,535010,-9.54610881573049,535010,-6.647950190544061,535010
Jagatsinghpur,JGS,1,"1_1_1_1_1_2_18_958,231",2019,2019-10-28,301,0.6539265328742798,649231,-16.01998010569226,649727,-9.39301516226233,649727,-6.63390134557051,649727
Jagatsinghpur,JGS,1,"1_1_1_1_1_2_18_959,231",2019,2019-10-28,301,0.6436884128644568,544322,-15.913272600707966,544379,-9.593994157832471,544379,-6.327810232721351,544379
Jagatsinghpur,JGS,1,"1_1_1_1_1_2_18_960,231",2019,2019-10-28,301,0.586057193258872,525078,-15.757088840853248,525591,-9.176744474076502,525591,-6.587798705536631,525591
Jagatsinghpur,JGS,1,"1_1_1_1_1_2_18_961,231",2019,2019-10-28,301,0.5901685884272219,404000,-15.998986094695844,638601,-9.601094805067355,638601,-6.3984296765709425,638601
Jagatsinghpur,JGS,1,"1_1_1_1_1_2_18_962,231",2019,2019-10-28,301,0.371588464841691,63948,-16.13850805412916,661478,-9.732666322441943,661478,-6.405841731687187,661478
Jagatsinghpur,JGS,1,"1_1_1_1_1_2_18_963,231",2019,2019-10-28,301,0.3113913399608873,17335,-16.09787333619034,623890,-9.276283419149989,623890,-6.821589917040358,623890
Jagatsinghpur,JGS,1,"1_1_1_1_1_2_18_964,231",2019,2019-10-28,301,0.37107670271635934,8540,-15.781956809525681,543323,-9.176509372476437,543323,-6.605447437049238,543323
Jagatsinghpur,JGS,1,"1_1_1_1_1_2_19_961,226",2019,2019-11-07,311,0.6915089178791227,12111,-14.300087089265132,12383,-9.843895242655753,12383,-4.456191846609318,12383
Jagatsinghpur,JGS,1,"1_1_1_1_1_2_19_959,227",2019,2019-11-07,311,0.741290651438086,509067,-14.665021597305778,510204,-9.240702775510904,510204,-5.424318821794868,510204
Jagatsinghpur,JGS,1,"1_1_1_1_1_2_19_960,227",2019,2019-11-07,311,0.7101924400032034,427883,-14.585895946128506,432279,-9.436852723988162,432279,-5.149043222140321,432279
Jagatsinghpur,JGS,1,"1_1_1_1_1_2_19_961,227",2019,2019-11-07,311,0.6613617243673251,423255,-14.47566860782842,447583,-9.508326109819599,447583,-4.967342498008806,447583
Jagatsinghpur,JGS,1,"1_1_1_1_1_2_19_962,227",2019,2019-11-07,311,0.5943529448786815,372,-18.52857768702141,786,-12.426690701455257,786,-6.10188698556617,786
Jagatsinghpur,JGS,1,"1_1_1_1_1_2_19_958,228",2019,2019-11-07,311,0.6953722867633183,656153,-14.944414661117188,657750,-9.6697934466341,657750,-5.274621214483073,657750
Jagatsinghpur,JGS,1,"1_1_1_1_1_2_19_959,228",2019,2019-11-07,311,0.708831237739288,652954,-14.925524535908963,653265,-9.343478762445221,653265,-5.582045773463755,653265
Jagatsinghpur,JGS,1,"1_1_1_1_1_2_19_960,228",2019,2019-11-07,311,0.7741523983400384,692387,-14.749071537691467,693526,-9.18637997715113,693526,-5.56269156054036,693526
Jagatsinghpur,JGS,1,"1_1_1_1_1_2_19_961,228",2019,2019-11-07,311,0.7028424985267656,704636,-14.390760305433728,728813,-9.239938982527496,728813,-5.150821322906225,728813
Jagatsinghpur,JGS,1,"1_1_1_1_1_2_19_962,228",2019,2019-11-07,311,0.5711484336968725,178221,-16.85137728217278,246956,-10.466197547152602,246956,-6.385179735020164,246956
Jagatsinghpur,JGS,1,"1_1_1_1_1_2_19_958,229",2019,2019-11-07,311,0.6992149747013414,603616,-15.014210086832541,604467,-9.659374761143239,604467,-5.354835325689303,604467
Jagatsinghpur,JGS,1,"1_1_1_1_1_2_19_959,229",2019,2019-11-07,311,0.7405628820561861,604340,-14.795139032887395,604967,-9.132970626421383,604967,-5.662168406466015,604967
Jagatsinghpur,JGS,1,"1_1_1_1_1_2_19_960,229",2019,2019-11-07,311,0.7470970051171415,732305,-14.415155320170758,733746,-8.75584161477576,733746,-5.659313705395003,733746
Jagatsinghpur,JGS,1,"1_1_1_1_1_2_19_961,229",2019,2019-11-07,311,0.7047991678785657,754116,-14.493627062414866,778594,-9.05333478514266,778594,-5.440292277272234,778594
Jagatsinghpur,JGS,1,"1_1_1_1_1_2_19_962,229",2019,2019-11-07,311,0.623987926719498,445115,-15.62460225675727,513858,-9.659766255744056,513858,-5.964836001013195,513858
Jagatsinghpur,JGS,1,"1_1_1_1_1_2_19_963,229",2019,2019-11-07,311,0.69358168721721,52800,-15.867426334935363,55675,-8.441950422404117,55675,-7.425475912531231,55675
Jagatsinghpur,JGS,1,"1_1_1_1_1_2_19_964,229",2019,2019-11-07,311,,0,,0,,0,,0
Jagatsinghpur,JGS,1,"1_1_1_1_1_2_19_957,230",2019,2019-11-07,311,0.7039079693220334,619440,-15.280311219146153,620511,-9.894534402963574,620511,-5.385776816182551,620511
Jagatsinghpur,JGS,1,"1_1_1_1_1_2_19_958,230",2019,2019-11-07,311,0.7384915545472779,573177,-15.05679254198112,574078,-9.691152517255714,574078,-5.365640024725415,574078
Jagatsinghpur,JGS,1,"1_1_1_1_1_2_19_959,230",2019,2019-11-07,311,0.75145733856805,638782,-14.810920789696464,640106,-9.171335662733664,640106,-5.639585126962727,640106
Jagatsinghpur,JGS,1,"1_1_1_1_1_2_19_960,230",2019,2019-11-07,311,0.7393253067902114,675816,-14.443321694971226,679387,-8.7995812118024,679387,-5.643740483168816,679387
Jagatsinghpur,JGS,1,"1_1_1_1_1_2_19_961,230",2019,2019-11-07,311,0.7622343568743472,710240,-14.753381261030286,712352,-8.927868397950693,712352,-5.825512863079615,712352
Jagatsinghpur,JGS,1,"1_1_1_1_1_2_19_962,230",2019,2019-11-07,311,0.7486421197500596,728579,-14.438588947203282,741892,-9.115678187504459,741892,-5.32291075969883,741892
Jagatsinghpur,JGS,1,"1_1_1_1_1_2_19_963,230",2019,2019-11-07,311,0.74174531051006,578279,-14.211433588681713,601275,-8.547580760486587,601275,-5.663852828195119,601275
Jagatsinghpur,JGS,1,"1_1_1_1_1_2_19_964,230",2019,2019-11-07,311,0.6569155774982721,109878,-16.67316495000285,125259,-9.591474932954746,125259,-7.081690017048093,125259
Jagatsinghpur,JGS,1,"1_1_1_1_1_2_19_965,230",2019,2019-11-07,311,0.4565863994679717,9255,-17.721192978857626,10328,-11.399485115529156,10328,-6.321707863328463,10328
Jagatsinghpur,JGS,1,"1_1_1_1_1_2_19_957,231",2019,2019-11-07,311,0.7114929662331793,534554,-15.387819597245276,535010,-9.672751874444295,535010,-5.715067722800988,535010
Jagatsinghpur,JGS,1,"1_1_1_1_1_2_19_958,231",2019,2019-11-07,311,0.7278005267895583,647881,-15.019279723478864,649727,-9.64589535270292,649727,-5.373384370775934,649727
Jagatsinghpur,JGS,1,"1_1_1_1_1_2_19_959,231",2019,2019-11-07,311,0.7374776758602674,542777,-14.802790645272188,544379,-9.515830206182123,544379,-5.286960439090021,544379
Jagatsinghpur,JGS,1,"1_1_1_1_1_2_19_960,231",2019,2019-11-07,311,0.712171256684964,524376,-14.464490882594133,525591,-8.96075550972016,525591,-5.5037353728740035,525591
Jagatsinghpur,JGS,1,"1_1_1_1_1_2_19_961,231",2019,2019-11-07,311,0.712668815402038,637274,-14.484671749703084,638601,-9.057950453208992,638601,-5.42672129649408,638601
Jagatsinghpur,JGS,1,"1_1_1_1_1_2_19_962,231",2019,2019-11-07,311,0.6951508797100288,658923,-14.381385315868604,661478,-9.237724269194338,661478,-5.143661046674297,661478
Jagatsinghpur,JGS,1,"1_1_1_1_1_2_19_963,231",2019,2019-11-07,311,0.7419206150270035,614612,-13.83096334644157,623890,-9.118769640742734,623890,-4.71219370569883,623890
Jagatsinghpur,JGS,1,"1_1_1_1_1_2_19_964,231",2019,2019-11-07,311,0.6948113439674436,537204,-13.275677942834665,543323,-8.759895757461933,543323,-4.51578218537273,543323
Jagatsinghpur,JGS,1,"1_1_1_1_1_2_20_961,226",2019,2019-11-17,321,0.5948667616253922,12126,-14.651095433970585,12383,-9.913261108989818,12383,-4.737834324980848,12383
Jagatsinghpur,JGS,1,"1_1_1_1_1_2_20_959,227",2019,2019-11-17,321,0.6254519156646039,509832,-15.096857171111795,510204,-9.946727530063518,510204,-5.140638928951173,510204
Jagatsinghpur,JGS,1,"1_1_1_1_1_2_20_960,227",2019,2019-11-17,321,0.610927610056388,429981,-15.14805885221395,432279,-9.991236512632275,432279,-5.150544467383665,432279
Jagatsinghpur,JGS,1,"1_1_1_1_1_2_20_961,227",2019,2019-11-17,321,0.5775801449831894,431284,-14.755669235001166,447583,-10.015443257673837,447583,-4.740225977327296,447583
Jagatsinghpur,JGS,1,"1_1_1_1_1_2_20_962,227",2019,2019-11-17,321,0.5616822813468207,400,-19.353016774574893,786,-13.367242825558163,786,-5.9857739490167186,786
Jagatsinghpur,JGS,1,"1_1_1_1_1_2_20_958,228",2019,2019-11-17,321,0.5951802068354726,657281,-15.6191833557702,657750,-10.45544742935548,657750,-5.157646198658742,657750
Jagatsinghpur,JGS,1,"1_1_1_1_1_2_20_959,228",2019,2019-11-17,321,0.5965417212943772,653194,-15.306188870123147,653265,-9.94084375020837,653265,-5.358688293902859,653265
Jagatsinghpur,JGS,1,"1_1_1_1_1_2_20_960,228",2019,2019-11-17,321,0.6718993302756274,693330,-14.988216840871118,693526,-9.819292685859018,693526,-5.161582375160872,693526
Jagatsinghpur,JGS,1,"1_1_1_1_1_2_20_961,228",2019,2019-11-17,321,0.624619619155413,713879,-14.652128392929349,728813,-9.853703742338308,728813,-4.798424650591071,728813
Jagatsinghpur,JGS,1,"1_1_1_1_1_2_20_962,228",2019,2019-11-17,321,0.5214311283191825,192625,-16.606073727130283,246956,-10.918828439594305,246956,-5.687245287535999,246956
Jagatsinghpur,JGS,1,"1_1_1_1_1_2_20_958,229",2019,2019-11-17,321,0.6069149970081226,604215,-15.764461558213958,604467,-10.405002089906917,604467,-5.35413547708546,604467
Jagatsinghpur,JGS,1,"1_1_1_1_1_2_20_959,229",2019,2019-11-17,321,0.6305661730128714,604922,-15.290834456165157,604967,-9.932720220204697,604967,-5.352425321935867,604967
Jagatsinghpur,JGS,1,"1_1_1_1_1_2_20_960,229",2019,2019-11-17,321,0.660127468603928,733408,-14.530007085219657,733746,-9.247150892977988,733746,-5.275877681924324,733746
Jagatsinghpur,JGS,1,"1_1_1_1_1_2_20_961,229",2019,2019-11-17,321,0.6513565980771427,763008,-14.696772337724706,778594,-9.675182000414193,778594,-5.021132364684795,778594
Jagatsinghpur,JGS,1,"1_1_1_1_1_2_20_962,229",2019,2019-11-17,321,0.5620552925777169,471962,-15.386729474395265,513858,-10.230573181505614,513858,-5.156156292889616,513858
Jagatsinghpur,JGS,1,"1_1_1_1_1_2_20_963,229",2019,2019-11-17,321,0.6433562464289073,54384,-14.810319155630431,55675,-9.272567046409574,55675,-5.5377521092209,55675
Jagatsinghpur,JGS,1,"1_1_1_1_1_2_20_964,229",2019,2019-11-17,321,,0,,0,,0,,0
Jagatsinghpur,JGS,1,"1_1_1_1_1_2_20_957,230",2019,2019-11-17,321,0.6059778922673582,584928,-15.974018454296726,620511,-10.701081829470617,620511,-5.275648681239253,620511
Jagatsinghpur,JGS,1,"1_1_1_1_1_2_20_958,230",2019,2019-11-17,321,0.6452102429458807,573960,-15.58142060788912,574078,-10.406681927920276,574078,-5.1712508406505355,574078
Jagatsinghpur,JGS,1,"1_1_1_1_1_2_20_959,230",2019,2019-11-17,321,0.6562035475491911,639888,-15.216792186930338,640106,-9.91640564819431,640106,-5.294993476343597,640106
Jagatsinghpur,JGS,1,"1_1_1_1_1_2_20_960,230",2019,2019-11-17,321,0.6558085892746085,678531,-14.674997153329452,679387,-9.420193731855885,679387,-5.2505122616778435,679387
Jagatsinghpur,JGS,1,"1_1_1_1_1_2_20_961,230",2019,2019-11-17,321,0.7122498382911009,710832,-15.069573660393607,712352,-9.769903242804887,712352,-5.299681241160615,712352
Jagatsinghpur,JGS,1,"1_1_1_1_1_2_20_962,230",2019,2019-11-17,321,0.6985367153303614,733233,-14.674101462876623,741892,-9.813636783394182,741892,-4.860464679482456,741892
Jagatsinghpur,JGS,1,"1_1_1_1_1_2_20_963,230",2019,2019-11-17,321,0.6858681403554202,584790,-14.234544451241154,601275,-9.187547248587643,601275,-5.046997202653532,601275
Jagatsinghpur,JGS,1,"1_1_1_1_1_2_20_964,230",2019,2019-11-17,321,0.6214378498237936,114606,-16.473713793106253,125259,-10.202473000538571,125259,-6.271240792567684,125259
Jagatsinghpur,JGS,1,"1_1_1_1_1_2_20_965,230",2019,2019-11-17,321,0.49417623110979503,5018,-17.62048634519257,10328,-12.065976277502722,10328,-5.554510067689865,10328
Jagatsinghpur,JGS,1,"1_1_1_1_1_2_20_957,231",2019,2019-11-17,321,0.5970531195136168,508817,-15.962649068393384,535010,-10.492254033767866,535010,-5.480192788544977,535010
Jagatsinghpur,JGS,1,"1_1_1_1_1_2_20_958,231",2019,2019-11-17,321,0.6318432700788658,649236,-15.54760496493154,649727,-10.377532809310344,649727,-5.166090097560581,649727
Jagatsinghpur,JGS,1,"1_1_1_1_1_2_20_959,231",2019,2019-11-17,321,0.6385052255060037,544206,-15.46150969229812,544379,-10.282817552743117,544379,-5.171991588936293,544379
Jagatsinghpur,JGS,1,"1_1_1_1_1_2_20_960,231",2019,2019-11-17,321,0.625009863911941,525065,-14.93684981099726,525591,-9.679440080496624,525591,-5.255596949208278,525591
Jagatsinghpur,JGS,1,"1_1_1_1_1_2_20_961,231",2019,2019-11-17,321,0.6401473059884061,637730,-15.120939043571038,638601,-9.859530101221404,638601,-5.258304347615705,638601
Jagatsinghpur,JGS,1,"1_1_1_1_1_2_20_962,231",2019,2019-11-17,321,0.6444488952152294,660031,-15.187922180563769,661478,-10.03751128598432,661478,-5.150410894579454,661478
Jagatsinghpur,JGS,1,"1_1_1_1_1_2_20_963,231",2019,2019-11-17,321,0.6862928259690684,617599,-14.429971350193354,623890,-9.79085110710811,623890,-4.639120243085201,623890
Jagatsinghpur,JGS,1,"1_1_1_1_1_2_20_964,231",2019,2019-11-17,321,0.6233298006009048,535543,-13.693644691038472,543323,-9.353545863704378,543323,-4.340098827334066,543323
Jagatsinghpur,JGS,1,"1_1_1_1_1_2_21_961,226",2019,2019-11-27,331,0.33343168447005717,11067,-14.67625889288986,12383,-9.340547059213103,12383,-5.335711833676737,12383
Jagatsinghpur,JGS,1,"1_1_1_1_1_2_21_959,227",2019,2019-11-27,331,0.4241420282881557,510199,-15.240938998223285,510204,-9.931397876220991,510204,-5.300398092879113,510204
Jagatsinghpur,JGS,1,"1_1_1_1_1_2_21_960,227",2019,2019-11-27,331,0.4034032114371097,418558,-15.234128729425956,432279,-9.792786597198575,432279,-5.429115797199744,432279
Jagatsinghpur,JGS,1,"1_1_1_1_1_2_21_961,227",2019,2019-11-27,331,0.3546882249030367,323404,-15.094595815767924,447583,-10.064332905057748,447583,-5.030262910710137,447583
Jagatsinghpur,JGS,1,"1_1_1_1_1_2_21_962,227",2019,2019-11-27,331,0.5307991068850282,93,-19.937167288854948,786,-13.286988594281127,786,-6.650178694573813,786
Jagatsinghpur,JGS,1,"1_1_1_1_1_2_21_958,228",2019,2019-11-27,331,0.39926729186386595,657750,-15.98156607721261,657750,-10.609712383201675,657750,-5.361171788467128,657750
Jagatsinghpur,JGS,1,"1_1_1_1_1_2_21_959,228",2019,2019-11-27,331,0.4088118411730101,653265,-15.515903889899704,653265,-9.975400026495766,653265,-5.525459101005407,653265
Jagatsinghpur,JGS,1,"1_1_1_1_1_2_21_960,228",2019,2019-11-27,331,0.4862605859114316,687219,-14.909527775314634,693526,-9.705039830391193,693526,-5.200349878629466,693526
Jagatsinghpur,JGS,1,"1_1_1_1_1_2_21_961,228",2019,2019-11-27,331,0.3810490762344471,529454,-14.853345396163407,728813,-9.6934709367645,728813,-5.159874459398856,728813
Jagatsinghpur,JGS,1,"1_1_1_1_1_2_21_962,228",2019,2019-11-27,331,0.3833095865738044,78129,-17.411317946183473,246956,-11.519094915315147,246956,-5.892223030868373,246956
Jagatsinghpur,JGS,1,"1_1_1_1_1_2_21_958,229",2019,2019-11-27,331,0.4217039320819477,604467,-15.944591000995501,604467,-10.427495243480342,604467,-5.510955674011367,604467
Jagatsinghpur,JGS,1,"1_1_1_1_1_2_21_959,229",2019,2019-11-27,331,0.42701414950284267,604967,-15.469128857481211,604967,-10.042935419924406,604967,-5.4173029988835175,604967
Jagatsinghpur,JGS,1,"1_1_1_1_1_2_21_960,229",2019,2019-11-27,331,0.4578488192142404,733742,-14.405108974425051,733746,-9.175283677940726,733746,-5.224151966226262,733746
Jagatsinghpur,JGS,1,"1_1_1_1_1_2_21_961,229",2019,2019-11-27,331,0.4376060501875028,546347,-14.640477031721614,778594,-9.495571901168315,778594,-5.144865703787855,778594
Jagatsinghpur,JGS,1,"1_1_1_1_1_2_21_962,229",2019,2019-11-27,331,0.3750292788185938,256664,-15.805312536360882,513858,-10.470342058884397,513858,-5.3349704774765385,513858
Jagatsinghpur,JGS,1,"1_1_1_1_1_2_21_963,229",2019,2019-11-27,331,0.49287656180925227,32891,-15.30579552326572,55675,-9.791443151310961,55675,-5.514352371954715,55675
Jagatsinghpur,JGS,1,"1_1_1_1_1_2_21_964,229",2019,2019-11-27,331,,0,,0,,0,,0
Jagatsinghpur,JGS,1,"1_1_1_1_1_2_21_957,230",2019,2019-11-27,331,0.5193393602289147,619255,-16.2206228018233,620511,-10.829805119256632,620511,-5.400250922822331,620511
Jagatsinghpur,JGS,1,"1_1_1_1_1_2_21_958,230",2019,2019-11-27,331,0.46963953366522665,574078,-15.673808688928572,574078,-10.400212973437013,574078,-5.26821787321935,574078
Jagatsinghpur,JGS,1,"1_1_1_1_1_2_21_959,230",2019,2019-11-27,331,0.44883256563475993,640106,-15.388522657436218,640106,-10.11779536101998,640106,-5.262560475970595,640106
Jagatsinghpur,JGS,1,"1_1_1_1_1_2_21_960,230",2019,2019-11-27,331,0.4472781753650273,679387,-14.633487845192985,679387,-9.399837067676554,679387,-5.230492896569153,679387
Jagatsinghpur,JGS,1,"1_1_1_1_1_2_21_961,230",2019,2019-11-27,331,0.4985231375598647,528683,-14.888953367746556,712352,-9.438455349060181,712352,-5.449970315155511,712352
Jagatsinghpur,JGS,1,"1_1_1_1_1_2_21_962,230",2019,2019-11-27,331,0.4300296234191305,421692,-14.580684405516678,741892,-9.403949516227891,741892,-5.176734889288802,741892
Jagatsinghpur,JGS,1,"1_1_1_1_1_2_21_963,230",2019,2019-11-27,331,0.45973149697857757,383755,-14.376201002100803,601275,-9.232157522899225,601275,-5.144043479201524,601275
Jagatsinghpur,JGS,1,"1_1_1_1_1_2_21_964,230",2019,2019-11-27,331,0.5165402132038006,33415,-16.6024111229443,125259,-10.47825132303496,125259,-6.124159799909367,125259
Jagatsinghpur,JGS,1,"1_1_1_1_1_2_21_965,230",2019,2019-11-27,331,0.4678338871451217,1366,-17.462151692794777,10328,-11.48821760544362,10328,-5.973934087351144,10328
Jagatsinghpur,JGS,1,"1_1_1_1_1_2_21_957,231",2019,2019-11-27,331,0.5283764071126298,534448,-16.23672689016153,535010,-10.734292064516804,535010,-5.513902982348328,535010
Jagatsinghpur,JGS,1,"1_1_1_1_1_2_21_958,231",2019,2019-11-27,331,0.476730435045531,649727,-15.747123108707944,649727,-10.553056417276984,649727,-5.195008949186457,649727
Jagatsinghpur,JGS,1,"1_1_1_1_1_2_21_959,231",2019,2019-11-27,331,0.4338553194008455,544379,-15.52478323485871,544379,-10.275171595007096,544379,-5.245491852895606,544379
Jagatsinghpur,JGS,1,"1_1_1_1_1_2_21_960,231",2019,2019-11-27,331,0.44700733073712084,525591,-14.988537598030915,525591,-9.699822277549735,525591,-5.285156830065904,525591
Jagatsinghpur,JGS,1,"1_1_1_1_1_2_21_961,231",2019,2019-11-27,331,0.4604545555518239,549834,-15.1497609421277,638601,-9.889503021454152,638601,-5.256259943749889,638601
Jagatsinghpur,JGS,1,"1_1_1_1_1_2_21_962,231",2019,2019-11-27,331,0.42985696028247244,474616,-15.138710699903852,661478,-9.828520934257684,661478,-5.310189765646141,661478
Jagatsinghpur,JGS,1,"1_1_1_1_1_2_21_963,231",2019,2019-11-27,331,0.4651783164970042,456175,-14.457098857188488,623890,-9.430759736917478,623890,-5.0263391202710235,623890
Jagatsinghpur,JGS,1,"1_1_1_1_1_2_21_964,231",2019,2019-11-27,331,0.40286558428174496,361203,-14.226073979368033,543323,-9.457908066661904,543323,-4.768165912706124,543323
Jagatsinghpur,JGS,1,"1_1_1_1_1_2_22_961,226",2019,2019-12-07,341,0.3210903691502637,11550,-16.26502837837989,12383,-10.908353859478066,12383,-5.35667451890182,12383
Jagatsinghpur,JGS,1,"1_1_1_1_1_2_22_959,227",2019,2019-12-07,341,0.4100101013756024,505235,-15.924500442910979,510204,-10.168354182813058,510204,-5.756146260097908,510204
Jagatsinghpur,JGS,1,"1_1_1_1_1_2_22_960,227",2019,2019-12-07,341,0.3837308186390436,415191,-15.935683257039514,432279,-10.086492566458132,432279,-5.849190690581355,432279
Jagatsinghpur,JGS,1,"1_1_1_1_1_2_22_961,227",2019,2019-12-07,341,0.35181838093834955,366938,-15.917579930429453,447583,-10.525207187955974,447583,-5.392372742473487,447583
Jagatsinghpur,JGS,1,"1_1_1_1_1_2_22_962,227",2019,2019-12-07,341,0.5487615050934457,157,-19.860543180112867,786,-13.31770820563301,786,-6.542834974479857,786
Jagatsinghpur,JGS,1,"1_1_1_1_1_2_22_958,228",2019,2019-12-07,341,0.38308385550802837,656861,-16.783864686751404,657750,-10.87672743522946,657750,-5.907137251521942,657750
Jagatsinghpur,JGS,1,"1_1_1_1_1_2_22_959,228",2019,2019-12-07,341,0.3997063704400161,645776,-16.174880275860254,653265,-10.20951243811829,653265,-5.965367837741993,653265
Jagatsinghpur,JGS,1,"1_1_1_1_1_2_22_960,228",2019,2019-12-07,341,0.45776769714743226,680277,-15.207032821774371,693526,-9.763991805983254,693526,-5.443041015791092,693526
Jagatsinghpur,JGS,1,"1_1_1_1_1_2_22_961,228",2019,2019-12-07,341,0.3621375621893164,631395,-15.463381793068903,728813,-10.071153361889714,728813,-5.392228431179227,728813
Jagatsinghpur,JGS,1,"1_1_1_1_1_2_22_962,228",2019,2019-12-07,341,0.42010626010164887,111610,-17.897923466677486,246956,-11.777099924356895,246956,-6.120823542320573,246956
Jagatsinghpur,JGS,1,"1_1_1_1_1_2_22_958,229",2019,2019-12-07,341,0.4078748746709925,603283,-16.534906906820016,604467,-10.59815866661126,604467,-5.936748240208726,604467
Jagatsinghpur,JGS,1,"1_1_1_1_1_2_22_959,229",2019,2019-12-07,341,0.4053878371286281,597193,-15.936150250344127,604967,-10.168072852813498,604967,-5.768077397530616,604967
Jagatsinghpur,JGS,1,"1_1_1_1_1_2_22_960,229",2019,2019-12-07,341,0.4294878555406079,717534,-14.528037686662651,733746,-9.285172344172016,733746,-5.242865342490643,733746
Jagatsinghpur,JGS,1,"1_1_1_1_1_2_22_961,229",2019,2019-12-07,341,0.3937275732888429,682544,-14.926093739439775,777513,-9.85433418620932,777513,-5.071759553230443,777513
Jagatsinghpur,JGS,1,"1_1_1_1_1_2_22_962,229",2019,2019-12-07,341,0.37616036901470357,339253,-16.517821606101702,513255,-10.960430059415906,513255,-5.557391546685765,513255
Jagatsinghpur,JGS,1,"1_1_1_1_1_2_22_963,229",2019,2019-12-07,341,0.4938748661696239,37464,-16.181336788428084,55675,-10.52718344052543,55675,-5.654153347902644,55675
Jagatsinghpur,JGS,1,"1_1_1_1_1_2_22_964,229",2019,2019-12-07,341,,0,,0,,0,,0
Jagatsinghpur,JGS,1,"1_1_1_1_1_2_22_957,230",2019,2019-12-07,341,0.4012631150069777,591740,-16.6845116264354,620511,-10.866808986621127,620511,-5.8177026398143195,620511
Jagatsinghpur,JGS,1,"1_1_1_1_1_2_22_958,230",2019,2019-12-07,341,0.41152112739134744,572930,-16.122079771612515,574078,-10.486355126984714,574078,-5.635724644627807,574078
Jagatsinghpur,JGS,1,"1_1_1_1_1_2_22_959,230",2019,2019-12-07,341,0.4196863931693369,625504,-15.730771451016356,640106,-10.221441519424472,640106,-5.509329931591884,640106
Jagatsinghpur,JGS,1,"1_1_1_1_1_2_22_960,230",2019,2019-12-07,341,0.41726771087191394,659294,-14.718993313644445,679387,-9.389252632432115,679387,-5.329740681212338,679387
Jagatsinghpur,JGS,1,"1_1_1_1_1_2_22_961,230",2019,2019-12-07,341,0.4364507122202177,677164,-14.8312175892915,712352,-9.491359144855274,712352,-5.3398584444362385,712352
Jagatsinghpur,JGS,1,"1_1_1_1_1_2_22_962,230",2019,2019-12-07,341,0.40085433124932346,670886,-14.754476147887091,741892,-9.685436194279799,741892,-5.069039953607262,741892
Jagatsinghpur,JGS,1,"1_1_1_1_1_2_22_963,230",2019,2019-12-07,341,0.4322870481814489,479633,-14.746213390489489,601275,-9.610730478744658,601275,-5.13548291174479,601275
Jagatsinghpur,JGS,1,"1_1_1_1_1_2_22_964,230",2019,2019-12-07,341,0.5460747445004842,77193,-16.64024508878769,125259,-10.603895500149541,125259,-6.036349588638176,125259
Jagatsinghpur,JGS,1,"1_1_1_1_1_2_22_965,230",2019,2019-12-07,341,0.10017176049675752,2237,-17.822997692976852,10328,-11.479955715970547,10328,-6.343041977006316,10328
Jagatsinghpur,JGS,1,"1_1_1_1_1_2_22_957,231",2019,2019-12-07,341,0.4052897847163603,472826,-16.51825247340663,535010,-10.732773155526704,535010,-5.785479317879926,535010
Jagatsinghpur,JGS,1,"1_1_1_1_1_2_22_958,231",2019,2019-12-07,341,0.39735090783415455,646413,-16.09533675254261,649727,-10.637496372943327,649727,-5.457840379599275,649727
Jagatsinghpur,JGS,1,"1_1_1_1_1_2_22_959,231",2019,2019-12-07,341,0.41016115806357495,534033,-15.890331862827768,544379,-10.38776086403628,544379,-5.502570998791475,544379
Jagatsinghpur,JGS,1,"1_1_1_1_1_2_22_960,231",2019,2019-12-07,341,0.4332963894846567,511463,-15.193363235467567,525591,-9.734045213645993,525591,-5.459318021821579,525591
Jagatsinghpur,JGS,1,"1_1_1_1_1_2_22_961,231",2019,2019-12-07,341,0.4441302283224287,610501,-15.537796420782538,638601,-10.086920402254897,638601,-5.450876018527651,638601
Jagatsinghpur,JGS,1,"1_1_1_1_1_2_22_962,231",2019,2019-12-07,341,0.420116791298162,615342,-15.534487234203814,661478,-10.082755515633261,661478,-5.451731718570517,661478
Jagatsinghpur,JGS,1,"1_1_1_1_1_2_22_963,231",2019,2019-12-07,341,0.4335880568109456,545463,-14.800915979988101,623890,-9.674291270596251,623890,-5.126624709391811,623890
Jagatsinghpur,JGS,1,"1_1_1_1_1_2_22_964,231",2019,2019-12-07,341,0.3785753050546059,438470,-15.10186080843688,543323,-9.992542958565977,543323,-5.1093178498709255,543323
Jagatsinghpur,JGS,1,"1_1_1_1_1_2_23_961,226",2019,2019-12-17,351,0.19294020355278443,4827,-17.575184578159057,12383,-11.711205189111752,12383,-5.863979389047264,12383
Jagatsinghpur,JGS,1,"1_1_1_1_1_2_23_959,227",2019,2019-12-17,351,0.34719262260844913,510200,-16.852576289394356,510204,-10.48492040972787,510204,-6.339156653007738,510204
Jagatsinghpur,JGS,1,"1_1_1_1_1_2_23_960,227",2019,2019-12-17,351,0.3190691408113343,366393,-16.9043974449182,432279,-10.362783429955043,432279,-6.520542648562803,432279
Jagatsinghpur,JGS,1,"1_1_1_1_1_2_23_961,227",2019,2019-12-17,351,0.19661394496961715,46006,-17.094016524980667,447583,-11.133555140788108,447583,-5.960461384192517,447583
Jagatsinghpur,JGS,1,"1_1_1_1_1_2_23_962,227",2019,2019-12-17,351,0.19884875044226646,12,-20.450917693931828,786,-13.655019101824127,786,-6.795898592107676,786
Jagatsinghpur,JGS,1,"1_1_1_1_1_2_23_958,228",2019,2019-12-17,351,0.33503669380263174,657750,-17.481812763564673,657750,-11.022445387061158,657750,-6.4416584249834274,657750
Jagatsinghpur,JGS,1,"1_1_1_1_1_2_23_959,228",2019,2019-12-17,351,0.3307055360855693,653265,-16.82009817280306,653265,-10.29171693562439,653265,-6.503749651266842,653265
Jagatsinghpur,JGS,1,"1_1_1_1_1_2_23_960,228",2019,2019-12-17,351,0.3347872441269395,671377,-15.736916686137109,693526,-9.915846495929035,693526,-5.802755111842903,693526
Jagatsinghpur,JGS,1,"1_1_1_1_1_2_23_961,228",2019,2019-12-17,351,0.21268432474551718,238450,-16.56246705283708,728813,-10.689662992678356,728813,-5.8728040601587645,728813
Jagatsinghpur,JGS,1,"1_1_1_1_1_2_23_962,228",2019,2019-12-17,351,0.19481112857719426,36359,-18.694171543638213,246956,-12.145220372847831,246956,-6.5489511707904295,246956
Jagatsinghpur,JGS,1,"1_1_1_1_1_2_23_958,229",2019,2019-12-17,351,0.3670496046638249,604467,-17.07846426529066,604467,-10.650150885866918,604467,-6.415681659281675,604467
Jagatsinghpur,JGS,1,"1_1_1_1_1_2_23_959,229",2019,2019-12-17,351,0.32969294115519,604967,-16.526503527881825,604967,-10.241583019136357,604967,-6.269414722476519,604967
Jagatsinghpur,JGS,1,"1_1_1_1_1_2_23_960,229",2019,2019-12-17,351,0.33526288261091786,733746,-15.131157426420017,733746,-9.598379724302509,733746,-5.522364190780313,733746
Jagatsinghpur,JGS,1,"1_1_1_1_1_2_23_961,229",2019,2019-12-17,351,0.26014728046284463,363701,-15.840558001559838,778594,-10.539089556141418,778594,-5.301141034602125,778594
Jagatsinghpur,JGS,1,"1_1_1_1_1_2_23_962,229",2019,2019-12-17,351,0.213026728645394,154438,-17.44716945562296,513858,-11.50537995235543,513858,-5.941789503267544,513858
Jagatsinghpur,JGS,1,"1_1_1_1_1_2_23_963,229",2019,2019-12-17,351,0.24798890869937115,6179,-17.103936636551015,55675,-11.109461559580208,55675,-5.99447507697083,55675
Jagatsinghpur,JGS,1,"1_1_1_1_1_2_23_964,229",2019,2019-12-17,351,,0,,0,,0,,0
Jagatsinghpur,JGS,1,"1_1_1_1_1_2_23_957,230",2019,2019-12-17,351,0.3599219051022716,620511,-17.08870978487272,620511,-10.91527249461204,620511,-6.181726633907673,620511
Jagatsinghpur,JGS,1,"1_1_1_1_1_2_23_958,230",2019,2019-12-17,351,0.3580907077362731,574078,-16.70026107138911,574078,-10.582904619482123,574078,-6.107613432834968,574078
Jagatsinghpur,JGS,1,"1_1_1_1_1_2_23_959,230",2019,2019-12-17,351,0.3436852780250034,640106,-16.125813643038942,640106,-10.258551209430312,640106,-5.855408643782987,640106
Jagatsinghpur,JGS,1,"1_1_1_1_1_2_23_960,230",2019,2019-12-17,351,0.33721835598210587,679387,-15.271719609486988,679387,-9.595297221147371,679387,-5.660396752076067,679387
Jagatsinghpur,JGS,1,"1_1_1_1_1_2_23_961,230",2019,2019-12-17,351,0.3148854255856979,382681,-15.543217458324282,712352,-9.972452649861873,712352,-5.568575589095471,712352
Jagatsinghpur,JGS,1,"1_1_1_1_1_2_23_962,230",2019,2019-12-17,351,0.21942746998617982,245052,-15.84892043948676,741892,-10.486600507677167,741892,-5.36231993180962,741892
Jagatsinghpur,JGS,1,"1_1_1_1_1_2_23_963,230",2019,2019-12-17,351,0.23387137973691147,34069,-15.629800901290162,601275,-10.234777533481545,601275,-5.395023367808642,601275
Jagatsinghpur,JGS,1,"1_1_1_1_1_2_23_964,230",2019,2019-12-17,351,0.2622076038308005,603,-17.10415316000331,125259,-10.9902291293583,125259,-6.113924030644991,125259
Jagatsinghpur,JGS,1,"1_1_1_1_1_2_23_965,230",2019,2019-12-17,351,0.48754019538561505,3,-17.82775726799503,10328,-11.662589704799567,10328,-6.165167563195502,10328
Jagatsinghpur,JGS,1,"1_1_1_1_1_2_23_957,231",2019,2019-12-17,351,0.35732129941304014,535010,-16.749665644109427,535010,-10.703676257811415,535010,-6.053516714996097,535010
Jagatsinghpur,JGS,1,"1_1_1_1_1_2_23_958,231",2019,2019-12-17,351,0.3392939078897447,649727,-16.603521622161082,649727,-10.76894889369421,649727,-5.830948049152702,649727
Jagatsinghpur,JGS,1,"1_1_1_1_1_2_23_959,231",2019,2019-12-17,351,0.3572227368123442,544379,-16.531192817255818,544379,-10.517269086721177,544379,-6.0022951100511355,544379
Jagatsinghpur,JGS,1,"1_1_1_1_1_2_23_960,231",2019,2019-12-17,351,0.3773007766736868,525591,-15.723362886033323,525591,-9.913168726991028,525591,-5.795195963215786,525591
Jagatsinghpur,JGS,1,"1_1_1_1_1_2_23_961,231",2019,2019-12-17,351,0.37141289284918044,446915,-16.20648007744972,638601,-10.405205959668782,638601,-5.7894264852148325,638601
Jagatsinghpur,JGS,1,"1_1_1_1_1_2_23_962,231",2019,2019-12-17,351,0.23031548959364448,84845,-16.24748284133979,661478,-10.478674238654136,661478,-5.768808602685592,661478
Jagatsinghpur,JGS,1,"1_1_1_1_1_2_23_963,231",2019,2019-12-17,351,0.25457182036847825,70937,-15.489600858865858,623890,-10.164192090261986,623890,-5.325408768603908,623890
Jagatsinghpur,JGS,1,"1_1_1_1_1_2_23_964,231",2019,2019-12-17,351,0.2888456858668625,46854,-16.01483153386195,543323,-10.48557816305865,543323,-5.529253370803321,543323
Jagatsinghpur,JGS,1,"1_1_1_1_2_0_961,226",2020,2020-05-01,122,0.24071954439473967,11813,,0,,0,,0
Jagatsinghpur,JGS,1,"1_1_1_1_2_0_959,227",2020,2020-05-01,122,0.3782577170308096,509570,-18.407418342868986,510204,-9.803240934555696,510204,-8.604177408313253,510204
Jagatsinghpur,JGS,1,"1_1_1_1_2_0_960,227",2020,2020-05-01,122,0.3630068496222653,426920,-17.61493880531026,300186,-9.399359538456391,300186,-8.215579266853938,300186
Jagatsinghpur,JGS,1,"1_1_1_1_2_0_961,227",2020,2020-05-01,122,0.30267859068450936,429546,,0,,0,,0
Jagatsinghpur,JGS,1,"1_1_1_1_2_0_962,227",2020,2020-05-01,122,0.3851946061156724,275,,0,,0,,0
Jagatsinghpur,JGS,1,"1_1_1_1_2_0_958,228",2020,2020-05-01,122,0.42105187404117705,655979,-16.70003643629418,657750,-8.542991803331306,657750,-8.15704463296285,657750
Jagatsinghpur,JGS,1,"1_1_1_1_2_0_959,228",2020,2020-05-01,122,0.39057825025936793,650354,-16.614117537996595,653265,-7.9643599809289976,653265,-8.649757557067618,653265
Jagatsinghpur,JGS,1,"1_1_1_1_2_0_960,228",2020,2020-05-01,122,0.40563080417319647,690723,-15.82481322992735,563159,-7.710406642706901,563159,-8.114406587220442,563159
Jagatsinghpur,JGS,1,"1_1_1_1_2_0_961,228",2020,2020-05-01,122,0.36426324903322876,605861,,0,,0,,0
Jagatsinghpur,JGS,1,"1_1_1_1_2_0_962,228",2020,2020-05-01,122,0.4136781033476064,99523,,0,,0,,0
Jagatsinghpur,JGS,1,"1_1_1_1_2_0_958,229",2020,2020-05-01,122,0.44585016295196783,603233,-16.142660997847845,604467,-8.437502911667204,604467,-7.705158086180583,604467
Jagatsinghpur,JGS,1,"1_1_1_1_2_0_959,229",2020,2020-05-01,122,0.43094304387954563,602122,-16.310808393026637,604967,-8.172570545243364,604967,-8.138237847783259,604967
Jagatsinghpur,JGS,1,"1_1_1_1_2_0_960,229",2020,2020-05-01,122,0.41735449158062854,722407,-15.411989403621558,719302,-8.066113141932696,719302,-7.345876261688849,719302
Jagatsinghpur,JGS,1,"1_1_1_1_2_0_961,229",2020,2020-05-01,122,0.40044678556313856,518536,-16.336060478269907,25908,-9.315749031124,25908,-7.020311447145907,25908
Jagatsinghpur,JGS,1,"1_1_1_1_2_0_962,229",2020,2020-05-01,122,0.40864959677093005,219596,,0,,0,,0
Jagatsinghpur,JGS,1,"1_1_1_1_2_0_963,229",2020,2020-05-01,122,0.46176393463529597,20702,,0,,0,,0
Jagatsinghpur,JGS,1,"1_1_1_1_2_0_964,229",2020,2020-05-01,122,,0,,0,,0,,0
Jagatsinghpur,JGS,1,"1_1_1_1_2_0_957,230",2020,2020-05-01,122,0.4625306649863648,594546,-16.120800732149522,619405,-8.770987165078562,619405,-7.349813567070929,619405
Jagatsinghpur,JGS,1,"1_1_1_1_2_0_958,230",2020,2020-05-01,122,0.4634150184178599,571867,-16.088239383436473,573025,-8.5911891235603,573025,-7.497050259876127,573025
Jagatsinghpur,JGS,1,"1_1_1_1_2_0_959,230",2020,2020-05-01,122,0.43674190736522783,575684,-15.326349742189073,639089,-8.290230736458087,639089,-7.036119005730972,639089
Jagatsinghpur,JGS,1,"1_1_1_1_2_0_960,230",2020,2020-05-01,122,0.4031472556973302,582968,-15.362975569106743,679365,-8.21154813762725,679365,-7.151427431479483,679365
Jagatsinghpur,JGS,1,"1_1_1_1_2_0_961,230",2020,2020-05-01,122,0.415484240711558,558139,-15.564953258078821,144079,-8.62443856176845,144079,-6.940514696310418,144079
Jagatsinghpur,JGS,1,"1_1_1_1_2_0_962,230",2020,2020-05-01,122,0.4294924045149449,378667,,0,,0,,0
Jagatsinghpur,JGS,1,"1_1_1_1_2_0_963,230",2020,2020-05-01,122,0.4596445998531623,389465,,0,,0,,0
Jagatsinghpur,JGS,1,"1_1_1_1_2_0_964,230",2020,2020-05-01,122,0.5449013194408175,109434,,0,,0,,0
Jagatsinghpur,JGS,1,"1_1_1_1_2_0_965,230",2020,2020-05-01,122,0.3910382580577625,4325,,0,,0,,0
Jagatsinghpur,JGS,1,"1_1_1_1_2_0_957,231",2020,2020-05-01,122,0.4736736967196592,510370,-16.216120088343068,535010,-8.780409704144166,535010,-7.435710384198912,535010
Jagatsinghpur,JGS,1,"1_1_1_1_2_0_958,231",2020,2020-05-01,122,0.4548968225491422,585802,-15.52844343041236,649727,-8.283574057284149,649727,-7.244869373128179,649727
Jagatsinghpur,JGS,1,"1_1_1_1_2_0_959,231",2020,2020-05-01,122,0.4597201554470518,506894,-15.23800487337712,544379,-8.124858925126686,544379,-7.1131459482504615,544379
Jagatsinghpur,JGS,1,"1_1_1_1_2_0_960,231",2020,2020-05-01,122,0.4489747066928024,454012,-15.938380522594377,525591,-8.622537776995808,525591,-7.315842745598569,525591
Jagatsinghpur,JGS,1,"1_1_1_1_2_0_961,231",2020,2020-05-01,122,0.45657233113378376,601007,-15.815215100225494,263210,-8.413611991615651,263210,-7.4016031086098755,263210
Jagatsinghpur,JGS,1,"1_1_1_1_2_0_962,231",2020,2020-05-01,122,0.43847459269806854,653246,,0,,0,,0
Jagatsinghpur,JGS,1,"1_1_1_1_2_0_963,231",2020,2020-05-01,122,0.44758338230394523,605009,,0,,0,,0
Jagatsinghpur,JGS,1,"1_1_1_1_2_0_964,231",2020,2020-05-01,122,0.41990895318321675,484440,,0,,0,,0
Jagatsinghpur,JGS,1,"1_1_1_1_2_1_961,226",2020,2020-05-11,132,0.22112457792361515,12246,-21.486355668089832,12383,-12.76854870699419,12383,-8.717806961095684,12383
Jagatsinghpur,JGS,1,"1_1_1_1_2_1_959,227",2020,2020-05-11,132,0.3551437276776155,510016,-19.424749484323378,510204,-11.578093290437923,510204,-7.846656193885477,510204
Jagatsinghpur,JGS,1,"1_1_1_1_2_1_960,227",2020,2020-05-11,132,0.33612536408373067,431108,-19.30558424652419,432279,-11.621301811185413,432279,-7.684282435338813,432279
Jagatsinghpur,JGS,1,"1_1_1_1_2_1_961,227",2020,2020-05-11,132,0.31604229177463344,444768,-21.08100945590955,447583,-12.769813239111826,447583,-8.311196216797677,447583
Jagatsinghpur,JGS,1,"1_1_1_1_2_1_962,227",2020,2020-05-11,132,0.29825146980238587,778,-20.89917832053897,786,-13.11113259406373,786,-7.788045726475242,786
Jagatsinghpur,JGS,1,"1_1_1_1_2_1_958,228",2020,2020-05-11,132,0.4008198565774171,657291,-18.272407892686445,657750,-11.09572420256145,657750,-7.17668369012501,657750
Jagatsinghpur,JGS,1,"1_1_1_1_2_1_959,228",2020,2020-05-11,132,0.39791460772628057,653217,-18.425032933462955,653265,-11.161841523390192,653265,-7.263191410072675,653265
Jagatsinghpur,JGS,1,"1_1_1_1_2_1_960,228",2020,2020-05-11,132,0.3978485241441724,693273,-17.97649594147055,693526,-11.039868964689367,693526,-6.936626976781142,693526
Jagatsinghpur,JGS,1,"1_1_1_1_2_1_961,228",2020,2020-05-11,132,0.3815295413571533,723147,-19.764410814036328,728813,-12.404806676108882,728813,-7.359604137927506,728813
Jagatsinghpur,JGS,1,"1_1_1_1_2_1_962,228",2020,2020-05-11,132,0.421674928830735,232002,-20.446533300888255,246956,-13.00520584172476,246956,-7.441327459163557,246956
Jagatsinghpur,JGS,1,"1_1_1_1_2_1_958,229",2020,2020-05-11,132,0.4147323875336205,604279,-18.072937070362425,604467,-11.06521333966456,604467,-7.007723730697847,604467
Jagatsinghpur,JGS,1,"1_1_1_1_2_1_959,229",2020,2020-05-11,132,0.40883085053987905,604500,-18.3638912834179,604967,-11.154507621511346,604967,-7.209383661906474,604967
Jagatsinghpur,JGS,1,"1_1_1_1_2_1_960,229",2020,2020-05-11,132,0.3952508633245338,733328,-17.855662356771965,733746,-11.120479774715836,733746,-6.7351825820561375,733746
Jagatsinghpur,JGS,1,"1_1_1_1_2_1_961,229",2020,2020-05-11,132,0.4196592238087423,766544,-18.312839648085316,778594,-11.790241167514678,778594,-6.522598480570678,778594
Jagatsinghpur,JGS,1,"1_1_1_1_2_1_962,229",2020,2020-05-11,132,0.42241753588018494,478317,-19.63628807277473,513858,-12.383871711877907,513858,-7.25241636089683,513858
Jagatsinghpur,JGS,1,"1_1_1_1_2_1_963,229",2020,2020-05-11,132,0.5140747161469922,51183,-17.814850938675622,55675,-10.620457342123197,55675,-7.194393596552384,55675
Jagatsinghpur,JGS,1,"1_1_1_1_2_1_964,229",2020,2020-05-11,132,,0,,0,,0,,0
Jagatsinghpur,JGS,1,"1_1_1_1_2_1_957,230",2020,2020-05-11,132,0.4331353405282076,511269,-17.859705846124466,620511,-11.151181405664563,620511,-6.708524440459888,620511
Jagatsinghpur,JGS,1,"1_1_1_1_2_1_958,230",2020,2020-05-11,132,0.43438285447928193,573902,-18.12358941912394,574078,-11.185191793400962,574078,-6.938397625722927,574078
Jagatsinghpur,JGS,1,"1_1_1_1_2_1_959,230",2020,2020-05-11,132,0.4164223962493596,638635,-17.570934700123082,640106,-10.902982829107048,640106,-6.667951871016048,640106
Jagatsinghpur,JGS,1,"1_1_1_1_2_1_960,230",2020,2020-05-11,132,0.39858372809124515,677107,-17.349691330930135,679387,-10.498719815890775,679387,-6.850971515039346,679387
Jagatsinghpur,JGS,1,"1_1_1_1_2_1_961,230",2020,2020-05-11,132,0.43006912920037377,709146,-17.580445442892238,712352,-11.04768111277027,712352,-6.532764330122004,712352
Jagatsinghpur,JGS,1,"1_1_1_1_2_1_962,230",2020,2020-05-11,132,0.4347074052451103,714936,-17.881333429195397,741892,-11.224973388734554,741892,-6.656360040460825,741892
Jagatsinghpur,JGS,1,"1_1_1_1_2_1_963,230",2020,2020-05-11,132,0.4708340537628901,573602,-17.61099245380545,601275,-10.936548546735253,601275,-6.6744439070701596,601275
Jagatsinghpur,JGS,1,"1_1_1_1_2_1_964,230",2020,2020-05-11,132,0.6193447805422571,120961,-18.04605925922558,125259,-11.959339220990683,125259,-6.0867200382348985,125259
Jagatsinghpur,JGS,1,"1_1_1_1_2_1_965,230",2020,2020-05-11,132,0.4389132671862945,7030,-19.032466007388507,10328,-12.334372903226136,10328,-6.69809310416236,10328
Jagatsinghpur,JGS,1,"1_1_1_1_2_1_957,231",2020,2020-05-11,132,0.45765091768834365,479171,-17.86499251483234,535010,-11.097003765736162,535010,-6.767988749096123,535010
Jagatsinghpur,JGS,1,"1_1_1_1_2_1_958,231",2020,2020-05-11,132,0.42688495039513624,641638,-17.529940211442405,649727,-10.728605444074192,649727,-6.801334767368235,649727
Jagatsinghpur,JGS,1,"1_1_1_1_2_1_959,231",2020,2020-05-11,132,0.44377648948170767,544074,-17.1259575448633,544379,-10.491710346160298,544379,-6.634247198702996,544379
Jagatsinghpur,JGS,1,"1_1_1_1_2_1_960,231",2020,2020-05-11,132,0.4424271909973299,523856,-17.155647117109947,525591,-10.262782362494196,525591,-6.892864754615706,525591
Jagatsinghpur,JGS,1,"1_1_1_1_2_1_961,231",2020,2020-05-11,132,0.44582529449518693,638000,-17.619572690535307,638601,-11.038160578863419,638601,-6.581412111671967,638601
Jagatsinghpur,JGS,1,"1_1_1_1_2_1_962,231",2020,2020-05-11,132,0.44335630768603257,660827,-18.21887258257805,661478,-11.630148029439406,661478,-6.588724553138676,661478
Jagatsinghpur,JGS,1,"1_1_1_1_2_1_963,231",2020,2020-05-11,132,0.4652886039531072,621857,-17.712906413673803,623890,-11.3550153677324,623890,-6.357891045941401,623890
Jagatsinghpur,JGS,1,"1_1_1_1_2_1_964,231",2020,2020-05-11,132,0.4481847106203638,532554,-19.404070015061897,543323,-12.170731321356934,543323,-7.233338693704897,543323
Jagatsinghpur,JGS,1,"1_1_1_1_2_2_961,226",2020,2020-05-21,142,0.20403965362227144,908,-19.783637966675904,12383,-11.884192230000023,12383,-7.899445736675911,12383
Jagatsinghpur,JGS,1,"1_1_1_1_2_2_959,227",2020,2020-05-21,142,0.3454924862776675,418461,-17.34454953233278,510204,-9.92636590040116,510204,-7.3994924892490275,510204
Jagatsinghpur,JGS,1,"1_1_1_1_2_2_960,227",2020,2020-05-21,142,0.2899177264565009,204044,-17.578423800002064,432279,-10.237312713106746,432279,-7.369419224917413,432279
Jagatsinghpur,JGS,1,"1_1_1_1_2_2_961,227",2020,2020-05-21,142,0.17554140177709623,23756,-19.99438547286598,447583,-12.332635828629769,447583,-7.661749644236177,447583
Jagatsinghpur,JGS,1,"1_1_1_1_2_2_962,227",2020,2020-05-21,142,0.2820506691932678,2,-21.124422622456567,786,-13.512762313960621,786,-7.6116603084959165,786
Jagatsinghpur,JGS,1,"1_1_1_1_2_2_958,228",2020,2020-05-21,142,0.39387525189729317,613698,-16.918532515013858,657750,-9.769677286251564,657750,-7.122043669834327,657750
Jagatsinghpur,JGS,1,"1_1_1_1_2_2_959,228",2020,2020-05-21,142,0.3567155720454051,434799,-17.291477617533605,653265,-9.891757045943574,653265,-7.461075441621693,653265
Jagatsinghpur,JGS,1,"1_1_1_1_2_2_960,228",2020,2020-05-21,142,0.35150516374762114,260315,-17.140632033375756,693526,-9.992929249754031,693526,-7.22051887913912,693526
Jagatsinghpur,JGS,1,"1_1_1_1_2_2_961,228",2020,2020-05-21,142,0.04906579131776063,11860,-20.768294690789237,728813,-12.9442639385965,728813,-7.824030752192752,728813
Jagatsinghpur,JGS,1,"1_1_1_1_2_2_962,228",2020,2020-05-21,142,0.0473338163838282,8161,-22.393250476877416,246956,-13.85564587816092,246956,-8.537604598716424,246956
Jagatsinghpur,JGS,1,"1_1_1_1_2_2_958,229",2020,2020-05-21,142,0.4110848480056359,571218,-16.928179738469613,604467,-9.799071627074346,604467,-7.070005107382311,604467
Jagatsinghpur,JGS,1,"1_1_1_1_2_2_959,229",2020,2020-05-21,142,0.4102656342885452,467563,-17.055945605677458,604967,-9.788593353966766,604967,-7.333098486259395,604967
Jagatsinghpur,JGS,1,"1_1_1_1_2_2_960,229",2020,2020-05-21,142,0.3971002505099746,328456,-16.77334961232459,733746,-9.583359717413241,733746,-7.312467526090569,733746
Jagatsinghpur,JGS,1,"1_1_1_1_2_2_961,229",2020,2020-05-21,142,0.35543813951751807,21581,-18.964664424693424,778594,-10.866204186285728,778594,-8.104718230053553,778594
Jagatsinghpur,JGS,1,"1_1_1_1_2_2_962,229",2020,2020-05-21,142,0.007012502406710029,5261,-21.68727312592152,513858,-12.858230868335104,513858,-8.829042257586455,513858
Jagatsinghpur,JGS,1,"1_1_1_1_2_2_963,229",2020,2020-05-21,142,-0.027726493573905567,76,-21.17924997165893,55675,-11.382479527266222,55675,-9.796770444392727,55675
Jagatsinghpur,JGS,1,"1_1_1_1_2_2_964,229",2020,2020-05-21,142,,0,,0,,0,,0
Jagatsinghpur,JGS,1,"1_1_1_1_2_2_957,230",2020,2020-05-21,142,0.4476378121841011,611999,-16.776414050726604,620511,-10.222717200653516,620511,-6.490681340116424,620511
Jagatsinghpur,JGS,1,"1_1_1_1_2_2_958,230",2020,2020-05-21,142,0.4317852499308783,534438,-16.854238767985034,574078,-9.83772246094694,574078,-7.014792025586115,574078
Jagatsinghpur,JGS,1,"1_1_1_1_2_2_959,230",2020,2020-05-21,142,0.4422169441683207,395533,-16.523511066206577,640106,-9.412837359048494,640106,-7.249731207440353,640106
Jagatsinghpur,JGS,1,"1_1_1_1_2_2_960,230",2020,2020-05-21,142,0.42433907893343265,358439,-16.693888212034732,679387,-9.423251511246603,679387,-7.420185428726431,679387
Jagatsinghpur,JGS,1,"1_1_1_1_2_2_961,230",2020,2020-05-21,142,0.4451378963532803,112213,-17.41092766134411,712352,-9.919671767282303,712352,-7.52095788060454,712352
Jagatsinghpur,JGS,1,"1_1_1_1_2_2_962,230",2020,2020-05-21,142,0.04531545303011707,181,-18.95609680553991,741892,-11.00160742523417,741892,-7.954489380305739,741892
Jagatsinghpur,JGS,1,"1_1_1_1_2_2_963,230",2020,2020-05-21,142,0.17899569155770698,42,-19.701790864506542,601275,-11.136370900685318,601275,-8.565419963821226,601275
Jagatsinghpur,JGS,1,"1_1_1_1_2_2_964,230",2020,2020-05-21,142,0.3263670393132515,6797,-18.849434072695725,125259,-11.630189643004702,125259,-7.219244429690991,125259
Jagatsinghpur,JGS,1,"1_1_1_1_2_2_965,230",2020,2020-05-21,142,0.10346392632410467,3843,-20.39797952980595,10328,-13.250876466953668,10328,-7.147103062852312,10328
Jagatsinghpur,JGS,1,"1_1_1_1_2_2_957,231",2020,2020-05-21,142,0.465267176019154,511416,-17.013586464990514,535010,-10.292582468509957,535010,-6.7041117271869695,535010
Jagatsinghpur,JGS,1,"1_1_1_1_2_2_958,231",2020,2020-05-21,142,0.4479650123665944,555497,-16.515837547590138,649727,-9.522601380251443,649727,-7.031134805316568,649727
Jagatsinghpur,JGS,1,"1_1_1_1_2_2_959,231",2020,2020-05-21,142,0.44243713303818627,471432,-16.19870484651562,544379,-9.340629896498571,544379,-6.890672738541787,544379
Jagatsinghpur,JGS,1,"1_1_1_1_2_2_960,231",2020,2020-05-21,142,0.442296192334594,363493,-16.668620220293395,525591,-9.491241191188204,525591,-7.261505882628018,525591
Jagatsinghpur,JGS,1,"1_1_1_1_2_2_961,231",2020,2020-05-21,142,0.44447807270046474,248473,-17.22810790723062,638601,-10.103940277479603,638601,-7.155250639069542,638601
Jagatsinghpur,JGS,1,"1_1_1_1_2_2_962,231",2020,2020-05-21,142,0.34017915959811923,12506,-17.4809085828471,661478,-10.524579836833745,661478,-6.9563287460133045,661478
Jagatsinghpur,JGS,1,"1_1_1_1_2_2_963,231",2020,2020-05-21,142,0.36223672619304936,1388,-17.464039976250092,623890,-10.62951966371286,623890,-6.834520312537189,623890
Jagatsinghpur,JGS,1,"1_1_1_1_2_2_964,231",2020,2020-05-21,142,-0.030352290784393426,1439,-19.644255202687493,543323,-12.518748811256758,543323,-7.125506391430743,543323
Jagatsinghpur,JGS,1,"1_1_1_1_2_3_961,226",2020,2020-05-31,152,0.272469626440662,10174,-18.11733245031443,12383,-10.328448037508585,12383,-7.788884412805897,12383
Jagatsinghpur,JGS,1,"1_1_1_1_2_3_959,227",2020,2020-05-31,152,0.3809057860453542,437886,-17.13449186889092,510204,-9.981854930453729,510204,-7.1526369384372375,510204
Jagatsinghpur,JGS,1,"1_1_1_1_2_3_960,227",2020,2020-05-31,152,0.35434388916660914,346075,-17.219171085597367,432279,-10.053181671437196,432279,-7.16598941416016,432279
Jagatsinghpur,JGS,1,"1_1_1_1_2_3_961,227",2020,2020-05-31,152,0.3279596776977934,268681,-18.00115029143168,447583,-10.522469324816608,447583,-7.478680966615019,447583
Jagatsinghpur,JGS,1,"1_1_1_1_2_3_962,227",2020,2020-05-31,152,0.4266973573041193,111,-21.055930512134303,786,-13.438377576259976,786,-7.6175529358743255,786
Jagatsinghpur,JGS,1,"1_1_1_1_2_3_958,228",2020,2020-05-31,152,0.4318395497619351,617135,-16.247422387155208,657750,-9.43614999163521,657750,-6.811272395519992,657750
Jagatsinghpur,JGS,1,"1_1_1_1_2_3_959,228",2020,2020-05-31,152,0.3949707105188853,577540,-16.518695782373168,653265,-9.477460987084495,653265,-7.041234795288647,653265
Jagatsinghpur,JGS,1,"1_1_1_1_2_3_960,228",2020,2020-05-31,152,0.3562634361951604,492700,-16.384757957891598,693526,-9.614700094753813,693526,-6.7700578631378034,693526
Jagatsinghpur,JGS,1,"1_1_1_1_2_3_961,228",2020,2020-05-31,152,0.3567736663752197,219771,-17.490410994570887,728813,-10.2327725095963,728813,-7.257638484974567,728813
Jagatsinghpur,JGS,1,"1_1_1_1_2_3_962,228",2020,2020-05-31,152,0.43694567782498867,65471,-19.950631544521904,246956,-12.148802352361045,246956,-7.801829192160847,246956
Jagatsinghpur,JGS,1,"1_1_1_1_2_3_958,229",2020,2020-05-31,152,0.44809827869572516,586671,-16.298255569929733,604467,-9.480433822872309,604467,-6.817821747057438,604467
Jagatsinghpur,JGS,1,"1_1_1_1_2_3_959,229",2020,2020-05-31,152,0.43644487408141414,574110,-16.32772559116785,604967,-9.274787956797098,604967,-7.052937634370747,604967
Jagatsinghpur,JGS,1,"1_1_1_1_2_3_960,229",2020,2020-05-31,152,0.416319110500256,649908,-16.17936399205674,733746,-9.51672251579707,733746,-6.66264147625964,733746
Jagatsinghpur,JGS,1,"1_1_1_1_2_3_961,229",2020,2020-05-31,152,0.4192474560487738,338240,-16.231851726315067,778594,-9.497173535958401,778594,-6.734678190356618,778594
Jagatsinghpur,JGS,1,"1_1_1_1_2_3_962,229",2020,2020-05-31,152,0.44327780245749976,143073,-18.659584258517775,513858,-11.121671661270591,513858,-7.5379125972471845,513858
Jagatsinghpur,JGS,1,"1_1_1_1_2_3_963,229",2020,2020-05-31,152,0.4979436621852079,17803,-17.633419224180432,55675,-9.896783881937791,55675,-7.736635342242609,55675
Jagatsinghpur,JGS,1,"1_1_1_1_2_3_964,229",2020,2020-05-31,152,,0,,0,,0,,0
Jagatsinghpur,JGS,1,"1_1_1_1_2_3_957,230",2020,2020-05-31,152,0.4805327480523221,613189,-15.773459005228661,620511,-9.314102663738575,620511,-6.459356341490106,620511
Jagatsinghpur,JGS,1,"1_1_1_1_2_3_958,230",2020,2020-05-31,152,0.4546703036509418,560946,-16.282590141519492,574078,-9.515943948251316,574078,-6.766646193268188,574078
Jagatsinghpur,JGS,1,"1_1_1_1_2_3_959,230",2020,2020-05-31,152,0.4618686521575286,576710,-15.801564181796024,640106,-9.19125883426448,640106,-6.610305347531493,640106
Jagatsinghpur,JGS,1,"1_1_1_1_2_3_960,230",2020,2020-05-31,152,0.44102990749352955,574630,-15.752835922774794,679387,-8.85793566722587,679387,-6.894900255548907,679387
Jagatsinghpur,JGS,1,"1_1_1_1_2_3_961,230",2020,2020-05-31,152,0.47576462534886554,381038,-15.685066718833752,712352,-8.827103150942884,712352,-6.85796356789087,712352
Jagatsinghpur,JGS,1,"1_1_1_1_2_3_962,230",2020,2020-05-31,152,0.429640317523046,253110,-16.240199218012407,741892,-9.445061334889871,741892,-6.795137883122543,741892
Jagatsinghpur,JGS,1,"1_1_1_1_2_3_963,230",2020,2020-05-31,152,0.46465688984224085,176309,-16.914914962101722,601275,-9.248014979609742,601275,-7.666899982491966,601275
Jagatsinghpur,JGS,1,"1_1_1_1_2_3_964,230",2020,2020-05-31,152,0.5073843134918509,82555,-17.34436659098343,125259,-10.786555809969306,125259,-6.557810781014114,125259
Jagatsinghpur,JGS,1,"1_1_1_1_2_3_965,230",2020,2020-05-31,152,0.4816108423924596,4168,-18.367400424470393,10328,-12.097908959371253,10328,-6.2694914650991125,10328
Jagatsinghpur,JGS,1,"1_1_1_1_2_3_957,231",2020,2020-05-31,152,0.49070181522572043,520462,-16.253327779338697,535010,-9.667251409939745,535010,-6.586076369398952,535010
Jagatsinghpur,JGS,1,"1_1_1_1_2_3_958,231",2020,2020-05-31,152,0.4557602913336164,623772,-16.273117495831862,649727,-9.745737966375646,649727,-6.5273795294562715,649727
Jagatsinghpur,JGS,1,"1_1_1_1_2_3_959,231",2020,2020-05-31,152,0.4582265924203633,516389,-16.150483626711058,544379,-9.74359179533716,544379,-6.406891831373858,544379
Jagatsinghpur,JGS,1,"1_1_1_1_2_3_960,231",2020,2020-05-31,152,0.4534870990379487,473298,-16.158158143698845,525591,-9.315188825507663,525591,-6.842969318191151,525591
Jagatsinghpur,JGS,1,"1_1_1_1_2_3_961,231",2020,2020-05-31,152,0.4696785994178077,536667,-15.923946906284172,638601,-9.275959592406819,638601,-6.647987313877322,638601
Jagatsinghpur,JGS,1,"1_1_1_1_2_3_962,231",2020,2020-05-31,152,0.44994323120575114,481613,-15.770810456635315,661478,-9.231082094025366,661478,-6.53972836260989,661478
Jagatsinghpur,JGS,1,"1_1_1_1_2_3_963,231",2020,2020-05-31,152,0.45717182291339353,381274,-15.686999016255369,623890,-9.385601444916283,623890,-6.301397571339125,623890
Jagatsinghpur,JGS,1,"1_1_1_1_2_3_964,231",2020,2020-05-31,152,0.3341230352781537,179822,-17.3966276114317,543323,-10.525617693991352,543323,-6.871009917440372,543323
Jagatsinghpur,JGS,1,"1_1_1_1_2_4_961,226",2020,2020-06-10,162,,0,-17.192672855796907,12383,-9.483543543310878,12383,-7.709129312486077,12383
Jagatsinghpur,JGS,1,"1_1_1_1_2_4_959,227",2020,2020-06-10,162,,0,-16.116483319666692,510204,-9.319295947719027,510204,-6.79718737194765,510204
Jagatsinghpur,JGS,1,"1_1_1_1_2_4_960,227",2020,2020-06-10,162,,0,-16.692860616326133,432279,-9.638542024240289,432279,-7.054318592085831,432279
Jagatsinghpur,JGS,1,"1_1_1_1_2_4_961,227",2020,2020-06-10,162,,0,-17.192757543507675,447583,-9.732044474100562,447583,-7.460713069407127,447583
Jagatsinghpur,JGS,1,"1_1_1_1_2_4_962,227",2020,2020-06-10,162,,0,-19.764059944340417,786,-11.956848817906394,786,-7.807211126433996,786
Jagatsinghpur,JGS,1,"1_1_1_1_2_4_958,228",2020,2020-06-10,162,0.4483049532508654,33713,-16.026305807733035,657750,-9.318592475125577,657750,-6.707713332607463,657750
Jagatsinghpur,JGS,1,"1_1_1_1_2_4_959,228",2020,2020-06-10,162,,0,-15.540769708892011,653265,-8.845080275397228,653265,-6.695689433494818,653265
Jagatsinghpur,JGS,1,"1_1_1_1_2_4_960,228",2020,2020-06-10,162,,0,-15.357689379786715,693526,-8.935673012914894,693526,-6.422016366871796,693526
Jagatsinghpur,JGS,1,"1_1_1_1_2_4_961,228",2020,2020-06-10,162,,0,-18.137278873739636,728813,-10.218951724029328,728813,-7.918327149710294,728813
Jagatsinghpur,JGS,1,"1_1_1_1_2_4_962,228",2020,2020-06-10,162,,0,-19.93915567775641,246956,-11.879221525061883,246956,-8.059934152694415,246956
Jagatsinghpur,JGS,1,"1_1_1_1_2_4_958,229",2020,2020-06-10,162,0.3432930088717287,27747,-16.10950629821107,604467,-9.319170002517906,604467,-6.790336295693167,604467
Jagatsinghpur,JGS,1,"1_1_1_1_2_4_959,229",2020,2020-06-10,162,,0,-16.15010690665647,604967,-9.12920158886358,604967,-7.020905317792894,604967
Jagatsinghpur,JGS,1,"1_1_1_1_2_4_960,229",2020,2020-06-10,162,,0,-15.715798770879198,733746,-9.002690134892125,733746,-6.713108635987088,733746
Jagatsinghpur,JGS,1,"1_1_1_1_2_4_961,229",2020,2020-06-10,162,,0,-16.11719240123119,778594,-8.970111446082349,778594,-7.14708095514886,778594
Jagatsinghpur,JGS,1,"1_1_1_1_2_4_962,229",2020,2020-06-10,162,,0,-18.1871684200846,513858,-10.546667906797767,513858,-7.640500513286911,513858
Jagatsinghpur,JGS,1,"1_1_1_1_2_4_963,229",2020,2020-06-10,162,,0,-17.38060927923142,55675,-9.547633689270365,55675,-7.832975589961147,55675
Jagatsinghpur,JGS,1,"1_1_1_1_2_4_964,229",2020,2020-06-10,162,,0,,0,,0,,0
Jagatsinghpur,JGS,1,"1_1_1_1_2_4_957,230",2020,2020-06-10,162,0.4851834309384437,261860,-15.441550285742759,620511,-9.557430795945894,620511,-5.884119489796864,620511
Jagatsinghpur,JGS,1,"1_1_1_1_2_4_958,230",2020,2020-06-10,162,0.4486932985979879,119369,-15.86917250070418,574078,-9.278730974120313,574078,-6.590441526583882,574078
Jagatsinghpur,JGS,1,"1_1_1_1_2_4_959,230",2020,2020-06-10,162,,0,-16.239567386377246,640106,-8.802369357744801,640106,-7.437198028632463,640106
Jagatsinghpur,JGS,1,"1_1_1_1_2_4_960,230",2020,2020-06-10,162,,0,-16.253445405562832,679387,-8.731856311736088,679387,-7.521589093826697,679387
Jagatsinghpur,JGS,1,"1_1_1_1_2_4_961,230",2020,2020-06-10,162,,0,-15.415211522988912,712352,-8.785940218171763,712352,-6.629271304817126,712352
Jagatsinghpur,JGS,1,"1_1_1_1_2_4_962,230",2020,2020-06-10,162,,0,-16.22992689147814,741892,-9.114900086871398,741892,-7.1150268046067255,741892
Jagatsinghpur,JGS,1,"1_1_1_1_2_4_963,230",2020,2020-06-10,162,,0,-16.372292847378,601275,-8.812239094389039,601275,-7.560053752988951,601275
Jagatsinghpur,JGS,1,"1_1_1_1_2_4_964,230",2020,2020-06-10,162,,0,-16.866187157200475,125259,-10.391167386905826,125259,-6.475019770294623,125259
Jagatsinghpur,JGS,1,"1_1_1_1_2_4_965,230",2020,2020-06-10,162,,0,-19.66598543370077,10328,-11.668900874656071,10328,-7.997084559044742,10328
Jagatsinghpur,JGS,1,"1_1_1_1_2_4_957,231",2020,2020-06-10,162,0.48237949133108887,146523,-16.229121221239176,521927,-9.681498798485203,521927,-6.547622422753982,521927
Jagatsinghpur,JGS,1,"1_1_1_1_2_4_958,231",2020,2020-06-10,162,0.44539671159353544,203319,-15.557765141120607,649727,-8.960212293859728,649727,-6.597552847260886,649727
Jagatsinghpur,JGS,1,"1_1_1_1_2_4_959,231",2020,2020-06-10,162,,0,-15.684242234264847,544379,-9.007915064933497,544379,-6.676327169331354,544379
Jagatsinghpur,JGS,1,"1_1_1_1_2_4_960,231",2020,2020-06-10,162,,0,-15.657101023032373,525591,-8.826973455804346,525591,-6.830127567228011,525591
Jagatsinghpur,JGS,1,"1_1_1_1_2_4_961,231",2020,2020-06-10,162,,0,-15.239519195762538,638601,-8.770105632345793,638601,-6.46941356341672,638601
Jagatsinghpur,JGS,1,"1_1_1_1_2_4_962,231",2020,2020-06-10,162,,0,-15.341579276947382,661478,-8.90071608686373,661478,-6.440863190083621,661478
Jagatsinghpur,JGS,1,"1_1_1_1_2_4_963,231",2020,2020-06-10,162,,0,-15.126257479591471,623890,-8.79375139318592,623890,-6.332506086405581,623890
Jagatsinghpur,JGS,1,"1_1_1_1_2_4_964,231",2020,2020-06-10,162,,0,-16.906323852009944,543323,-9.947802279052794,543323,-6.958521572957174,543323
Jagatsinghpur,JGS,1,"1_1_1_1_2_5_961,226",2020,2020-06-20,172,0.294832449537638,1224,-18.34481969239646,12383,-10.508795029007562,12383,-7.836024663388917,12383
Jagatsinghpur,JGS,1,"1_1_1_1_2_5_959,227",2020,2020-06-20,172,0.360660157611889,122025,-17.09965251964974,510204,-9.815002022536545,510204,-7.28465049711319,510204
Jagatsinghpur,JGS,1,"1_1_1_1_2_5_960,227",2020,2020-06-20,172,0.32924593203164043,35877,-17.300380897329156,432279,-10.01773840107008,432279,-7.2826424962591085,432279
Jagatsinghpur,JGS,1,"1_1_1_1_2_5_961,227",2020,2020-06-20,172,0.3775083895748072,58304,-17.687319138161875,447583,-10.289343131811798,447583,-7.397976006350085,447583
Jagatsinghpur,JGS,1,"1_1_1_1_2_5_962,227",2020,2020-06-20,172,0.1260868993898233,3,-20.327512187093127,786,-13.003158369389379,786,-7.324353817703767,786
Jagatsinghpur,JGS,1,"1_1_1_1_2_5_958,228",2020,2020-06-20,172,0.2961353294146505,28206,-16.41524459655413,657750,-9.463271613426153,657750,-6.9519729831279715,657750
Jagatsinghpur,JGS,1,"1_1_1_1_2_5_959,228",2020,2020-06-20,172,0.34985374439264705,347175,-16.850071065203615,653265,-9.500031013333482,653265,-7.350040051870144,653265
Jagatsinghpur,JGS,1,"1_1_1_1_2_5_960,228",2020,2020-06-20,172,0.3518739376804964,144337,-16.548220686961475,693526,-9.653168396355507,693526,-6.895052290605982,693526
Jagatsinghpur,JGS,1,"1_1_1_1_2_5_961,228",2020,2020-06-20,172,0.31105639326791706,12485,-17.61926429031895,728813,-10.423356123468682,728813,-7.195908166850302,728813
Jagatsinghpur,JGS,1,"1_1_1_1_2_5_962,228",2020,2020-06-20,172,0.45785073537943616,29846,-19.653776113687112,246956,-12.544769880105843,246956,-7.109006233581253,246956
Jagatsinghpur,JGS,1,"1_1_1_1_2_5_958,229",2020,2020-06-20,172,0.390490694013672,31536,-16.425866562533574,604467,-9.513084988993246,604467,-6.912781573540337,604467
Jagatsinghpur,JGS,1,"1_1_1_1_2_5_959,229",2020,2020-06-20,172,0.37913506790107804,114930,-16.59486408806155,604967,-9.334838619559635,604967,-7.2600254685018895,604967
Jagatsinghpur,JGS,1,"1_1_1_1_2_5_960,229",2020,2020-06-20,172,0.3510404926678962,82850,-16.28488095502694,733746,-9.472011074276297,733746,-6.812869880750664,733746
Jagatsinghpur,JGS,1,"1_1_1_1_2_5_961,229",2020,2020-06-20,172,0.44371500582669593,43656,-16.650353008395967,778594,-10.231765289480952,778594,-6.418587718915039,778594
Jagatsinghpur,JGS,1,"1_1_1_1_2_5_962,229",2020,2020-06-20,172,0.39078345028424566,16045,-18.60751660718585,513858,-11.657843656811703,513858,-6.949672950374141,513858
Jagatsinghpur,JGS,1,"1_1_1_1_2_5_963,229",2020,2020-06-20,172,0.521995317342762,21206,-17.03892569935333,55675,-10.741134242424332,55675,-6.297791456929033,55675
Jagatsinghpur,JGS,1,"1_1_1_1_2_5_964,229",2020,2020-06-20,172,,0,,0,,0,,0
Jagatsinghpur,JGS,1,"1_1_1_1_2_5_957,230",2020,2020-06-20,172,0.4221733990865588,84556,-16.167537235229585,620511,-9.8152304121735,620511,-6.352306823056106,620511
Jagatsinghpur,JGS,1,"1_1_1_1_2_5_958,230",2020,2020-06-20,172,0.3885086890969636,27767,-16.138207230848533,574078,-9.337874850987815,574078,-6.800332379860723,574078
Jagatsinghpur,JGS,1,"1_1_1_1_2_5_959,230",2020,2020-06-20,172,0.4410184751942035,37952,-15.967901933251884,640106,-9.100714039834683,640106,-6.867187893417209,640106
Jagatsinghpur,JGS,1,"1_1_1_1_2_5_960,230",2020,2020-06-20,172,0.36847390597512564,23307,-16.323916919323274,679387,-9.209686294982408,679387,-7.114230624340841,679387
Jagatsinghpur,JGS,1,"1_1_1_1_2_5_961,230",2020,2020-06-20,172,0.44871942944474125,82442,-15.968979640582564,712352,-9.748556600116348,712352,-6.220423040466246,712352
Jagatsinghpur,JGS,1,"1_1_1_1_2_5_962,230",2020,2020-06-20,172,0.4272018910409327,51521,-16.784029365537993,741892,-10.183196171088907,741892,-6.600833194449125,741892
Jagatsinghpur,JGS,1,"1_1_1_1_2_5_963,230",2020,2020-06-20,172,0.4986622715876287,127432,-16.66644112977836,601275,-10.047434015240544,601275,-6.619007114537783,601275
Jagatsinghpur,JGS,1,"1_1_1_1_2_5_964,230",2020,2020-06-20,172,0.5350700351125449,60223,-17.387078781910787,125259,-11.525689232848238,125259,-5.861389549062546,125259
Jagatsinghpur,JGS,1,"1_1_1_1_2_5_965,230",2020,2020-06-20,172,0.45267452681812115,4031,-19.385999162250965,10328,-12.104370315409636,10328,-7.281628846841342,10328
Jagatsinghpur,JGS,1,"1_1_1_1_2_5_957,231",2020,2020-06-20,172,0.3214817751929513,2877,-16.263335429741684,535010,-9.650328620128274,535010,-6.613006809613433,535010
Jagatsinghpur,JGS,1,"1_1_1_1_2_5_958,231",2020,2020-06-20,172,0.09669851909239985,426,-15.739009932166649,649727,-9.038262290453403,649727,-6.700747641713226,649727
Jagatsinghpur,JGS,1,"1_1_1_1_2_5_959,231",2020,2020-06-20,172,0.429574708457734,22634,-15.613430962176169,544379,-8.998394254659287,544379,-6.615036707516858,544379
Jagatsinghpur,JGS,1,"1_1_1_1_2_5_960,231",2020,2020-06-20,172,0.46993640859833385,49110,-15.927949899152637,525591,-8.818667426253647,525591,-7.109282472898937,525591
Jagatsinghpur,JGS,1,"1_1_1_1_2_5_961,231",2020,2020-06-20,172,0.4433626233306802,46009,-15.895939832715053,638601,-9.04357930500287,638601,-6.8523605277122215,638601
Jagatsinghpur,JGS,1,"1_1_1_1_2_5_962,231",2020,2020-06-20,172,0.4422540968572511,48897,-16.12627510937704,661478,-9.477319775186508,661478,-6.648955334190547,661478
Jagatsinghpur,JGS,1,"1_1_1_1_2_5_963,231",2020,2020-06-20,172,0.4201623144084899,26697,-15.885669591998692,623890,-9.617459838143763,623890,-6.268209753855023,623890
Jagatsinghpur,JGS,1,"1_1_1_1_2_5_964,231",2020,2020-06-20,172,0.34598877851260734,44739,-17.27582998557096,543323,-10.858899877193776,543323,-6.416930108377187,543323
Jagatsinghpur,JGS,1,"1_1_1_1_2_6_961,226",2020,2020-06-30,182,0.2591633588055253,731,-16.90262208192579,12383,-9.628282797696746,12383,-7.274339284229095,12383
Jagatsinghpur,JGS,1,"1_1_1_1_2_6_959,227",2020,2020-06-30,182,0.3966510884875167,396502,-16.966055384841102,510204,-9.91855287058296,510204,-7.047502514258183,510204
Jagatsinghpur,JGS,1,"1_1_1_1_2_6_960,227",2020,2020-06-30,182,0.3817401727535676,203847,-16.7871082545322,432279,-9.767519274372418,432279,-7.0195889801598,432279
Jagatsinghpur,JGS,1,"1_1_1_1_2_6_961,227",2020,2020-06-30,182,0.40889433031112643,11477,-16.91945188507207,447583,-9.66212585846129,447583,-7.257326026610827,447583
Jagatsinghpur,JGS,1,"1_1_1_1_2_6_962,227",2020,2020-06-30,182,,0,-20.508348595524737,786,-12.65153468460853,786,-7.8568139109162,786
Jagatsinghpur,JGS,1,"1_1_1_1_2_6_958,228",2020,2020-06-30,182,0.41453161027897584,483692,-16.61021988723296,657750,-9.672767809721687,657750,-6.9374520775113,657750
Jagatsinghpur,JGS,1,"1_1_1_1_2_6_959,228",2020,2020-06-30,182,0.3586416409626012,410703,-16.85357722146517,653265,-9.600323345430168,653265,-7.253253876035013,653265
Jagatsinghpur,JGS,1,"1_1_1_1_2_6_960,228",2020,2020-06-30,182,0.3830442997069701,348516,-16.301170343022424,693526,-9.479411214936901,693526,-6.821759128085497,693526
Jagatsinghpur,JGS,1,"1_1_1_1_2_6_961,228",2020,2020-06-30,182,0.4385302204837407,24941,-18.270947924506654,728813,-10.365482188069345,728813,-7.905465736437318,728813
Jagatsinghpur,JGS,1,"1_1_1_1_2_6_962,228",2020,2020-06-30,182,0.47360592344955205,35659,-20.07023125298138,246956,-12.211444881438801,246956,-7.858786371542581,246956
Jagatsinghpur,JGS,1,"1_1_1_1_2_6_958,229",2020,2020-06-30,182,0.4553722418806525,492085,-16.418779024291975,604467,-9.3875883899033,604467,-7.031190634388654,604467
Jagatsinghpur,JGS,1,"1_1_1_1_2_6_959,229",2020,2020-06-30,182,0.4102131240669694,412587,-17.20395794225386,604967,-9.439189997798566,604967,-7.764767944455341,604967
Jagatsinghpur,JGS,1,"1_1_1_1_2_6_960,229",2020,2020-06-30,182,0.4182200374336591,337581,-16.77815215815016,733746,-9.469201506919045,733746,-7.308950651231097,733746
Jagatsinghpur,JGS,1,"1_1_1_1_2_6_961,229",2020,2020-06-30,182,0.4963392038649402,48233,-18.75640252650775,778594,-10.187058659419794,778594,-8.5693438670879,778594
Jagatsinghpur,JGS,1,"1_1_1_1_2_6_962,229",2020,2020-06-30,182,0.3504287690401691,2044,-20.517616835442375,513858,-11.479446063835754,513858,-9.038170771606595,513858
Jagatsinghpur,JGS,1,"1_1_1_1_2_6_963,229",2020,2020-06-30,182,0.48508066748225104,2484,-18.178683854056597,55675,-9.84695965986301,55675,-8.331724194193585,55675
Jagatsinghpur,JGS,1,"1_1_1_1_2_6_964,229",2020,2020-06-30,182,,0,,0,,0,,0
Jagatsinghpur,JGS,1,"1_1_1_1_2_6_957,230",2020,2020-06-30,182,0.4987058205507301,596140,-16.345426507365246,620511,-9.862003996458366,620511,-6.483422510906879,620511
Jagatsinghpur,JGS,1,"1_1_1_1_2_6_958,230",2020,2020-06-30,182,0.4858926370871504,383907,-16.659481573832547,574078,-9.307740769417837,574078,-7.351740804414711,574078
Jagatsinghpur,JGS,1,"1_1_1_1_2_6_959,230",2020,2020-06-30,182,0.4530098919517134,268435,-17.240626551492415,640106,-9.168489249669497,640106,-8.07213730182292,640106
Jagatsinghpur,JGS,1,"1_1_1_1_2_6_960,230",2020,2020-06-30,182,0.42243809813950545,355948,-17.1516540667097,679387,-9.270817185796108,679387,-7.880836880913554,679387
Jagatsinghpur,JGS,1,"1_1_1_1_2_6_961,230",2020,2020-06-30,182,0.4646232742332886,123667,-17.143212344831536,712352,-9.507917877350952,712352,-7.6352944674805725,712352
Jagatsinghpur,JGS,1,"1_1_1_1_2_6_962,230",2020,2020-06-30,182,0.39136604395528224,24422,-17.233636594639936,741892,-10.232602588434977,741892,-7.001034006204997,741892
Jagatsinghpur,JGS,1,"1_1_1_1_2_6_963,230",2020,2020-06-30,182,0.4380555242411321,27745,-17.26551650289428,601275,-10.135276808455346,601275,-7.130239694439009,601275
Jagatsinghpur,JGS,1,"1_1_1_1_2_6_964,230",2020,2020-06-30,182,0.4961114954944266,19727,-17.23902301283195,125259,-10.61672235689331,125259,-6.622300655938676,125259
Jagatsinghpur,JGS,1,"1_1_1_1_2_6_965,230",2020,2020-06-30,182,0.5028961885596093,4378,-18.882730062146805,10328,-11.770726317779397,10328,-7.112003744367345,10328
Jagatsinghpur,JGS,1,"1_1_1_1_2_6_957,231",2020,2020-06-30,182,0.4916062803240226,462418,-16.35641817948398,535010,-9.530380672692806,535010,-6.826037506791182,535010
Jagatsinghpur,JGS,1,"1_1_1_1_2_6_958,231",2020,2020-06-30,182,0.46472746818452426,370766,-16.37346506823162,649727,-9.185982422640691,649727,-7.187482645590938,649727
Jagatsinghpur,JGS,1,"1_1_1_1_2_6_959,231",2020,2020-06-30,182,0.47899706326899105,339132,-15.945075148683783,544379,-8.860997255291354,544379,-7.084077893392428,544379
Jagatsinghpur,JGS,1,"1_1_1_1_2_6_960,231",2020,2020-06-30,182,0.4630121273534689,276379,-16.456561966640788,525591,-8.968564253689095,525591,-7.487997712951714,525591
Jagatsinghpur,JGS,1,"1_1_1_1_2_6_961,231",2020,2020-06-30,182,0.41422075567775407,268286,-16.852853650108834,638601,-9.597948581928394,638601,-7.254905068180403,638601
Jagatsinghpur,JGS,1,"1_1_1_1_2_6_962,231",2020,2020-06-30,182,0.4017779945258814,133315,-16.551410348946785,661478,-9.69379051627702,661478,-6.857619832669774,661478
Jagatsinghpur,JGS,1,"1_1_1_1_2_6_963,231",2020,2020-06-30,182,0.48033937195972426,49465,-16.158023185733523,623890,-9.469478004277157,623890,-6.688545181456387,623890
Jagatsinghpur,JGS,1,"1_1_1_1_2_6_964,231",2020,2020-06-30,182,0.3864594660128477,106990,-17.598331205696063,543323,-10.610581357529343,543323,-6.98774984816675,543323
Jagatsinghpur,JGS,1,"1_1_1_1_2_7_961,226",2020,2020-07-10,192,0.4092390056076914,8856,,0,,0,,0
Jagatsinghpur,JGS,1,"1_1_1_1_2_7_959,227",2020,2020-07-10,192,0.503960918365824,406771,-14.785408228213543,510204,-7.793648682099339,510204,-6.991759546114168,510204
Jagatsinghpur,JGS,1,"1_1_1_1_2_7_960,227",2020,2020-07-10,192,0.5103403644419089,342715,-14.970394901810078,300292,-7.982987423987783,300292,-6.987407477822265,300292
Jagatsinghpur,JGS,1,"1_1_1_1_2_7_961,227",2020,2020-07-10,192,0.4541543920862211,309951,,0,,0,,0
Jagatsinghpur,JGS,1,"1_1_1_1_2_7_962,227",2020,2020-07-10,192,0.4823623631488193,44,,0,,0,,0
Jagatsinghpur,JGS,1,"1_1_1_1_2_7_958,228",2020,2020-07-10,192,0.4528428117699265,530432,-15.123948745237263,657750,-8.482598629283897,657750,-6.64135011595336,657750
Jagatsinghpur,JGS,1,"1_1_1_1_2_7_959,228",2020,2020-07-10,192,0.43411044766074486,539041,-14.923816529621432,653265,-7.728654871174707,653265,-7.195161658446744,653265
Jagatsinghpur,JGS,1,"1_1_1_1_2_7_960,228",2020,2020-07-10,192,0.46576277614637857,578716,-14.656810035801817,563307,-7.834158744287285,563307,-6.822651291514546,563307
Jagatsinghpur,JGS,1,"1_1_1_1_2_7_961,228",2020,2020-07-10,192,0.44896058218327933,317093,,0,,0,,0
Jagatsinghpur,JGS,1,"1_1_1_1_2_7_962,228",2020,2020-07-10,192,0.5687926506012305,118046,,0,,0,,0
Jagatsinghpur,JGS,1,"1_1_1_1_2_7_958,229",2020,2020-07-10,192,0.4716844369473208,393252,-15.377033046561623,604467,-8.58798403888289,604467,-6.789049007678727,604467
Jagatsinghpur,JGS,1,"1_1_1_1_2_7_959,229",2020,2020-07-10,192,0.3566715425052604,382843,-17.096767611028202,604967,-9.759062974977605,604967,-7.337704636050581,604967
Jagatsinghpur,JGS,1,"1_1_1_1_2_7_960,229",2020,2020-07-10,192,0.3495332949121936,510673,-16.618205251304527,719464,-9.698284252091458,719464,-6.9199209992129855,719464
Jagatsinghpur,JGS,1,"1_1_1_1_2_7_961,229",2020,2020-07-10,192,0.45027370863465077,343957,-18.43437154712739,25962,-11.72484730875671,25962,-6.70952423837062,25962
Jagatsinghpur,JGS,1,"1_1_1_1_2_7_962,229",2020,2020-07-10,192,0.5308608472243221,217845,,0,,0,,0
Jagatsinghpur,JGS,1,"1_1_1_1_2_7_963,229",2020,2020-07-10,192,0.5723659226600998,39557,,0,,0,,0
Jagatsinghpur,JGS,1,"1_1_1_1_2_7_964,229",2020,2020-07-10,192,,0,,0,,0,,0
Jagatsinghpur,JGS,1,"1_1_1_1_2_7_957,230",2020,2020-07-10,192,0.4979203939689277,297442,-15.61558754461688,619369,-9.130947662269786,619369,-6.48463988234709,619369
Jagatsinghpur,JGS,1,"1_1_1_1_2_7_958,230",2020,2020-07-10,192,0.4317062688472992,289817,-17.40130115999955,573117,-10.336272667084366,573117,-7.065028492915239,573117
Jagatsinghpur,JGS,1,"1_1_1_1_2_7_959,230",2020,2020-07-10,192,0.2675301011742683,302622,-19.31486827462488,639163,-11.890383682726256,639163,-7.424484591898556,639163
Jagatsinghpur,JGS,1,"1_1_1_1_2_7_960,230",2020,2020-07-10,192,0.24691333056432918,456154,-18.798618762281816,679367,-11.813805360467958,679367,-6.984813401813881,679367
Jagatsinghpur,JGS,1,"1_1_1_1_2_7_961,230",2020,2020-07-10,192,0.3768667939822436,396263,-18.031109924544896,144202,-11.321915201424199,144202,-6.709194723120718,144202
Jagatsinghpur,JGS,1,"1_1_1_1_2_7_962,230",2020,2020-07-10,192,0.5080674605539875,310074,,0,,0,,0
Jagatsinghpur,JGS,1,"1_1_1_1_2_7_963,230",2020,2020-07-10,192,0.4920279111237877,254555,,0,,0,,0
Jagatsinghpur,JGS,1,"1_1_1_1_2_7_964,230",2020,2020-07-10,192,0.592958653135964,78747,,0,,0,,0
Jagatsinghpur,JGS,1,"1_1_1_1_2_7_965,230",2020,2020-07-10,192,0.5846158917918904,6775,,0,,0,,0
Jagatsinghpur,JGS,1,"1_1_1_1_2_7_957,231",2020,2020-07-10,192,0.47160802608567,166500,-15.423539738076698,535010,-8.48868427675471,535010,-6.934855461321996,535010
Jagatsinghpur,JGS,1,"1_1_1_1_2_7_958,231",2020,2020-07-10,192,0.41763309680687255,357570,-16.74546782717332,649727,-9.741135531814002,649727,-7.004332295359314,649727
Jagatsinghpur,JGS,1,"1_1_1_1_2_7_959,231",2020,2020-07-10,192,0.48989324848564414,324394,-16.05328913745986,544379,-8.997413511700453,544379,-7.055875625759445,544379
Jagatsinghpur,JGS,1,"1_1_1_1_2_7_960,231",2020,2020-07-10,192,0.5152094812793946,329410,-16.33356241505144,525591,-9.118072978158711,525591,-7.215489436892745,525591
Jagatsinghpur,JGS,1,"1_1_1_1_2_7_961,231",2020,2020-07-10,192,0.5031058275118961,458944,-15.738641842313314,263373,-8.55984397082356,263373,-7.178797871489733,263373
Jagatsinghpur,JGS,1,"1_1_1_1_2_7_962,231",2020,2020-07-10,192,0.5419376316139448,367675,,0,,0,,0
Jagatsinghpur,JGS,1,"1_1_1_1_2_7_963,231",2020,2020-07-10,192,0.5058324689647501,275349,,0,,0,,0
Jagatsinghpur,JGS,1,"1_1_1_1_2_7_964,231",2020,2020-07-10,192,0.5029014035652202,177242,,0,,0,,0
Jagatsinghpur,JGS,1,"1_1_1_1_2_8_961,226",2020,2020-07-20,202,,0,-18.472957601461538,12383,-11.065341662718016,12383,-7.4076159387435005,12383
Jagatsinghpur,JGS,1,"1_1_1_1_2_8_959,227",2020,2020-07-20,202,0.47992331779063396,331859,-16.75662707607897,510204,-10.045654716318447,510204,-6.71097235976051,510204
Jagatsinghpur,JGS,1,"1_1_1_1_2_8_960,227",2020,2020-07-20,202,0.4662032610380599,182363,-16.77988752033517,432279,-10.083527201173979,432279,-6.696360319161155,432279
Jagatsinghpur,JGS,1,"1_1_1_1_2_8_961,227",2020,2020-07-20,202,,0,-17.64358846129735,447583,-10.78712285281409,447583,-6.856465608483235,447583
Jagatsinghpur,JGS,1,"1_1_1_1_2_8_962,227",2020,2020-07-20,202,,0,-19.930509664638002,786,-13.037299201842163,786,-6.893210462795827,786
Jagatsinghpur,JGS,1,"1_1_1_1_2_8_958,228",2020,2020-07-20,202,0.42647433177260485,292597,-17.393253302209203,657750,-10.389593716388896,657750,-7.003659585820337,657750
Jagatsinghpur,JGS,1,"1_1_1_1_2_8_959,228",2020,2020-07-20,202,0.3964252148134553,316215,-17.296015722878227,653265,-10.235391235523002,653265,-7.060624487355296,653265
Jagatsinghpur,JGS,1,"1_1_1_1_2_8_960,228",2020,2020-07-20,202,0.4336443555173348,244131,-16.73121726723112,693526,-10.293172288073878,693526,-6.4380449791572625,693526
Jagatsinghpur,JGS,1,"1_1_1_1_2_8_961,228",2020,2020-07-20,202,0.42795605816269233,4876,-17.75794700577441,728813,-10.70473199905293,728813,-7.053215006721474,728813
Jagatsinghpur,JGS,1,"1_1_1_1_2_8_962,228",2020,2020-07-20,202,,0,-19.49342709996546,246956,-12.600431430330428,246956,-6.8929956696350025,246956
Jagatsinghpur,JGS,1,"1_1_1_1_2_8_958,229",2020,2020-07-20,202,0.4678680602310843,290707,-17.377149691143693,604467,-10.521884588154162,604467,-6.855265102989569,604467
Jagatsinghpur,JGS,1,"1_1_1_1_2_8_959,229",2020,2020-07-20,202,0.37845068621842837,196327,-18.571038227647723,604967,-10.614184929926525,604967,-7.95685329772115,604967
Jagatsinghpur,JGS,1,"1_1_1_1_2_8_960,229",2020,2020-07-20,202,0.3690768526195029,306885,-17.764898445212342,733746,-10.247676692678828,733746,-7.517221752533546,733746
Jagatsinghpur,JGS,1,"1_1_1_1_2_8_961,229",2020,2020-07-20,202,0.43725607872752875,25124,-18.639082101274028,778594,-11.36136784514415,778594,-7.277714256129847,778594
Jagatsinghpur,JGS,1,"1_1_1_1_2_8_962,229",2020,2020-07-20,202,,0,-19.724959790499508,513858,-12.136903858909074,513858,-7.588055931590465,513858
Jagatsinghpur,JGS,1,"1_1_1_1_2_8_963,229",2020,2020-07-20,202,,0,-17.551048405542666,55675,-10.459646221455909,55675,-7.091402184086728,55675
Jagatsinghpur,JGS,1,"1_1_1_1_2_8_964,229",2020,2020-07-20,202,,0,,0,,0,,0
Jagatsinghpur,JGS,1,"1_1_1_1_2_8_957,230",2020,2020-07-20,202,0.4720234082563299,351831,-17.338604459711615,620511,-10.510932858303105,620511,-6.827671601408492,620511
Jagatsinghpur,JGS,1,"1_1_1_1_2_8_958,230",2020,2020-07-20,202,0.45765784847588914,235188,-18.032442483520104,574078,-10.560139759499934,574078,-7.4723027240201025,574078
Jagatsinghpur,JGS,1,"1_1_1_1_2_8_959,230",2020,2020-07-20,202,0.39592862304782855,111323,-19.034249371205714,640106,-11.003196910031239,640106,-8.031052461174397,640106
Jagatsinghpur,JGS,1,"1_1_1_1_2_8_960,230",2020,2020-07-20,202,0.42127742954302505,127884,-19.230430124883156,679387,-11.312745431881906,679387,-7.917684693001264,679387
Jagatsinghpur,JGS,1,"1_1_1_1_2_8_961,230",2020,2020-07-20,202,0.4734517251369446,74156,-18.442086425122746,712352,-11.092922029944976,712352,-7.349164395177709,712352
Jagatsinghpur,JGS,1,"1_1_1_1_2_8_962,230",2020,2020-07-20,202,,0,-18.083263459568574,741892,-10.662421673266493,741892,-7.420841786302105,741892
Jagatsinghpur,JGS,1,"1_1_1_1_2_8_963,230",2020,2020-07-20,202,,0,-18.43664627996517,601275,-10.66228249152563,601275,-7.774363788439525,601275
Jagatsinghpur,JGS,1,"1_1_1_1_2_8_964,230",2020,2020-07-20,202,,0,-17.396566517812392,125259,-10.740037554168815,125259,-6.656528963643522,125259
Jagatsinghpur,JGS,1,"1_1_1_1_2_8_965,230",2020,2020-07-20,202,,0,-18.17447034811152,10328,-12.155967218510307,10328,-6.018503129601184,10328
Jagatsinghpur,JGS,1,"1_1_1_1_2_8_957,231",2020,2020-07-20,202,0.49098298132521506,248355,-17.945299993376835,535010,-10.978406812183438,535010,-6.966893181193351,535010
Jagatsinghpur,JGS,1,"1_1_1_1_2_8_958,231",2020,2020-07-20,202,0.45798570811393735,244655,-18.316646191298968,649727,-10.919350529894768,649727,-7.397295661404208,649727
Jagatsinghpur,JGS,1,"1_1_1_1_2_8_959,231",2020,2020-07-20,202,0.47687838550128514,209509,-17.573607238602516,544379,-10.438711504262384,544379,-7.134895734340137,544379
Jagatsinghpur,JGS,1,"1_1_1_1_2_8_960,231",2020,2020-07-20,202,0.47105780761390903,271896,-17.4823442276812,525591,-10.203473430412403,525591,-7.2788707972687785,525591
Jagatsinghpur,JGS,1,"1_1_1_1_2_8_961,231",2020,2020-07-20,202,0.44579914611933913,319176,-17.055560451625574,638601,-10.133006730856911,638601,-6.9225537207687005,638601
Jagatsinghpur,JGS,1,"1_1_1_1_2_8_962,231",2020,2020-07-20,202,,0,-16.909261408532334,661478,-10.047899421342043,661478,-6.861361987190296,661478
Jagatsinghpur,JGS,1,"1_1_1_1_2_8_963,231",2020,2020-07-20,202,,0,-17.157449032169968,623890,-10.018472377845358,623890,-7.138976654324589,623890
Jagatsinghpur,JGS,1,"1_1_1_1_2_8_964,231",2020,2020-07-20,202,,0,-17.986044537449775,543323,-10.855321314780799,543323,-7.1307232226689825,543323
Jagatsinghpur,JGS,1,"1_1_1_1_2_9_961,226",2020,2020-07-30,212,0.23041292852598186,977,-18.232613338330108,12383,-10.015769667527612,12383,-8.21684367080243,12383
Jagatsinghpur,JGS,1,"1_1_1_1_2_9_959,227",2020,2020-07-30,212,0.4395207465265818,361166,-18.92337970277509,510204,-12.082977699329323,510204,-6.840402003445758,510204
Jagatsinghpur,JGS,1,"1_1_1_1_2_9_960,227",2020,2020-07-30,212,0.3983870159861027,299151,-18.24651157235936,432279,-11.686473964665781,432279,-6.560037607693566,432279
Jagatsinghpur,JGS,1,"1_1_1_1_2_9_961,227",2020,2020-07-30,212,0.3364652400705953,225715,-17.701300899036177,447583,-11.032931307809656,447583,-6.66836959122647,447583
Jagatsinghpur,JGS,1,"1_1_1_1_2_9_962,227",2020,2020-07-30,212,0.25604250095784664,2,-20.575151845028046,786,-13.43524914987727,786,-7.139902695150781,786
Jagatsinghpur,JGS,1,"1_1_1_1_2_9_958,228",2020,2020-07-30,212,0.39006514329939973,364989,-19.17485392561883,657750,-11.96866455340717,657750,-7.206189372211664,657750
Jagatsinghpur,JGS,1,"1_1_1_1_2_9_959,228",2020,2020-07-30,212,0.4018039410927951,450618,-18.661616351788084,653265,-11.8416631556328,653265,-6.819953196155272,653265
Jagatsinghpur,JGS,1,"1_1_1_1_2_9_960,228",2020,2020-07-30,212,0.4079085785111323,421677,-18.14936649640002,693526,-11.767769223022116,693526,-6.38159727337792,693526
Jagatsinghpur,JGS,1,"1_1_1_1_2_9_961,228",2020,2020-07-30,212,0.31417334408144315,279137,-18.508939779053144,728813,-11.476858684930699,728813,-7.032081094122455,728813
Jagatsinghpur,JGS,1,"1_1_1_1_2_9_962,228",2020,2020-07-30,212,0.28263230285437296,43543,-19.7649881090049,246956,-13.18630568340878,246956,-6.578682425596192,246956
Jagatsinghpur,JGS,1,"1_1_1_1_2_9_958,229",2020,2020-07-30,212,0.4256642671793164,383727,-19.15057762224512,604467,-12.013110366893132,604467,-7.1374672553519725,604467
Jagatsinghpur,JGS,1,"1_1_1_1_2_9_959,229",2020,2020-07-30,212,0.366787943139572,275445,-20.62879844865133,604967,-13.06563154272277,604967,-7.5631669059285365,604967
Jagatsinghpur,JGS,1,"1_1_1_1_2_9_960,229",2020,2020-07-30,212,0.34350520269054147,201697,-19.137351209259545,733746,-12.031359384869752,733746,-7.105991824389829,733746
Jagatsinghpur,JGS,1,"1_1_1_1_2_9_961,229",2020,2020-07-30,212,0.34169237005977415,31451,-19.043182002679096,778594,-11.253331294593,778594,-7.789850708086091,778594
Jagatsinghpur,JGS,1,"1_1_1_1_2_9_962,229",2020,2020-07-30,212,0.2849996422879701,42924,-19.633636449263975,513858,-11.817543587565103,513858,-7.8160928616988965,513858
Jagatsinghpur,JGS,1,"1_1_1_1_2_9_963,229",2020,2020-07-30,212,0.3244044678493559,6221,-16.844968480081526,55675,-10.546267583215977,55675,-6.298700896865561,55675
Jagatsinghpur,JGS,1,"1_1_1_1_2_9_964,229",2020,2020-07-30,212,,0,,0,,0,,0
Jagatsinghpur,JGS,1,"1_1_1_1_2_9_957,230",2020,2020-07-30,212,0.46066626669667415,381323,-19.29340414813255,620511,-12.14790715984509,620511,-7.145496988287439,620511
Jagatsinghpur,JGS,1,"1_1_1_1_2_9_958,230",2020,2020-07-30,212,0.415508397600072,229169,-20.108805745976138,574078,-12.695089251563768,574078,-7.413716494412412,574078
Jagatsinghpur,JGS,1,"1_1_1_1_2_9_959,230",2020,2020-07-30,212,0.2826202389872053,192865,-21.84989164823984,640106,-14.074665442942463,640106,-7.775226205297368,640106
Jagatsinghpur,JGS,1,"1_1_1_1_2_9_960,230",2020,2020-07-30,212,0.2968295633697881,166130,-21.26530139632361,679387,-13.847314786294081,679387,-7.417986610029504,679387
Jagatsinghpur,JGS,1,"1_1_1_1_2_9_961,230",2020,2020-07-30,212,0.3212523127603258,90904,-20.27371700680053,712352,-12.554618704074585,712352,-7.719098302726012,712352
Jagatsinghpur,JGS,1,"1_1_1_1_2_9_962,230",2020,2020-07-30,212,0.3859163399947114,53090,-18.98161169339554,741892,-11.375262663252176,741892,-7.606349030143338,741892
Jagatsinghpur,JGS,1,"1_1_1_1_2_9_963,230",2020,2020-07-30,212,0.4089588642808501,88233,-17.52539426440659,601275,-10.38254212328444,601275,-7.14285214112213,601275
Jagatsinghpur,JGS,1,"1_1_1_1_2_9_964,230",2020,2020-07-30,212,0.47809537499497984,37791,-17.023512953150362,125259,-11.205234530019302,125259,-5.818278423131069,125259
Jagatsinghpur,JGS,1,"1_1_1_1_2_9_965,230",2020,2020-07-30,212,0.3113045023810873,1881,-18.330053086062765,10328,-12.503031705980431,10328,-5.827021380082313,10328
Jagatsinghpur,JGS,1,"1_1_1_1_2_9_957,231",2020,2020-07-30,212,0.4199958581580112,237897,-19.8985630647986,535010,-12.618989813478569,535010,-7.279573251320016,535010
Jagatsinghpur,JGS,1,"1_1_1_1_2_9_958,231",2020,2020-07-30,212,0.3840703431616049,277790,-20.454878323223763,649727,-12.861172495023338,649727,-7.593705828200459,649727
Jagatsinghpur,JGS,1,"1_1_1_1_2_9_959,231",2020,2020-07-30,212,0.40073926567890705,209111,-20.173102916604513,544379,-12.586220512324457,544379,-7.586882404280071,544379
Jagatsinghpur,JGS,1,"1_1_1_1_2_9_960,231",2020,2020-07-30,212,0.4685133984726529,222367,-19.372492029368463,525591,-11.894871289856393,525591,-7.477620739512111,525591
Jagatsinghpur,JGS,1,"1_1_1_1_2_9_961,231",2020,2020-07-30,212,0.4409046892190907,251019,-17.712172357235364,638601,-10.867052014221354,638601,-6.84512034301398,638601
Jagatsinghpur,JGS,1,"1_1_1_1_2_9_962,231",2020,2020-07-30,212,0.4357979496952312,326906,-16.824073666084942,661478,-10.332933272467486,661478,-6.491140393617498,661478
Jagatsinghpur,JGS,1,"1_1_1_1_2_9_963,231",2020,2020-07-30,212,0.3644222359553018,209440,-17.08298567304813,623890,-10.255682362945524,623890,-6.82730331010258,623890
Jagatsinghpur,JGS,1,"1_1_1_1_2_9_964,231",2020,2020-07-30,212,0.3497177889925947,154480,-17.735468360485044,543323,-10.834347702818867,543323,-6.901120657666171,543323
Jagatsinghpur,JGS,1,"1_1_1_1_2_10_961,226",2020,2020-08-09,222,,0,-21.11267102021548,12383,-10.217687702259889,12383,-10.894983317955653,12383
Jagatsinghpur,JGS,1,"1_1_1_1_2_10_959,227",2020,2020-08-09,222,0.5473779711078375,46004,-20.99185471480412,510204,-12.967010909844669,510204,-8.024843804959445,510204
Jagatsinghpur,JGS,1,"1_1_1_1_2_10_960,227",2020,2020-08-09,222,0.5505046691850666,56935,-19.52758397239107,432279,-11.470277593944731,432279,-8.057306378446333,432279
Jagatsinghpur,JGS,1,"1_1_1_1_2_10_961,227",2020,2020-08-09,222,,0,-20.008930471394784,447583,-11.313154333381883,447583,-8.695776138012913,447583
Jagatsinghpur,JGS,1,"1_1_1_1_2_10_962,227",2020,2020-08-09,222,,0,-20.908983223567258,786,-13.45439801681278,786,-7.454585206754465,786
Jagatsinghpur,JGS,1,"1_1_1_1_2_10_958,228",2020,2020-08-09,222,0.5407131229326846,76842,-20.013283104859564,657750,-11.812436801822246,657750,-8.200846303037364,657750
Jagatsinghpur,JGS,1,"1_1_1_1_2_10_959,228",2020,2020-08-09,222,0.4577387263798675,32358,-21.477216211380853,653265,-13.34558152826291,653265,-8.131634683117916,653265
Jagatsinghpur,JGS,1,"1_1_1_1_2_10_960,228",2020,2020-08-09,222,0.5305057425723932,30901,-21.861713505880623,693526,-13.684830479988488,693526,-8.176883025892138,693526
Jagatsinghpur,JGS,1,"1_1_1_1_2_10_961,228",2020,2020-08-09,222,,0,-20.655780541512243,728813,-12.104489273929518,728813,-8.551291267582815,728813
Jagatsinghpur,JGS,1,"1_1_1_1_2_10_962,228",2020,2020-08-09,222,,0,-20.528521911742743,246956,-12.821347541662778,246956,-7.707174370079957,246956
Jagatsinghpur,JGS,1,"1_1_1_1_2_10_958,229",2020,2020-08-09,222,0.5757687501046994,28401,-19.491401391827576,604467,-11.519156413335017,604467,-7.9722449784925695,604467
Jagatsinghpur,JGS,1,"1_1_1_1_2_10_959,229",2020,2020-08-09,222,0.5374849974977723,39493,-21.680095528882084,604967,-12.36374129786716,604967,-9.316354231014953,604967
Jagatsinghpur,JGS,1,"1_1_1_1_2_10_960,229",2020,2020-08-09,222,0.4606268363309861,9631,-21.890210917806268,733746,-12.59850718364942,733746,-9.291703734156837,733746
Jagatsinghpur,JGS,1,"1_1_1_1_2_10_961,229",2020,2020-08-09,222,0.5054323264237893,3023,-22.380779901757236,778594,-12.503579734808065,778594,-9.877200166949219,778594
Jagatsinghpur,JGS,1,"1_1_1_1_2_10_962,229",2020,2020-08-09,222,,0,-22.52889424828938,513858,-12.191966173647769,513858,-10.336928074641651,513858
Jagatsinghpur,JGS,1,"1_1_1_1_2_10_963,229",2020,2020-08-09,222,,0,-18.125140005747905,55675,-9.981927501520468,55675,-8.143212504227396,55675
Jagatsinghpur,JGS,1,"1_1_1_1_2_10_964,229",2020,2020-08-09,222,,0,,0,,0,,0
Jagatsinghpur,JGS,1,"1_1_1_1_2_10_957,230",2020,2020-08-09,222,0.4749044634413118,32465,-19.702468126299113,620511,-11.717515204202915,620511,-7.984952922096192,620511
Jagatsinghpur,JGS,1,"1_1_1_1_2_10_958,230",2020,2020-08-09,222,0.5366066467654002,17020,-20.785717239761137,574078,-11.72275264254801,574078,-9.062964597213133,574078
Jagatsinghpur,JGS,1,"1_1_1_1_2_10_959,230",2020,2020-08-09,222,0.5357903454848326,5629,-21.65407899354948,640106,-11.856536498385667,640106,-9.797542495163869,640106
Jagatsinghpur,JGS,1,"1_1_1_1_2_10_960,230",2020,2020-08-09,222,0.5540185218915751,34067,-21.841025137173734,679387,-11.522629920351077,679387,-10.318395216822688,679387
Jagatsinghpur,JGS,1,"1_1_1_1_2_10_961,230",2020,2020-08-09,222,0.5560677506070527,17928,-21.85310170924803,712352,-12.478649266645268,712352,-9.37445244260278,712352
Jagatsinghpur,JGS,1,"1_1_1_1_2_10_962,230",2020,2020-08-09,222,,0,-21.469512097087566,741892,-11.635993605028855,741892,-9.83351849205871,741892
Jagatsinghpur,JGS,1,"1_1_1_1_2_10_963,230",2020,2020-08-09,222,,0,-20.173208788091625,601275,-10.667508126211478,601275,-9.505700661880155,601275
Jagatsinghpur,JGS,1,"1_1_1_1_2_10_964,230",2020,2020-08-09,222,,0,-17.154472046286052,125259,-10.803733345148633,125259,-6.350738701137446,125259
Jagatsinghpur,JGS,1,"1_1_1_1_2_10_965,230",2020,2020-08-09,222,,0,-18.312688078709662,10328,-12.281203226836155,10328,-6.0314848518735,10328
Jagatsinghpur,JGS,1,"1_1_1_1_2_10_957,231",2020,2020-08-09,222,0.5566320129528778,113124,-20.121407212766194,522426,-11.886613108833673,522426,-8.23479410393255,522426
Jagatsinghpur,JGS,1,"1_1_1_1_2_10_958,231",2020,2020-08-09,222,0.5629419681969196,39787,-20.910937658897563,649727,-11.831800553870009,649727,-9.079137105027549,649727
Jagatsinghpur,JGS,1,"1_1_1_1_2_10_959,231",2020,2020-08-09,222,0.5706954480522793,41493,-20.773738389705795,544379,-12.045274476324098,544379,-8.728463913381661,544379
Jagatsinghpur,JGS,1,"1_1_1_1_2_10_960,231",2020,2020-08-09,222,0.6030323125970954,53560,-20.061507382807534,525591,-11.019120310481958,525591,-9.042387072325585,525591
Jagatsinghpur,JGS,1,"1_1_1_1_2_10_961,231",2020,2020-08-09,222,0.5721584266845333,51713,-19.10967598532609,638601,-10.957077497022851,638601,-8.152598488303246,638601
Jagatsinghpur,JGS,1,"1_1_1_1_2_10_962,231",2020,2020-08-09,222,,0,-18.706684013385473,661478,-10.864804011375146,661478,-7.841880002010272,661478
Jagatsinghpur,JGS,1,"1_1_1_1_2_10_963,231",2020,2020-08-09,222,,0,-19.334501801404382,623890,-10.957925037740456,623890,-8.376576763663893,623890
Jagatsinghpur,JGS,1,"1_1_1_1_2_10_964,231",2020,2020-08-09,222,,0,-20.165540710989596,543323,-11.939584097036047,543323,-8.22595661395357,543323
Jagatsinghpur,JGS,1,"1_1_1_1_2_11_961,226",2020,2020-08-19,232,,0,-23.4214378755351,12383,-13.090062680833022,12383,-10.331375194702145,12383
Jagatsinghpur,JGS,1,"1_1_1_1_2_11_959,227",2020,2020-08-19,232,,0,-20.785078340317906,510204,-12.932767844296635,510204,-7.852310496021294,510204
Jagatsinghpur,JGS,1,"1_1_1_1_2_11_960,227",2020,2020-08-19,232,,0,-20.865095479661267,432279,-13.19024848346879,432279,-7.674846996192486,432279
Jagatsinghpur,JGS,1,"1_1_1_1_2_11_961,227",2020,2020-08-19,232,,0,-24.288635067052496,447583,-13.98640389432491,447583,-10.302231172727527,447583
Jagatsinghpur,JGS,1,"1_1_1_1_2_11_962,227",2020,2020-08-19,232,,0,-20.586619292090738,786,-12.92782658036273,786,-7.6587927117280055,786
Jagatsinghpur,JGS,1,"1_1_1_1_2_11_958,228",2020,2020-08-19,232,,0,-20.103303050491174,657750,-12.29600571489557,657750,-7.807297335595567,657750
Jagatsinghpur,JGS,1,"1_1_1_1_2_11_959,228",2020,2020-08-19,232,,0,-21.47531653820956,653265,-13.612124369046144,653265,-7.8631921691634,653265
Jagatsinghpur,JGS,1,"1_1_1_1_2_11_960,228",2020,2020-08-19,232,,0,-22.411567572904822,693526,-14.573537703687077,693526,-7.838029869217722,693526
Jagatsinghpur,JGS,1,"1_1_1_1_2_11_961,228",2020,2020-08-19,232,,0,-25.36911182236869,728813,-14.985681700292668,728813,-10.383430122075959,728813
Jagatsinghpur,JGS,1,"1_1_1_1_2_11_962,228",2020,2020-08-19,232,,0,-23.689606829487445,246956,-13.359525202718364,246956,-10.330081626768997,246956
Jagatsinghpur,JGS,1,"1_1_1_1_2_11_958,229",2020,2020-08-19,232,,0,-20.19710959591104,604467,-12.71233489805844,604467,-7.484774697852642,604467
Jagatsinghpur,JGS,1,"1_1_1_1_2_11_959,229",2020,2020-08-19,232,,0,-21.72320686387599,604967,-13.883137835180698,604967,-7.840069028695281,604967
Jagatsinghpur,JGS,1,"1_1_1_1_2_11_960,229",2020,2020-08-19,232,,0,-23.107997345089615,733746,-15.343175652060687,733746,-7.764821693028912,733746
Jagatsinghpur,JGS,1,"1_1_1_1_2_11_961,229",2020,2020-08-19,232,,0,-24.733015361224634,778594,-14.683592272606614,778594,-10.049423088618093,778594
Jagatsinghpur,JGS,1,"1_1_1_1_2_11_962,229",2020,2020-08-19,232,,0,-24.945166897213102,513858,-14.30164772663411,513858,-10.643519170579006,513858
Jagatsinghpur,JGS,1,"1_1_1_1_2_11_963,229",2020,2020-08-19,232,,0,-25.191215044440316,55675,-14.155544054686347,55675,-11.035670989754099,55675
Jagatsinghpur,JGS,1,"1_1_1_1_2_11_964,229",2020,2020-08-19,232,,0,,0,,0,,0
Jagatsinghpur,JGS,1,"1_1_1_1_2_11_957,230",2020,2020-08-19,232,,0,-20.254988491672915,620511,-12.705093643622092,620511,-7.549894848050848,620511
Jagatsinghpur,JGS,1,"1_1_1_1_2_11_958,230",2020,2020-08-19,232,,0,-21.32952693685669,574078,-13.482697247456294,574078,-7.8468296894003675,574078
Jagatsinghpur,JGS,1,"1_1_1_1_2_11_959,230",2020,2020-08-19,232,,0,-22.42479659332608,640106,-14.341356355737272,640106,-8.083440237588785,640106
Jagatsinghpur,JGS,1,"1_1_1_1_2_11_960,230",2020,2020-08-19,232,,0,-22.813064974762778,679387,-14.895466853784944,679387,-7.917598120977778,679387
Jagatsinghpur,JGS,1,"1_1_1_1_2_11_961,230",2020,2020-08-19,232,,0,-23.473704726190775,712352,-14.399961101827795,712352,-9.073743624363006,712352
Jagatsinghpur,JGS,1,"1_1_1_1_2_11_962,230",2020,2020-08-19,232,,0,-24.842611343321032,741892,-14.746714411562696,741892,-10.09589693175832,741892
Jagatsinghpur,JGS,1,"1_1_1_1_2_11_963,230",2020,2020-08-19,232,,0,-24.568840524367218,601275,-14.327419810514602,601275,-10.241420713852676,601275
Jagatsinghpur,JGS,1,"1_1_1_1_2_11_964,230",2020,2020-08-19,232,,0,-20.07749440037819,125259,-11.44275467640628,125259,-8.634739723971935,125259
Jagatsinghpur,JGS,1,"1_1_1_1_2_11_965,230",2020,2020-08-19,232,,0,-17.855277342956626,10328,-10.987261614579655,10328,-6.8680157283769745,10328
Jagatsinghpur,JGS,1,"1_1_1_1_2_11_957,231",2020,2020-08-19,232,,0,-20.02274877182967,535010,-12.213344024676976,535010,-7.8094047471527075,535010
Jagatsinghpur,JGS,1,"1_1_1_1_2_11_958,231",2020,2020-08-19,232,,0,-21.1301174267516,649727,-13.145238329384556,649727,-7.984879097367087,649727
Jagatsinghpur,JGS,1,"1_1_1_1_2_11_959,231",2020,2020-08-19,232,,0,-21.638905008563782,544379,-13.655381519907538,544379,-7.983523488656317,544379
Jagatsinghpur,JGS,1,"1_1_1_1_2_11_960,231",2020,2020-08-19,232,,0,-21.26607099036076,525591,-13.273215678867611,525591,-7.992855311493158,525591
Jagatsinghpur,JGS,1,"1_1_1_1_2_11_961,231",2020,2020-08-19,232,,0,-22.746159948179844,638601,-14.441635415295046,638601,-8.304524532884775,638601
Jagatsinghpur,JGS,1,"1_1_1_1_2_11_962,231",2020,2020-08-19,232,,0,-24.395983278597072,661478,-14.520605006306555,661478,-9.875378272290572,661478
Jagatsinghpur,JGS,1,"1_1_1_1_2_11_963,231",2020,2020-08-19,232,,0,-25.66373333082166,623890,-15.35197246493473,623890,-10.311760865886892,623890
Jagatsinghpur,JGS,1,"1_1_1_1_2_11_964,231",2020,2020-08-19,232,,0,-23.5904746853158,543323,-13.690447656427322,543323,-9.900027028888475,543323
Jagatsinghpur,JGS,1,"1_1_1_1_2_12_961,226",2020,2020-08-29,242,0.44876339922838837,1771,-19.98069856237138,12383,-9.080048245670675,12383,-10.900650316700712,12383
Jagatsinghpur,JGS,1,"1_1_1_1_2_12_959,227",2020,2020-08-29,242,0.5067616836235476,271760,-18.612350305401616,510204,-10.68601794333727,510204,-7.926332362064326,510204
Jagatsinghpur,JGS,1,"1_1_1_1_2_12_960,227",2020,2020-08-29,242,0.4193562988336113,165113,-19.11186703158486,432279,-11.174377562033996,432279,-7.937489469550904,432279
Jagatsinghpur,JGS,1,"1_1_1_1_2_12_961,227",2020,2020-08-29,242,0.4383016326128972,44388,-20.575631550471922,447583,-10.780730608311721,447583,-9.794900942160215,447583
Jagatsinghpur,JGS,1,"1_1_1_1_2_12_962,227",2020,2020-08-29,242,0.47679176926612854,4,-21.521300339447553,786,-13.491195259171706,786,-8.030105080275828,786
Jagatsinghpur,JGS,1,"1_1_1_1_2_12_958,228",2020,2020-08-29,242,0.5448874326617349,499220,-18.149941000635987,657750,-10.749170341827364,657750,-7.4007706588086135,657750
Jagatsinghpur,JGS,1,"1_1_1_1_2_12_959,228",2020,2020-08-29,242,0.3484738145841622,361545,-19.772288144526875,653265,-11.914062048990859,653265,-7.858226095536053,653265
Jagatsinghpur,JGS,1,"1_1_1_1_2_12_960,228",2020,2020-08-29,242,0.29775925161103817,239266,-19.638613063759113,693526,-11.547480433590337,693526,-8.091132630168852,693526
Jagatsinghpur,JGS,1,"1_1_1_1_2_12_961,228",2020,2020-08-29,242,0.3845340641477233,56628,-20.211600973532285,728813,-10.665158695778505,728813,-9.546442277753737,728813
Jagatsinghpur,JGS,1,"1_1_1_1_2_12_962,228",2020,2020-08-29,242,0.3535760067955344,21607,-20.54253060840984,246956,-11.987898372701718,246956,-8.554632235708164,246956
Jagatsinghpur,JGS,1,"1_1_1_1_2_12_958,229",2020,2020-08-29,242,0.5740754053096082,485244,-17.862723632381407,604467,-10.714873590403817,604467,-7.147850041977594,604467
Jagatsinghpur,JGS,1,"1_1_1_1_2_12_959,229",2020,2020-08-29,242,0.5443316721126779,478756,-18.531475326076485,604967,-10.265113051153275,604967,-8.26636227492319,604967
Jagatsinghpur,JGS,1,"1_1_1_1_2_12_960,229",2020,2020-08-29,242,0.38295845614311946,345119,-19.91590361793629,733746,-11.937359309430159,733746,-7.978544308506099,733746
Jagatsinghpur,JGS,1,"1_1_1_1_2_12_961,229",2020,2020-08-29,242,0.5115024667139054,189400,-18.39155228753784,778594,-9.183187817232456,778594,-9.208364470305444,778594
Jagatsinghpur,JGS,1,"1_1_1_1_2_12_962,229",2020,2020-08-29,242,0.48134291281957226,58131,-19.058963581436448,513858,-10.029160672359705,513858,-9.02980290907672,513858
Jagatsinghpur,JGS,1,"1_1_1_1_2_12_963,229",2020,2020-08-29,242,0.575076017619004,23660,-17.077220022752698,55675,-9.500310158980898,55675,-7.576909863771811,55675
Jagatsinghpur,JGS,1,"1_1_1_1_2_12_964,229",2020,2020-08-29,242,,0,,0,,0,,0
Jagatsinghpur,JGS,1,"1_1_1_1_2_12_957,230",2020,2020-08-29,242,0.5656441204998837,510794,-17.833933642597813,620511,-10.512280825567412,620511,-7.3216528170304365,620511
Jagatsinghpur,JGS,1,"1_1_1_1_2_12_958,230",2020,2020-08-29,242,0.5510094801389606,394227,-18.33541796075354,574078,-10.38996969203163,574078,-7.945448268721946,574078
Jagatsinghpur,JGS,1,"1_1_1_1_2_12_959,230",2020,2020-08-29,242,0.5529882032773131,438601,-18.119611347881982,640106,-9.857643059778468,640106,-8.261968288103501,640106
Jagatsinghpur,JGS,1,"1_1_1_1_2_12_960,230",2020,2020-08-29,242,0.5519454331773422,391636,-18.253494500560205,679387,-10.344576425647288,679387,-7.908918074912938,679387
Jagatsinghpur,JGS,1,"1_1_1_1_2_12_961,230",2020,2020-08-29,242,0.5681266605924983,381693,-17.889753721171886,712352,-9.25536768220519,712352,-8.634386038966657,712352
Jagatsinghpur,JGS,1,"1_1_1_1_2_12_962,230",2020,2020-08-29,242,0.5356918165148816,167901,-18.12501324099613,741892,-8.982038438460533,741892,-9.142974802535607,741892
Jagatsinghpur,JGS,1,"1_1_1_1_2_12_963,230",2020,2020-08-29,242,0.568798024592496,218361,-17.731920948496608,601275,-8.707140479691148,601275,-9.024780468805504,601275
Jagatsinghpur,JGS,1,"1_1_1_1_2_12_964,230",2020,2020-08-29,242,0.5611971593103714,72677,-17.194739109128378,125259,-10.483437770737565,125259,-6.711301338390827,125259
Jagatsinghpur,JGS,1,"1_1_1_1_2_12_965,230",2020,2020-08-29,242,0.53382769097186,6498,-17.789095564398405,10328,-12.250857109397977,10328,-5.538238455000355,10328
Jagatsinghpur,JGS,1,"1_1_1_1_2_12_957,231",2020,2020-08-29,242,0.5537734472570238,417786,-18.234778187715797,535010,-10.387269670795915,535010,-7.8475085169198895,535010
Jagatsinghpur,JGS,1,"1_1_1_1_2_12_958,231",2020,2020-08-29,242,0.5646913854967655,415979,-17.986969920028724,649727,-10.077451272388828,649727,-7.909518647639933,649727
Jagatsinghpur,JGS,1,"1_1_1_1_2_12_959,231",2020,2020-08-29,242,0.5314198846458449,346548,-18.36532164109922,544379,-10.495942508222596,544379,-7.8693791328765785,544379
Jagatsinghpur,JGS,1,"1_1_1_1_2_12_960,231",2020,2020-08-29,242,0.5093700977520537,315119,-18.156641968122802,525591,-10.553358634651266,525591,-7.603283333471516,525591
Jagatsinghpur,JGS,1,"1_1_1_1_2_12_961,231",2020,2020-08-29,242,0.4148204347628577,266663,-19.376236474262438,638601,-11.763467292943552,638601,-7.612769181318842,638601
Jagatsinghpur,JGS,1,"1_1_1_1_2_12_962,231",2020,2020-08-29,242,0.1783725471951236,272721,-19.923134521290756,661478,-12.101048000122196,661478,-7.822086521168622,661478
Jagatsinghpur,JGS,1,"1_1_1_1_2_12_963,231",2020,2020-08-29,242,-0.033839314512182805,235423,-22.413603683655122,623890,-13.76825069014476,623890,-8.645352993510338,623890
Jagatsinghpur,JGS,1,"1_1_1_1_2_12_964,231",2020,2020-08-29,242,0.34706988536783656,131162,-18.874740779887386,543323,-10.779268780710936,543323,-8.09547199917653,543323
Jagatsinghpur,JGS,1,"1_1_1_1_2_13_961,226",2020,2020-09-08,252,0.5227310340016103,2970,,0,,0,,0
Jagatsinghpur,JGS,1,"1_1_1_1_2_13_959,227",2020,2020-09-08,252,0.5793072382013376,399879,-17.15691325487726,510204,-9.833909622034765,510204,-7.323003632842524,510204
Jagatsinghpur,JGS,1,"1_1_1_1_2_13_960,227",2020,2020-09-08,252,0.5639610571893913,290280,-17.080312798942046,298767,-10.050638314870087,298767,-7.029674484071906,298767
Jagatsinghpur,JGS,1,"1_1_1_1_2_13_961,227",2020,2020-09-08,252,0.5250675951809803,105639,,0,,0,,0
Jagatsinghpur,JGS,1,"1_1_1_1_2_13_962,227",2020,2020-09-08,252,0.00835341913625598,8,,0,,0,,0
Jagatsinghpur,JGS,1,"1_1_1_1_2_13_958,228",2020,2020-09-08,252,0.6040489299311481,578134,-16.93054877671556,657750,-9.863613533097437,657750,-7.066935243618161,657750
Jagatsinghpur,JGS,1,"1_1_1_1_2_13_959,228",2020,2020-09-08,252,0.5344451792191705,341835,-17.2779296044984,653265,-9.803711247089304,653265,-7.474218357409138,653265
Jagatsinghpur,JGS,1,"1_1_1_1_2_13_960,228",2020,2020-09-08,252,0.5544791664647014,313257,-17.681277422435574,560714,-10.43470928278109,560714,-7.2465681396544745,560714
Jagatsinghpur,JGS,1,"1_1_1_1_2_13_961,228",2020,2020-09-08,252,0.4971599734750246,117564,,0,,0,,0
Jagatsinghpur,JGS,1,"1_1_1_1_2_13_962,228",2020,2020-09-08,252,0.5401068786660407,71248,,0,,0,,0
Jagatsinghpur,JGS,1,"1_1_1_1_2_13_958,229",2020,2020-09-08,252,0.6117191265261092,543750,-16.471840267048247,604467,-9.629182338767537,604467,-6.842657928280754,604467
Jagatsinghpur,JGS,1,"1_1_1_1_2_13_959,229",2020,2020-09-08,252,0.594775719798818,373956,-17.009204697739886,604967,-9.755836105781794,604967,-7.25336859195808,604967
Jagatsinghpur,JGS,1,"1_1_1_1_2_13_960,229",2020,2020-09-08,252,0.5792549684726169,433372,-17.008806280612493,718204,-9.97702138661549,718204,-7.0317848939969565,718204
Jagatsinghpur,JGS,1,"1_1_1_1_2_13_961,229",2020,2020-09-08,252,0.5825687307888409,404511,-17.201655403135625,24219,-10.258000756085558,24219,-6.943654647050099,24219
Jagatsinghpur,JGS,1,"1_1_1_1_2_13_962,229",2020,2020-09-08,252,0.581068955592175,206228,,0,,0,,0
Jagatsinghpur,JGS,1,"1_1_1_1_2_13_963,229",2020,2020-09-08,252,0.6294447559702323,41568,,0,,0,,0
Jagatsinghpur,JGS,1,"1_1_1_1_2_13_964,229",2020,2020-09-08,252,,0,,0,,0,,0
Jagatsinghpur,JGS,1,"1_1_1_1_2_13_957,230",2020,2020-09-08,252,0.5972111729462483,494148,-16.93465183931555,619470,-9.903801254003177,619470,-7.030850585312368,619470
Jagatsinghpur,JGS,1,"1_1_1_1_2_13_958,230",2020,2020-09-08,252,0.6259985016448033,486891,-16.796123025705374,573144,-9.635039922259647,573144,-7.161083103445722,573144
Jagatsinghpur,JGS,1,"1_1_1_1_2_13_959,230",2020,2020-09-08,252,0.6356678757672074,474495,-17.29588011902019,639031,-10.074512749427571,639031,-7.221367369592661,639031
Jagatsinghpur,JGS,1,"1_1_1_1_2_13_960,230",2020,2020-09-08,252,0.6318735160623936,557203,-16.422758146402497,679374,-9.574482643695985,679374,-6.848275502706554,679374
Jagatsinghpur,JGS,1,"1_1_1_1_2_13_961,230",2020,2020-09-08,252,0.5999294267931272,511231,-16.830404428870455,141836,-9.918929002684642,141836,-6.911475426185811,141836
Jagatsinghpur,JGS,1,"1_1_1_1_2_13_962,230",2020,2020-09-08,252,0.599594753569513,420222,,0,,0,,0
Jagatsinghpur,JGS,1,"1_1_1_1_2_13_963,230",2020,2020-09-08,252,0.5995473782852212,338131,,0,,0,,0
Jagatsinghpur,JGS,1,"1_1_1_1_2_13_964,230",2020,2020-09-08,252,0.579302343193593,83805,,0,,0,,0
Jagatsinghpur,JGS,1,"1_1_1_1_2_13_965,230",2020,2020-09-08,252,0.5813307941267225,7939,,0,,0,,0
Jagatsinghpur,JGS,1,"1_1_1_1_2_13_957,231",2020,2020-09-08,252,0.596150792035099,426915,-17.48267855022812,535010,-9.963390474766925,535010,-7.519288075461164,535010
Jagatsinghpur,JGS,1,"1_1_1_1_2_13_958,231",2020,2020-09-08,252,0.6094668457131925,560983,-17.350683765721428,649727,-10.083930948818606,649727,-7.266752816902801,649727
Jagatsinghpur,JGS,1,"1_1_1_1_2_13_959,231",2020,2020-09-08,252,0.5986248731857565,446848,-17.15339958688993,544379,-9.950394406305648,544379,-7.203005180584312,544379
Jagatsinghpur,JGS,1,"1_1_1_1_2_13_960,231",2020,2020-09-08,252,0.610721485134637,419706,-16.21520244206602,525591,-9.310569267185915,525591,-6.9046331748800895,525591
Jagatsinghpur,JGS,1,"1_1_1_1_2_13_961,231",2020,2020-09-08,252,0.5554415646144991,392703,-16.683975375694644,261178,-9.809321427834329,261178,-6.874653947860275,261178
Jagatsinghpur,JGS,1,"1_1_1_1_2_13_962,231",2020,2020-09-08,252,0.48034681615956243,267120,,0,,0,,0
Jagatsinghpur,JGS,1,"1_1_1_1_2_13_963,231",2020,2020-09-08,252,0.5275036548182289,132784,,0,,0,,0
Jagatsinghpur,JGS,1,"1_1_1_1_2_13_964,231",2020,2020-09-08,252,0.5630176045404479,51033,,0,,0,,0
Jagatsinghpur,JGS,1,"1_1_1_1_2_14_961,226",2020,2020-09-18,262,0.40350257183583277,212,-18.818568180591228,12383,-8.268285770703935,12383,-10.550282409887185,12383
Jagatsinghpur,JGS,1,"1_1_1_1_2_14_959,227",2020,2020-09-18,262,0.5733426903220162,62872,-17.593280759407044,510204,-10.23526378609623,510204,-7.358016973310848,510204
Jagatsinghpur,JGS,1,"1_1_1_1_2_14_960,227",2020,2020-09-18,262,0.5170675929277312,2414,-17.28181032312464,432279,-10.082778383195643,432279,-7.199031939929016,432279
Jagatsinghpur,JGS,1,"1_1_1_1_2_14_961,227",2020,2020-09-18,262,0.39648211002349854,2,-18.408617445230075,447583,-9.920089837118454,447583,-8.488527608111678,447583
Jagatsinghpur,JGS,1,"1_1_1_1_2_14_962,227",2020,2020-09-18,262,,0,-20.792935805696608,786,-13.104884038293863,786,-7.688051767402715,786
Jagatsinghpur,JGS,1,"1_1_1_1_2_14_958,228",2020,2020-09-18,262,0.6016680233954551,124046,-17.114055481351375,657750,-10.05763762731635,657750,-7.05641785403509,657750
Jagatsinghpur,JGS,1,"1_1_1_1_2_14_959,228",2020,2020-09-18,262,0.5865977701837771,318645,-17.54119030545197,653265,-10.137049333114813,653265,-7.404140972337118,653265
Jagatsinghpur,JGS,1,"1_1_1_1_2_14_960,228",2020,2020-09-18,262,0.5358245286144607,138511,-17.527336694621443,693526,-10.144905580135005,693526,-7.382431114486516,693526
Jagatsinghpur,JGS,1,"1_1_1_1_2_14_961,228",2020,2020-09-18,262,0.07941901870071888,4,-18.14058881975488,728813,-9.575831191309007,728813,-8.564757628445859,728813
Jagatsinghpur,JGS,1,"1_1_1_1_2_14_962,228",2020,2020-09-18,262,0.5167359897884781,1710,-19.663827339080875,246956,-11.264682720828082,246956,-8.399144618252791,246956
Jagatsinghpur,JGS,1,"1_1_1_1_2_14_958,229",2020,2020-09-18,262,0.6055929249645594,391407,-17.02578488690137,604467,-10.111502037971793,604467,-6.914282848929552,604467
Jagatsinghpur,JGS,1,"1_1_1_1_2_14_959,229",2020,2020-09-18,262,0.5697496778629385,219738,-17.430226567815772,604967,-9.937774779935111,604967,-7.492451787880677,604967
Jagatsinghpur,JGS,1,"1_1_1_1_2_14_960,229",2020,2020-09-18,262,0.47485598410186847,2170,-17.08140624630059,733746,-9.597398353819676,733746,-7.484007892480929,733746
Jagatsinghpur,JGS,1,"1_1_1_1_2_14_961,229",2020,2020-09-18,262,0.4643885579240959,4854,-16.46146301657522,778594,-8.870122265282156,778594,-7.591340751293048,778594
Jagatsinghpur,JGS,1,"1_1_1_1_2_14_962,229",2020,2020-09-18,262,0.5327476646642608,39801,-17.40566269077819,513858,-9.38853072458347,513858,-8.017131966194652,513858
Jagatsinghpur,JGS,1,"1_1_1_1_2_14_963,229",2020,2020-09-18,262,0.5664710002660659,41041,-15.512504142864778,55675,-9.340760177330875,55675,-6.171743965533837,55675
Jagatsinghpur,JGS,1,"1_1_1_1_2_14_964,229",2020,2020-09-18,262,,0,,0,,0,,0
Jagatsinghpur,JGS,1,"1_1_1_1_2_14_957,230",2020,2020-09-18,262,0.5854862896801897,348921,-17.637655253308644,620511,-10.430556361354604,620511,-7.207098891954006,620511
Jagatsinghpur,JGS,1,"1_1_1_1_2_14_958,230",2020,2020-09-18,262,0.6313733882874161,450851,-17.313081911541325,574078,-9.997231131062582,574078,-7.315850780478715,574078
Jagatsinghpur,JGS,1,"1_1_1_1_2_14_959,230",2020,2020-09-18,262,0.5541599303725325,206454,-17.63538683726186,640106,-9.921846993773885,640106,-7.713539843487987,640106
Jagatsinghpur,JGS,1,"1_1_1_1_2_14_960,230",2020,2020-09-18,262,0.5536679486698435,106069,-16.886699953690467,679387,-9.485153734276803,679387,-7.401546219413673,679387
Jagatsinghpur,JGS,1,"1_1_1_1_2_14_961,230",2020,2020-09-18,262,0.549010990433956,29795,-17.17688425573462,712352,-9.221825643615043,712352,-7.955058612119577,712352
Jagatsinghpur,JGS,1,"1_1_1_1_2_14_962,230",2020,2020-09-18,262,0.6064617296035664,215640,-16.869004099509013,741892,-8.832278475652583,741892,-8.036725623856432,741892
Jagatsinghpur,JGS,1,"1_1_1_1_2_14_963,230",2020,2020-09-18,262,0.6588736992848647,420045,-16.268202025295444,601275,-8.737965739285258,601275,-7.5302362860102265,601275
Jagatsinghpur,JGS,1,"1_1_1_1_2_14_964,230",2020,2020-09-18,262,0.6253770594753767,81424,-16.43451949540975,125259,-10.329144969444389,125259,-6.105374525965358,125259
Jagatsinghpur,JGS,1,"1_1_1_1_2_14_965,230",2020,2020-09-18,262,0.4661459043669777,195,-17.989652544759466,10328,-11.647821905222692,10328,-6.341830639536755,10328
Jagatsinghpur,JGS,1,"1_1_1_1_2_14_957,231",2020,2020-09-18,262,0.5871703541950183,284985,-17.830777195213486,535010,-10.010062297785492,535010,-7.820714897428032,535010
Jagatsinghpur,JGS,1,"1_1_1_1_2_14_958,231",2020,2020-09-18,262,0.6120390344056114,453998,-17.48572981113165,649727,-9.860848569293443,649727,-7.624881241838186,649727
Jagatsinghpur,JGS,1,"1_1_1_1_2_14_959,231",2020,2020-09-18,262,0.6007630524736147,233143,-17.470106993891093,544379,-9.944454995638507,544379,-7.525651998252609,544379
Jagatsinghpur,JGS,1,"1_1_1_1_2_14_960,231",2020,2020-09-18,262,0.5874878128688951,270604,-16.577543173337556,525591,-9.676499822145315,525591,-6.901043351192233,525591
Jagatsinghpur,JGS,1,"1_1_1_1_2_14_961,231",2020,2020-09-18,262,0.5863887531435351,215357,-16.98983510248686,638601,-9.993688533609571,638601,-6.996146568877266,638601
Jagatsinghpur,JGS,1,"1_1_1_1_2_14_962,231",2020,2020-09-18,262,0.5632514549117092,89323,-16.802437484924575,661478,-10.064035638496547,661478,-6.738401846428014,661478
Jagatsinghpur,JGS,1,"1_1_1_1_2_14_963,231",2020,2020-09-18,262,0.6365714259627289,45044,-16.53730954775496,623890,-9.331031837896447,623890,-7.206277709858559,623890
Jagatsinghpur,JGS,1,"1_1_1_1_2_14_964,231",2020,2020-09-18,262,0.42556220269830325,5025,-18.075068426896642,543323,-9.531932120777343,543323,-8.543136306119234,543323
Jagatsinghpur,JGS,1,"1_1_1_1_2_15_961,226",2020,2020-09-28,272,,0,-19.937131035186017,12383,-9.423856557617542,12383,-10.513274477568388,12383
Jagatsinghpur,JGS,1,"1_1_1_1_2_15_959,227",2020,2020-09-28,272,0.5065363979965145,6090,-17.01515264150914,510204,-9.448162804548565,510204,-7.566989836960566,510204
Jagatsinghpur,JGS,1,"1_1_1_1_2_15_960,227",2020,2020-09-28,272,0.49911699241013185,11816,-17.314195185343195,432279,-9.60567560645414,432279,-7.708519578889081,432279
Jagatsinghpur,JGS,1,"1_1_1_1_2_15_961,227",2020,2020-09-28,272,,0,-19.900045548138454,447583,-10.145160447621889,447583,-9.754885100516614,447583
Jagatsinghpur,JGS,1,"1_1_1_1_2_15_962,227",2020,2020-09-28,272,,0,-19.887118517574926,786,-12.478023415823301,786,-7.409095101751636,786
Jagatsinghpur,JGS,1,"1_1_1_1_2_15_958,228",2020,2020-09-28,272,0.5651709248043351,124727,-16.462401292815816,657750,-9.440359585208313,657750,-7.022041707607495,657750
Jagatsinghpur,JGS,1,"1_1_1_1_2_15_959,228",2020,2020-09-28,272,0.40086553475117914,2238,-17.043368779937172,653265,-9.676854053317825,653265,-7.366514726619339,653265
Jagatsinghpur,JGS,1,"1_1_1_1_2_15_960,228",2020,2020-09-28,272,0.48577507247011764,2759,-17.467477547165366,693526,-9.667609993782104,693526,-7.7998675533833275,693526
Jagatsinghpur,JGS,1,"1_1_1_1_2_15_961,228",2020,2020-09-28,272,,0,-19.16026587876428,728813,-9.872286325371725,728813,-9.287979553392622,728813
Jagatsinghpur,JGS,1,"1_1_1_1_2_15_962,228",2020,2020-09-28,272,,0,-19.367458574941136,246956,-10.572167049893064,246956,-8.795291525048064,246956
Jagatsinghpur,JGS,1,"1_1_1_1_2_15_958,229",2020,2020-09-28,272,0.549532536788625,135140,-16.432220926101134,604467,-9.753902234018105,604467,-6.678318692082986,604467
Jagatsinghpur,JGS,1,"1_1_1_1_2_15_959,229",2020,2020-09-28,272,0.5694636221744266,109919,-16.862639362368505,604967,-9.60256456244866,604967,-7.260074799919855,604967
Jagatsinghpur,JGS,1,"1_1_1_1_2_15_960,229",2020,2020-09-28,272,0.5331279439504485,15126,-16.923706700689653,733746,-9.27961415337017,733746,-7.644092547319451,733746
Jagatsinghpur,JGS,1,"1_1_1_1_2_15_961,229",2020,2020-09-28,272,0.23840840465795876,227,-16.55334108582396,778594,-8.948131310885474,778594,-7.605209774938484,778594
Jagatsinghpur,JGS,1,"1_1_1_1_2_15_962,229",2020,2020-09-28,272,,0,-17.20574271075566,513858,-9.112448408723207,513858,-8.093294302032458,513858
Jagatsinghpur,JGS,1,"1_1_1_1_2_15_963,229",2020,2020-09-28,272,,0,-15.581542976464043,55675,-9.04517295180942,55675,-6.536370024654656,55675
Jagatsinghpur,JGS,1,"1_1_1_1_2_15_964,229",2020,2020-09-28,272,,0,,0,,0,,0
Jagatsinghpur,JGS,1,"1_1_1_1_2_15_957,230",2020,2020-09-28,272,0.5773480609070877,248375,-16.926420124394074,620511,-9.865352134132019,620511,-7.061067990262075,620511
Jagatsinghpur,JGS,1,"1_1_1_1_2_15_958,230",2020,2020-09-28,272,0.556714311559855,184697,-16.897038073566684,574078,-9.942721490747775,574078,-6.954316582818905,574078
Jagatsinghpur,JGS,1,"1_1_1_1_2_15_959,230",2020,2020-09-28,272,0.5601386202449218,191469,-16.823371247975658,640106,-9.653228768217215,640106,-7.170142479758454,640106
Jagatsinghpur,JGS,1,"1_1_1_1_2_15_960,230",2020,2020-09-28,272,0.5443820690250902,36317,-16.529237767068526,679387,-9.341672602701875,679387,-7.187565164366603,679387
Jagatsinghpur,JGS,1,"1_1_1_1_2_15_961,230",2020,2020-09-28,272,0.18918141079942327,477,-16.824934032266817,712352,-9.339559127858616,712352,-7.485374904408226,712352
Jagatsinghpur,JGS,1,"1_1_1_1_2_15_962,230",2020,2020-09-28,272,,0,-16.79110411719992,741892,-8.881520574558008,741892,-7.909583542641902,741892
Jagatsinghpur,JGS,1,"1_1_1_1_2_15_963,230",2020,2020-09-28,272,,0,-16.460758719003557,601275,-8.80354864806406,601275,-7.657210070939557,601275
Jagatsinghpur,JGS,1,"1_1_1_1_2_15_964,230",2020,2020-09-28,272,,0,-15.818325110863904,125259,-9.576394470542752,125259,-6.241930640321192,125259
Jagatsinghpur,JGS,1,"1_1_1_1_2_15_965,230",2020,2020-09-28,272,,0,-16.7441817409247,10328,-10.634490750056893,10328,-6.1096909908677475,10328
Jagatsinghpur,JGS,1,"1_1_1_1_2_15_957,231",2020,2020-09-28,272,0.5789822369010013,317301,-17.01980497541418,535010,-9.645883383770883,535010,-7.373921591643266,535010
Jagatsinghpur,JGS,1,"1_1_1_1_2_15_958,231",2020,2020-09-28,272,0.5876765101391981,393142,-16.988442892076645,649727,-9.953457116860426,649727,-7.034985775216254,649727
Jagatsinghpur,JGS,1,"1_1_1_1_2_15_959,231",2020,2020-09-28,272,0.49786187418756617,136272,-16.533483642169106,544379,-9.689097664727996,544379,-6.844385977441071,544379
Jagatsinghpur,JGS,1,"1_1_1_1_2_15_960,231",2020,2020-09-28,272,0.47788943682028423,22548,-16.299253120314237,525591,-9.40661399181669,525591,-6.892639128497585,525591
Jagatsinghpur,JGS,1,"1_1_1_1_2_15_961,231",2020,2020-09-28,272,0.48221088464700007,5800,-16.8889716023513,638601,-9.682274167554832,638601,-7.206697434796466,638601
Jagatsinghpur,JGS,1,"1_1_1_1_2_15_962,231",2020,2020-09-28,272,,0,-16.84601284282085,661478,-9.47454745914711,661478,-7.371465383673756,661478
Jagatsinghpur,JGS,1,"1_1_1_1_2_15_963,231",2020,2020-09-28,272,,0,-17.251009774023537,623890,-9.449173881621112,623890,-7.8018358924023925,623890
Jagatsinghpur,JGS,1,"1_1_1_1_2_15_964,231",2020,2020-09-28,272,,0,-17.990162372398995,543323,-9.38462307793813,543323,-8.60553929446081,543323
Jagatsinghpur,JGS,1,"1_1_1_1_2_16_961,226",2020,2020-10-08,282,0.6079505972192644,9444,-17.027879516108733,12383,-8.065530950282461,12383,-8.962348565826245,12383
Jagatsinghpur,JGS,1,"1_1_1_1_2_16_959,227",2020,2020-10-08,282,0.7001271208844976,493805,-17.201909638044537,510204,-9.16999755028858,510204,-8.031912087755918,510204
Jagatsinghpur,JGS,1,"1_1_1_1_2_16_960,227",2020,2020-10-08,282,0.7238700570521878,410645,-17.065654126342736,432279,-9.268756195691115,432279,-7.7968979306516495,432279
Jagatsinghpur,JGS,1,"1_1_1_1_2_16_961,227",2020,2020-10-08,282,0.7017599735374321,371013,-18.470687322492875,447583,-8.8209316051261,447583,-9.64975571736681,447583
Jagatsinghpur,JGS,1,"1_1_1_1_2_16_962,227",2020,2020-10-08,282,0.5943491574887627,331,-20.316545534019802,786,-12.072545816883837,786,-8.24399971713597,786
Jagatsinghpur,JGS,1,"1_1_1_1_2_16_958,228",2020,2020-10-08,282,0.6908374980791324,616852,-17.06685497071676,657750,-9.49069585305936,657750,-7.576159117657381,657750
Jagatsinghpur,JGS,1,"1_1_1_1_2_16_959,228",2020,2020-10-08,282,0.6723344217124411,589232,-17.10757587023393,653265,-9.159475233296646,653265,-7.948100636937286,653265
Jagatsinghpur,JGS,1,"1_1_1_1_2_16_960,228",2020,2020-10-08,282,0.7264067621155247,646731,-17.23913121626167,693526,-8.811921187567915,693526,-8.427210028693771,693526
Jagatsinghpur,JGS,1,"1_1_1_1_2_16_961,228",2020,2020-10-08,282,0.7115241856836909,633913,-18.401452098918618,728813,-8.652608495086119,728813,-9.748843603832528,728813
Jagatsinghpur,JGS,1,"1_1_1_1_2_16_962,228",2020,2020-10-08,282,0.6096586099155075,149824,-19.96713001455881,246956,-10.460657431062074,246956,-9.506472583496706,246956
Jagatsinghpur,JGS,1,"1_1_1_1_2_16_958,229",2020,2020-10-08,282,0.6758355100261331,553674,-17.010451438120686,604467,-9.96951552125854,604467,-7.040935916862158,604467
Jagatsinghpur,JGS,1,"1_1_1_1_2_16_959,229",2020,2020-10-08,282,0.7087452914017094,555363,-17.191118913857597,604967,-9.21217622666042,604967,-7.978942687197223,604967
Jagatsinghpur,JGS,1,"1_1_1_1_2_16_960,229",2020,2020-10-08,282,0.6585968589237822,582918,-17.24280152841853,733746,-8.593696621907053,733746,-8.649104906511438,733746
Jagatsinghpur,JGS,1,"1_1_1_1_2_16_961,229",2020,2020-10-08,282,0.6665551996377166,579207,-17.40520597104608,778594,-8.690250961126031,778594,-8.714955009920033,778594
Jagatsinghpur,JGS,1,"1_1_1_1_2_16_962,229",2020,2020-10-08,282,0.6059976965460302,228325,-18.652723608171403,513858,-9.160696275686217,513858,-9.49202733248519,513858
Jagatsinghpur,JGS,1,"1_1_1_1_2_16_963,229",2020,2020-10-08,282,0.602594774753431,26608,-16.962028554035093,55675,-9.29577678518791,55675,-7.666251768847224,55675
Jagatsinghpur,JGS,1,"1_1_1_1_2_16_964,229",2020,2020-10-08,282,,0,,0,,0,,0
Jagatsinghpur,JGS,1,"1_1_1_1_2_16_957,230",2020,2020-10-08,282,0.6934331277284309,584878,-17.28230539689281,620511,-10.210319461875597,620511,-7.07198593501724,620511
Jagatsinghpur,JGS,1,"1_1_1_1_2_16_958,230",2020,2020-10-08,282,0.7219376137667275,563871,-17.348732542265463,574078,-10.225064547310062,574078,-7.123667994955372,574078
Jagatsinghpur,JGS,1,"1_1_1_1_2_16_959,230",2020,2020-10-08,282,0.7210414296927644,608721,-17.451744446529126,640106,-9.495190871946457,640106,-7.956553574582622,640106
Jagatsinghpur,JGS,1,"1_1_1_1_2_16_960,230",2020,2020-10-08,282,0.683624623224862,573665,-17.142089871595417,679387,-9.02772827303608,679387,-8.11436159855932,679387
Jagatsinghpur,JGS,1,"1_1_1_1_2_16_961,230",2020,2020-10-08,282,0.69650536075396,639474,-16.98689629716306,712352,-8.981999604187292,712352,-8.0048966929758,712352
Jagatsinghpur,JGS,1,"1_1_1_1_2_16_962,230",2020,2020-10-08,282,0.6958574712727192,578873,-17.1211492996419,741892,-8.627145856786047,741892,-8.494003442855856,741892
Jagatsinghpur,JGS,1,"1_1_1_1_2_16_963,230",2020,2020-10-08,282,0.689503826259435,432693,-16.846744171485106,601275,-8.701408121932092,601275,-8.14533604955297,601275
Jagatsinghpur,JGS,1,"1_1_1_1_2_16_964,230",2020,2020-10-08,282,0.6316901005055822,112313,-16.70167282240437,125259,-10.075519279243174,125259,-6.626153543161149,125259
Jagatsinghpur,JGS,1,"1_1_1_1_2_16_965,230",2020,2020-10-08,282,0.5632241325410283,4918,-17.595325331110885,10328,-11.296417548231258,10328,-6.298907782879626,10328
Jagatsinghpur,JGS,1,"1_1_1_1_2_16_957,231",2020,2020-10-08,282,0.6926595621051675,456912,-17.58888081031823,522278,-10.167434555133978,522278,-7.421446255184256,522278
Jagatsinghpur,JGS,1,"1_1_1_1_2_16_958,231",2020,2020-10-08,282,0.7265998565881888,639627,-17.357425053869335,649727,-9.930090288595382,649727,-7.427334765273955,649727
Jagatsinghpur,JGS,1,"1_1_1_1_2_16_959,231",2020,2020-10-08,282,0.712361287550003,528945,-17.225774080372958,544379,-9.91973364606178,544379,-7.306040434311148,544379
Jagatsinghpur,JGS,1,"1_1_1_1_2_16_960,231",2020,2020-10-08,282,0.6387331653372965,462567,-16.90957663335049,525591,-9.391988982612737,525591,-7.517587650737754,525591
Jagatsinghpur,JGS,1,"1_1_1_1_2_16_961,231",2020,2020-10-08,282,0.6139350825808054,444050,-17.224190948915677,638601,-9.55054061342421,638601,-7.67365033549145,638601
Jagatsinghpur,JGS,1,"1_1_1_1_2_16_962,231",2020,2020-10-08,282,0.6109571966872535,493471,-16.904621406100805,661478,-9.56596336464161,661478,-7.338658041459189,661478
Jagatsinghpur,JGS,1,"1_1_1_1_2_16_963,231",2020,2020-10-08,282,0.6641897284688109,374454,-16.612162909560062,623890,-9.282757478228607,623890,-7.329405431331498,623890
Jagatsinghpur,JGS,1,"1_1_1_1_2_16_964,231",2020,2020-10-08,282,0.7135605172802901,449637,-17.299195015535176,543323,-8.776033153956055,543323,-8.52316186157915,543323
Jagatsinghpur,JGS,1,"1_1_1_1_2_17_961,226",2020,2020-10-18,292,0.6042890166132482,6793,-16.221187743396616,12383,-8.579695703337062,12383,-7.641492040059679,12383
Jagatsinghpur,JGS,1,"1_1_1_1_2_17_959,227",2020,2020-10-18,292,0.7222259154063296,452594,-16.272796429283115,510204,-8.879776113558819,510204,-7.3930203157242955,510204
Jagatsinghpur,JGS,1,"1_1_1_1_2_17_960,227",2020,2020-10-18,292,0.6997830773438002,332149,-16.253875112739593,432279,-9.184013463430606,432279,-7.0698616493089625,432279
Jagatsinghpur,JGS,1,"1_1_1_1_2_17_961,227",2020,2020-10-18,292,0.6835718985385532,205890,-16.813676976270045,447583,-8.207483188180527,447583,-8.606193788089527,447583
Jagatsinghpur,JGS,1,"1_1_1_1_2_17_962,227",2020,2020-10-18,292,0.6487306140738107,181,-19.459297828126886,786,-11.484374296920615,786,-7.974923531206267,786
Jagatsinghpur,JGS,1,"1_1_1_1_2_17_958,228",2020,2020-10-18,292,0.7105388595337749,639772,-16.013392741726634,657750,-8.951723311742922,657750,-7.061669429983704,657750
Jagatsinghpur,JGS,1,"1_1_1_1_2_17_959,228",2020,2020-10-18,292,0.6816444031866354,604383,-16.21122009219875,653265,-8.997263032217072,653265,-7.2139570599816745,653265
Jagatsinghpur,JGS,1,"1_1_1_1_2_17_960,228",2020,2020-10-18,292,0.711367378619173,648936,-16.34653635789207,693526,-8.997505955664241,693526,-7.349030402227822,693526
Jagatsinghpur,JGS,1,"1_1_1_1_2_17_961,228",2020,2020-10-18,292,0.7477640154810588,577320,-17.253747329636248,728813,-7.823576934522311,728813,-9.430170395113914,728813
Jagatsinghpur,JGS,1,"1_1_1_1_2_17_962,228",2020,2020-10-18,292,0.6383275764992227,68510,-19.140950247625664,246956,-8.795717705571837,246956,-10.345232542053816,246956
Jagatsinghpur,JGS,1,"1_1_1_1_2_17_958,229",2020,2020-10-18,292,0.6870025540224595,582694,-16.0502364001155,604467,-9.217576963717574,604467,-6.832659436397917,604467
Jagatsinghpur,JGS,1,"1_1_1_1_2_17_959,229",2020,2020-10-18,292,0.7352240286797544,528038,-16.21533590679197,604967,-8.788327134001303,604967,-7.427008772790707,604967
Jagatsinghpur,JGS,1,"1_1_1_1_2_17_960,229",2020,2020-10-18,292,0.7003143845940869,675016,-16.373429571900264,733746,-8.453788707000273,733746,-7.9196408649000665,733746
Jagatsinghpur,JGS,1,"1_1_1_1_2_17_961,229",2020,2020-10-18,292,0.7184706412815103,603794,-16.770947368721725,778594,-8.169663308987113,778594,-8.60128405973459,778594
Jagatsinghpur,JGS,1,"1_1_1_1_2_17_962,229",2020,2020-10-18,292,0.7002856791804186,303620,-17.551197930674768,513858,-8.110902507383944,513858,-9.440295423290781,513858
Jagatsinghpur,JGS,1,"1_1_1_1_2_17_963,229",2020,2020-10-18,292,0.6748127939578573,36602,-16.053356114907235,55675,-8.584244429381322,55675,-7.469111685525854,55675
Jagatsinghpur,JGS,1,"1_1_1_1_2_17_964,229",2020,2020-10-18,292,,0,,0,,0,,0
Jagatsinghpur,JGS,1,"1_1_1_1_2_17_957,230",2020,2020-10-18,292,0.6550229187700718,410427,-16.325997857305858,620511,-9.299738227085786,620511,-7.026259630220016,620511
Jagatsinghpur,JGS,1,"1_1_1_1_2_17_958,230",2020,2020-10-18,292,0.7351292616225522,569918,-16.40183451503782,574078,-9.274417290197098,574078,-7.1274172248407215,574078
Jagatsinghpur,JGS,1,"1_1_1_1_2_17_959,230",2020,2020-10-18,292,0.7413998821325365,624815,-16.533995351555863,640106,-9.099778868357111,640106,-7.434216483198825,640106
Jagatsinghpur,JGS,1,"1_1_1_1_2_17_960,230",2020,2020-10-18,292,0.7181754168046565,642556,-16.25461815814546,679387,-8.649677289238038,679387,-7.6049408689073905,679387
Jagatsinghpur,JGS,1,"1_1_1_1_2_17_961,230",2020,2020-10-18,292,0.7229786844554188,531057,-16.508254557377803,712352,-8.905918582521663,712352,-7.602335974856195,712352
Jagatsinghpur,JGS,1,"1_1_1_1_2_17_962,230",2020,2020-10-18,292,0.763975205294739,693530,-16.56177187368406,741892,-8.5363917283186,741892,-8.025380145365414,741892
Jagatsinghpur,JGS,1,"1_1_1_1_2_17_963,230",2020,2020-10-18,292,0.746972022565758,548455,-16.16517897595754,601275,-8.493225305793677,601275,-7.671953670163901,601275
Jagatsinghpur,JGS,1,"1_1_1_1_2_17_964,230",2020,2020-10-18,292,0.6339484968750108,92164,-16.537243838589845,125259,-9.611506529599623,125259,-6.925737308990219,125259
Jagatsinghpur,JGS,1,"1_1_1_1_2_17_965,230",2020,2020-10-18,292,0.535449106075343,3571,-16.884449843835675,10328,-10.709658056139178,10328,-6.174791787696479,10328
Jagatsinghpur,JGS,1,"1_1_1_1_2_17_957,231",2020,2020-10-18,292,0.6996041508855173,465563,-16.492176289978065,535010,-9.318696191894903,535010,-7.17348009808319,535010
Jagatsinghpur,JGS,1,"1_1_1_1_2_17_958,231",2020,2020-10-18,292,0.7483456202776035,642423,-16.426819175555245,649727,-9.251738331285301,649727,-7.17508084426997,649727
Jagatsinghpur,JGS,1,"1_1_1_1_2_17_959,231",2020,2020-10-18,292,0.7396832767708114,535910,-16.37105934190356,544379,-9.406454809429317,544379,-6.9646045324742305,544379
Jagatsinghpur,JGS,1,"1_1_1_1_2_17_960,231",2020,2020-10-18,292,0.7111873709554923,500695,-16.15605667937755,525591,-8.838044923114264,525591,-7.3180117562632425,525591
Jagatsinghpur,JGS,1,"1_1_1_1_2_17_961,231",2020,2020-10-18,292,0.6831206540321781,524516,-16.463794868559905,638601,-9.181934999229604,638601,-7.281859869330305,638601
Jagatsinghpur,JGS,1,"1_1_1_1_2_17_962,231",2020,2020-10-18,292,0.6975709573042252,574229,-16.196687360331712,661478,-9.134556099172674,661478,-7.062131261159037,661478
Jagatsinghpur,JGS,1,"1_1_1_1_2_17_963,231",2020,2020-10-18,292,0.7243439080217108,547450,-15.924775900441155,623890,-8.911236063898583,623890,-7.0135398365426145,623890
Jagatsinghpur,JGS,1,"1_1_1_1_2_17_964,231",2020,2020-10-18,292,0.7304480272015306,484868,-16.076901477480092,543323,-8.305077359916224,543323,-7.771824117563897,543323
Jagatsinghpur,JGS,1,"1_1_1_1_2_18_961,226",2020,2020-10-28,302,0.4210277823115154,820,-16.94792381113699,12383,-11.094566363604399,12383,-5.853357447532622,12383
Jagatsinghpur,JGS,1,"1_1_1_1_2_18_959,227",2020,2020-10-28,302,0.7599952105061087,506097,-16.136603553112497,510204,-9.426664687465642,510204,-6.709938865646868,510204
Jagatsinghpur,JGS,1,"1_1_1_1_2_18_960,227",2020,2020-10-28,302,0.7450783561405014,330143,-16.37652988402986,432279,-10.252469725254816,432279,-6.124060158775075,432279
Jagatsinghpur,JGS,1,"1_1_1_1_2_18_961,227",2020,2020-10-28,302,0.652630222042129,102306,-16.34427694058016,447583,-9.7539590000405,447583,-6.590317940539641,447583
Jagatsinghpur,JGS,1,"1_1_1_1_2_18_962,227",2020,2020-10-28,302,0.6394406909810628,235,-19.369205207742123,786,-12.88081360758597,786,-6.488391600156143,786
Jagatsinghpur,JGS,1,"1_1_1_1_2_18_958,228",2020,2020-10-28,302,0.7213604208000606,652867,-16.08728832438208,657750,-9.65867698248439,657750,-6.428611341897669,657750
Jagatsinghpur,JGS,1,"1_1_1_1_2_18_959,228",2020,2020-10-28,302,0.7327122491516617,645120,-16.263826080201326,653265,-9.84563399499804,653265,-6.418192085203321,653265
Jagatsinghpur,JGS,1,"1_1_1_1_2_18_960,228",2020,2020-10-28,302,0.769985010011074,674508,-16.258921801401712,693526,-9.747734826210952,693526,-6.51118697519073,693526
Jagatsinghpur,JGS,1,"1_1_1_1_2_18_961,228",2020,2020-10-28,302,0.7499089317671445,262424,-16.534925250359827,728813,-9.639454231875368,728813,-6.895471018484517,728813
Jagatsinghpur,JGS,1,"1_1_1_1_2_18_962,228",2020,2020-10-28,302,0.5911592164682407,62951,-17.97197306261406,246956,-10.42477727154598,246956,-7.547195791068105,246956
Jagatsinghpur,JGS,1,"1_1_1_1_2_18_958,229",2020,2020-10-28,302,0.7148834371804069,598180,-16.309310788783836,604467,-10.072626513915315,604467,-6.236684274868512,604467
Jagatsinghpur,JGS,1,"1_1_1_1_2_18_959,229",2020,2020-10-28,302,0.755998291255424,602155,-16.158687215054503,604967,-9.560594353556112,604967,-6.5980928614984045,604967
Jagatsinghpur,JGS,1,"1_1_1_1_2_18_960,229",2020,2020-10-28,302,0.7421916620949476,719138,-15.90987986299699,733746,-9.253344343928381,733746,-6.6565355190686075,733746
Jagatsinghpur,JGS,1,"1_1_1_1_2_18_961,229",2020,2020-10-28,302,0.7254062908522967,550701,-16.24486236863151,778594,-9.96203322851764,778594,-6.282829140113852,778594
Jagatsinghpur,JGS,1,"1_1_1_1_2_18_962,229",2020,2020-10-28,302,0.5545678562132941,44663,-16.7443598664639,513858,-9.818427067720865,513858,-6.925932798742997,513858
Jagatsinghpur,JGS,1,"1_1_1_1_2_18_963,229",2020,2020-10-28,302,0.6353589155912422,34115,-15.569144874332126,55675,-9.476297937864562,55675,-6.09284693646763,55675
Jagatsinghpur,JGS,1,"1_1_1_1_2_18_964,229",2020,2020-10-28,302,,0,,0,,0,,0
Jagatsinghpur,JGS,1,"1_1_1_1_2_18_957,230",2020,2020-10-28,302,0.7431797134188746,617721,-16.50707346159862,620511,-9.950463084276807,620511,-6.556610377321848,620511
Jagatsinghpur,JGS,1,"1_1_1_1_2_18_958,230",2020,2020-10-28,302,0.7589206797309992,572158,-16.324739302462312,574078,-10.1586717965744,574078,-6.166067505887917,574078
Jagatsinghpur,JGS,1,"1_1_1_1_2_18_959,230",2020,2020-10-28,302,0.76227101232331,632954,-16.157030280833933,640106,-9.582420136788702,640106,-6.574610144045183,640106
Jagatsinghpur,JGS,1,"1_1_1_1_2_18_960,230",2020,2020-10-28,302,0.7544476703232668,666720,-15.975024474961316,679387,-9.228385259582502,679387,-6.746639215378794,679387
Jagatsinghpur,JGS,1,"1_1_1_1_2_18_961,230",2020,2020-10-28,302,0.7683160205874916,702341,-16.74913698756703,712352,-10.146617429428641,712352,-6.602519558138448,712352
Jagatsinghpur,JGS,1,"1_1_1_1_2_18_962,230",2020,2020-10-28,302,0.6541745842270456,402293,-16.494041077973588,741892,-10.100731999880345,741892,-6.39330907809323,741892
Jagatsinghpur,JGS,1,"1_1_1_1_2_18_963,230",2020,2020-10-28,302,0.6249841055202398,533211,-15.840913486333765,601275,-9.702426674024405,601275,-6.138486812309337,601275
Jagatsinghpur,JGS,1,"1_1_1_1_2_18_964,230",2020,2020-10-28,302,0.5869356406907185,100456,-16.480748320039858,125259,-10.260662549213817,125259,-6.220085770826057,125259
Jagatsinghpur,JGS,1,"1_1_1_1_2_18_965,230",2020,2020-10-28,302,0.533959968153409,5515,-17.033289772275257,10328,-11.098780596877823,10328,-5.9345091753974435,10328
Jagatsinghpur,JGS,1,"1_1_1_1_2_18_957,231",2020,2020-10-28,302,0.7409588691119037,532715,-16.637031954434917,535010,-9.68776442655363,535010,-6.949267527881308,535010
Jagatsinghpur,JGS,1,"1_1_1_1_2_18_958,231",2020,2020-10-28,302,0.7503738052367841,642113,-16.276557658495605,649727,-9.767197919856061,649727,-6.509359738639571,649727
Jagatsinghpur,JGS,1,"1_1_1_1_2_18_959,231",2020,2020-10-28,302,0.7392108016774391,537773,-16.183728580856762,544379,-9.921228316416292,544379,-6.262500264440499,544379
Jagatsinghpur,JGS,1,"1_1_1_1_2_18_960,231",2020,2020-10-28,302,0.7051860524955064,509269,-15.998260585967511,525591,-9.640860289638356,525591,-6.35740029632915,525591
Jagatsinghpur,JGS,1,"1_1_1_1_2_18_961,231",2020,2020-10-28,302,0.6454116557605883,603466,-16.490410642322654,638601,-10.20260372005117,638601,-6.287806922271432,638601
Jagatsinghpur,JGS,1,"1_1_1_1_2_18_962,231",2020,2020-10-28,302,0.5806112525734561,581306,-16.529056480012102,661478,-10.59653311323418,661478,-5.932523366777906,661478
Jagatsinghpur,JGS,1,"1_1_1_1_2_18_963,231",2020,2020-10-28,302,0.6213063308656789,545209,-16.05092680458972,623890,-10.198791489630203,623890,-5.8521353149595035,623890
Jagatsinghpur,JGS,1,"1_1_1_1_2_18_964,231",2020,2020-10-28,302,0.6571165888268652,504301,-15.98749067429719,543323,-9.584399548146758,543323,-6.403091126150444,543323
Jagatsinghpur,JGS,1,"1_1_1_1_2_19_961,226",2020,2020-11-07,312,0.6537286153909228,11978,,0,,0,,0
Jagatsinghpur,JGS,1,"1_1_1_1_2_19_959,227",2020,2020-11-07,312,0.7291493297687931,508824,-15.10310901414362,510204,-8.979234042684368,510204,-6.123874971459274,510204
Jagatsinghpur,JGS,1,"1_1_1_1_2_19_960,227",2020,2020-11-07,312,0.6814164722293968,427317,-15.024526602386493,305511,-9.352848907382995,305511,-5.671677695003497,305511
Jagatsinghpur,JGS,1,"1_1_1_1_2_19_961,227",2020,2020-11-07,312,0.6497263655626538,418602,,0,,0,,0
Jagatsinghpur,JGS,1,"1_1_1_1_2_19_962,227",2020,2020-11-07,312,0.529346159157403,366,,0,,0,,0
Jagatsinghpur,JGS,1,"1_1_1_1_2_19_958,228",2020,2020-11-07,312,0.6690337906048832,656402,-15.191359716751068,657750,-9.164933385588066,657750,-6.026426331163032,657750
Jagatsinghpur,JGS,1,"1_1_1_1_2_19_959,228",2020,2020-11-07,312,0.6860580411526049,651690,-15.40211540875908,653265,-9.526562061238371,653265,-5.875553347520656,653265
Jagatsinghpur,JGS,1,"1_1_1_1_2_19_960,228",2020,2020-11-07,312,0.7478965989137464,692306,-15.095298419681514,564341,-9.096482847923626,564341,-5.998815571757918,564341
Jagatsinghpur,JGS,1,"1_1_1_1_2_19_961,228",2020,2020-11-07,312,0.6617898053471916,694764,,0,,0,,0
Jagatsinghpur,JGS,1,"1_1_1_1_2_19_962,228",2020,2020-11-07,312,0.5256581036457249,185096,,0,,0,,0
Jagatsinghpur,JGS,1,"1_1_1_1_2_19_958,229",2020,2020-11-07,312,0.6682056713136134,601220,-15.775259932943808,604467,-9.541554581674044,604467,-6.233705351269734,604467
Jagatsinghpur,JGS,1,"1_1_1_1_2_19_959,229",2020,2020-11-07,312,0.7123389239638915,603926,-15.272295949555472,604967,-8.838871262400762,604967,-6.433424687154686,604967
Jagatsinghpur,JGS,1,"1_1_1_1_2_19_960,229",2020,2020-11-07,312,0.7199844551036149,732706,-14.815559929172993,720455,-8.799122586336503,720455,-6.0164373428364675,720455
Jagatsinghpur,JGS,1,"1_1_1_1_2_19_961,229",2020,2020-11-07,312,0.6713175485410827,757744,-15.154617038732887,25849,-8.976141247283197,25849,-6.178475791449632,25849
Jagatsinghpur,JGS,1,"1_1_1_1_2_19_962,229",2020,2020-11-07,312,0.6022407098964894,457896,,0,,0,,0
Jagatsinghpur,JGS,1,"1_1_1_1_2_19_963,229",2020,2020-11-07,312,0.6069046406225806,53006,,0,,0,,0
Jagatsinghpur,JGS,1,"1_1_1_1_2_19_964,229",2020,2020-11-07,312,,0,,0,,0,,0
Jagatsinghpur,JGS,1,"1_1_1_1_2_19_957,230",2020,2020-11-07,312,0.6839469332205371,619435,-16.027582777972103,620511,-9.072518000357157,620511,-6.955064777614956,620511
Jagatsinghpur,JGS,1,"1_1_1_1_2_19_958,230",2020,2020-11-07,312,0.7091932520293227,573471,-15.722085848629899,574078,-9.271863990073602,574078,-6.4502218585562945,574078
Jagatsinghpur,JGS,1,"1_1_1_1_2_19_959,230",2020,2020-11-07,312,0.733883703858727,639117,-15.317817152017412,640106,-8.340353567528707,640106,-6.977463584488653,640106
Jagatsinghpur,JGS,1,"1_1_1_1_2_19_960,230",2020,2020-11-07,312,0.7294226347745413,675031,-15.003960689094644,679387,-8.37736459241412,679387,-6.626596096680488,679387
Jagatsinghpur,JGS,1,"1_1_1_1_2_19_961,230",2020,2020-11-07,312,0.7369523409832569,709095,-15.168720320623967,143931,-8.180974683057373,143931,-6.987745637566508,143931
Jagatsinghpur,JGS,1,"1_1_1_1_2_19_962,230",2020,2020-11-07,312,0.7073123748261402,726854,,0,,0,,0
Jagatsinghpur,JGS,1,"1_1_1_1_2_19_963,230",2020,2020-11-07,312,0.6677552950601453,586400,,0,,0,,0
Jagatsinghpur,JGS,1,"1_1_1_1_2_19_964,230",2020,2020-11-07,312,0.5879633506820648,114414,,0,,0,,0
Jagatsinghpur,JGS,1,"1_1_1_1_2_19_965,230",2020,2020-11-07,312,0.5157883777613674,7175,,0,,0,,0
Jagatsinghpur,JGS,1,"1_1_1_1_2_19_957,231",2020,2020-11-07,312,0.6900183590838499,534381,-16.067831783520624,535010,-8.522673441678068,535010,-7.545158341842568,535010
Jagatsinghpur,JGS,1,"1_1_1_1_2_19_958,231",2020,2020-11-07,312,0.7078638595928858,647547,-15.662356889825693,649727,-8.443364879704744,649727,-7.218992010120959,649727
Jagatsinghpur,JGS,1,"1_1_1_1_2_19_959,231",2020,2020-11-07,312,0.7282160787949987,542418,-15.635659975528078,544379,-8.902379534585226,544379,-6.733280440942907,544379
Jagatsinghpur,JGS,1,"1_1_1_1_2_19_960,231",2020,2020-11-07,312,0.6971757579558927,523154,-15.533728130243126,524996,-9.111267590850264,524996,-6.4224605393928,524996
Jagatsinghpur,JGS,1,"1_1_1_1_2_19_961,231",2020,2020-11-07,312,0.6540318894145264,632897,-15.74833084010446,262638,-9.460090268498552,262638,-6.288240571605912,262638
Jagatsinghpur,JGS,1,"1_1_1_1_2_19_962,231",2020,2020-11-07,312,0.5987235049403288,655311,,0,,0,,0
Jagatsinghpur,JGS,1,"1_1_1_1_2_19_963,231",2020,2020-11-07,312,0.6544126259261427,608482,,0,,0,,0
Jagatsinghpur,JGS,1,"1_1_1_1_2_19_964,231",2020,2020-11-07,312,0.6767474968969057,525314,,0,,0,,0
Jagatsinghpur,JGS,1,"1_1_1_1_2_20_961,226",2020,2020-11-17,322,0.5949750427427982,9923,-15.444469312231252,12383,-10.074362166233291,12383,-5.3701071459980385,12383
Jagatsinghpur,JGS,1,"1_1_1_1_2_20_959,227",2020,2020-11-17,322,0.6651806994671069,505226,-15.656399477129579,510204,-10.063024355539177,510204,-5.593375121590408,510204
Jagatsinghpur,JGS,1,"1_1_1_1_2_20_960,227",2020,2020-11-17,322,0.6360331657940018,411947,-15.863957867182084,432279,-10.352560332933223,432279,-5.511397534248875,432279
Jagatsinghpur,JGS,1,"1_1_1_1_2_20_961,227",2020,2020-11-17,322,0.6487205177862753,332611,-15.309902313491477,447583,-9.787737641354731,447583,-5.5221646721367135,447583
Jagatsinghpur,JGS,1,"1_1_1_1_2_20_962,227",2020,2020-11-17,322,0.682273907991885,150,-19.04693959125667,786,-12.761552732528965,786,-6.28538685872774,786
Jagatsinghpur,JGS,1,"1_1_1_1_2_20_958,228",2020,2020-11-17,322,0.5947263201963094,654235,-16.069164732061314,657750,-10.55140014739303,657750,-5.517764584668242,657750
Jagatsinghpur,JGS,1,"1_1_1_1_2_20_959,228",2020,2020-11-17,322,0.6168449659522589,646099,-16.0805507480784,653265,-10.47078023422143,653265,-5.6097705138570015,653265
Jagatsinghpur,JGS,1,"1_1_1_1_2_20_960,228",2020,2020-11-17,322,0.6976730019387049,684656,-15.615566110894786,693526,-10.022258645522582,693526,-5.593307465372193,693526
Jagatsinghpur,JGS,1,"1_1_1_1_2_20_961,228",2020,2020-11-17,322,0.6781789495821168,569752,-15.32533867186715,728813,-9.834516232508768,728813,-5.490822439358391,728813
Jagatsinghpur,JGS,1,"1_1_1_1_2_20_962,228",2020,2020-11-17,322,0.6278316723473034,77005,-16.683594706928922,246956,-10.489587656042298,246956,-6.194007050886673,246956
Jagatsinghpur,JGS,1,"1_1_1_1_2_20_958,229",2020,2020-11-17,322,0.5938180711041324,599778,-16.556593156065187,604467,-10.939548506113988,604467,-5.617044649951182,604467
Jagatsinghpur,JGS,1,"1_1_1_1_2_20_959,229",2020,2020-11-17,322,0.635379113099654,593435,-15.791704620294768,604967,-9.847384329220196,604967,-5.944320291074563,604967
Jagatsinghpur,JGS,1,"1_1_1_1_2_20_960,229",2020,2020-11-17,322,0.6576164309199009,717992,-15.248591097260046,733746,-9.513622352817718,733746,-5.734968744442316,733746
Jagatsinghpur,JGS,1,"1_1_1_1_2_20_961,229",2020,2020-11-17,322,0.6500757357951099,674237,-15.388313507171233,778594,-10.034391535604135,778594,-5.353921971567085,778594
Jagatsinghpur,JGS,1,"1_1_1_1_2_20_962,229",2020,2020-11-17,322,0.6197084808453922,297042,-15.83248234874157,513858,-9.82221501457537,513858,-6.010267334166215,513858
Jagatsinghpur,JGS,1,"1_1_1_1_2_20_963,229",2020,2020-11-17,322,0.6423823310355187,38365,-15.227297245054656,55675,-9.421825264237425,55675,-5.805471980817216,55675
Jagatsinghpur,JGS,1,"1_1_1_1_2_20_964,229",2020,2020-11-17,322,,0,,0,,0,,0
Jagatsinghpur,JGS,1,"1_1_1_1_2_20_957,230",2020,2020-11-17,322,0.6006781095092137,618507,-16.5556639255359,620511,-10.822121904703316,620511,-5.7335420208326235,620511
Jagatsinghpur,JGS,1,"1_1_1_1_2_20_958,230",2020,2020-11-17,322,0.6283396217298338,571867,-16.206414226633424,574078,-10.66369121319751,574078,-5.542723013435916,574078
Jagatsinghpur,JGS,1,"1_1_1_1_2_20_959,230",2020,2020-11-17,322,0.6466576152712462,626525,-15.52173303084024,640106,-9.77720780956675,640106,-5.744525221273454,640106
Jagatsinghpur,JGS,1,"1_1_1_1_2_20_960,230",2020,2020-11-17,322,0.6441468389234828,658628,-15.198861450042896,679387,-9.63715950428772,679387,-5.561701945755183,679387
Jagatsinghpur,JGS,1,"1_1_1_1_2_20_961,230",2020,2020-11-17,322,0.7000412747752074,697363,-15.820387242398036,712352,-10.214686050420717,712352,-5.605701191977366,712352
Jagatsinghpur,JGS,1,"1_1_1_1_2_20_962,230",2020,2020-11-17,322,0.6762250027130939,671463,-15.560317629275458,741892,-9.93712551210326,741892,-5.623192117172223,741892
Jagatsinghpur,JGS,1,"1_1_1_1_2_20_963,230",2020,2020-11-17,322,0.6597833132767111,518865,-15.033956424243666,601275,-9.441505573027376,601275,-5.592450851216259,601275
Jagatsinghpur,JGS,1,"1_1_1_1_2_20_964,230",2020,2020-11-17,322,0.6193240591714059,76351,-16.335344771007655,125259,-10.198564767995427,125259,-6.136780003012219,125259
Jagatsinghpur,JGS,1,"1_1_1_1_2_20_965,230",2020,2020-11-17,322,0.5097553686511531,2981,-17.2266198691393,10328,-11.247218741971063,10328,-5.979401127168297,10328
Jagatsinghpur,JGS,1,"1_1_1_1_2_20_957,231",2020,2020-11-17,322,0.6040779943608447,534113,-16.43161791828843,535010,-10.375932575354197,535010,-6.055685342934231,535010
Jagatsinghpur,JGS,1,"1_1_1_1_2_20_958,231",2020,2020-11-17,322,0.6154644745443589,643938,-15.90773864177748,649727,-10.049927144801968,649727,-5.857811496975488,649727
Jagatsinghpur,JGS,1,"1_1_1_1_2_20_959,231",2020,2020-11-17,322,0.6340475718240746,529369,-15.851088224844565,544379,-10.190354362759217,544379,-5.660733862085374,544379
Jagatsinghpur,JGS,1,"1_1_1_1_2_20_960,231",2020,2020-11-17,322,0.610495977464016,507624,-15.784115651438178,525591,-10.216898955142936,525591,-5.5672166962952465,525591
Jagatsinghpur,JGS,1,"1_1_1_1_2_20_961,231",2020,2020-11-17,322,0.6022357813426535,562510,-16.250350696366905,638601,-10.540265078105195,638601,-5.710085618261704,638601
Jagatsinghpur,JGS,1,"1_1_1_1_2_20_962,231",2020,2020-11-17,322,0.5848289520250735,593736,-16.583523806861727,661478,-10.828302302069327,661478,-5.75522150479248,661478
Jagatsinghpur,JGS,1,"1_1_1_1_2_20_963,231",2020,2020-11-17,322,0.6378183855794433,545565,-15.61804448852652,623890,-10.08732192526068,623890,-5.530722563265851,623890
Jagatsinghpur,JGS,1,"1_1_1_1_2_20_964,231",2020,2020-11-17,322,0.6309232302870632,452098,-14.846852758243603,543323,-9.1731762921827,543323,-5.673676466060899,543323
Jagatsinghpur,JGS,1,"1_1_1_1_2_21_961,226",2020,2020-11-27,332,0.3717763016360277,12383,-15.818853518965236,12383,-10.028521517726665,12383,-5.790332001238612,12383
Jagatsinghpur,JGS,1,"1_1_1_1_2_21_959,227",2020,2020-11-27,332,0.5088112031824288,510203,-16.064490175096093,510204,-10.56896777281335,510204,-5.495522402282689,510204
Jagatsinghpur,JGS,1,"1_1_1_1_2_21_960,227",2020,2020-11-27,332,0.4726472865421657,432265,-16.035021828522968,432279,-10.378337477726832,432279,-5.656684350796126,432279
Jagatsinghpur,JGS,1,"1_1_1_1_2_21_961,227",2020,2020-11-27,332,0.4293073268618858,447582,-15.81046180135149,447583,-10.227343866463341,447583,-5.583117934888141,447583
Jagatsinghpur,JGS,1,"1_1_1_1_2_21_962,227",2020,2020-11-27,332,0.296781511049536,786,-19.61772373047889,786,-13.2586927756462,786,-6.359030954832712,786
Jagatsinghpur,JGS,1,"1_1_1_1_2_21_958,228",2020,2020-11-27,332,0.43569563892264723,657750,-16.615649969310038,657750,-11.002165981322875,657750,-5.61348398798718,657750
Jagatsinghpur,JGS,1,"1_1_1_1_2_21_959,228",2020,2020-11-27,332,0.4567871610693542,653265,-16.566516513162952,653265,-10.805131445059319,653265,-5.761385068103648,653265
Jagatsinghpur,JGS,1,"1_1_1_1_2_21_960,228",2020,2020-11-27,332,0.5335277850518984,693526,-15.78141740213605,693526,-10.320482050699225,693526,-5.460935351436857,693526
Jagatsinghpur,JGS,1,"1_1_1_1_2_21_961,228",2020,2020-11-27,332,0.4367725084852776,728813,-15.610360835835543,728813,-10.256512512933552,728813,-5.353848322902023,728813
Jagatsinghpur,JGS,1,"1_1_1_1_2_21_962,228",2020,2020-11-27,332,0.4099597689257289,246956,-17.20777576374927,246956,-11.25116391825828,246956,-5.956611845491042,246956
Jagatsinghpur,JGS,1,"1_1_1_1_2_21_958,229",2020,2020-11-27,332,0.4710607552269332,604467,-16.90407405081654,604467,-11.209041977306553,604467,-5.695032073509955,604467
Jagatsinghpur,JGS,1,"1_1_1_1_2_21_959,229",2020,2020-11-27,332,0.49938334102551374,604967,-16.07955902421233,604967,-10.523790523648048,604967,-5.5557685005642625,604967
Jagatsinghpur,JGS,1,"1_1_1_1_2_21_960,229",2020,2020-11-27,332,0.5200071400464322,733746,-15.247696664061877,733746,-9.89353265619469,733746,-5.354164007867187,733746
Jagatsinghpur,JGS,1,"1_1_1_1_2_21_961,229",2020,2020-11-27,332,0.45663151202781854,778594,-15.515261808588894,778594,-10.380079673284458,778594,-5.135182135304452,778594
Jagatsinghpur,JGS,1,"1_1_1_1_2_21_962,229",2020,2020-11-27,332,0.408719662393689,513858,-16.007003587508695,513858,-10.400460940040187,513858,-5.606542647468526,513858
Jagatsinghpur,JGS,1,"1_1_1_1_2_21_963,229",2020,2020-11-27,332,0.4982610437807493,55675,-15.530323926209302,55675,-9.965914128732921,55675,-5.564409797476381,55675
Jagatsinghpur,JGS,1,"1_1_1_1_2_21_964,229",2020,2020-11-27,332,,0,,0,,0,,0
Jagatsinghpur,JGS,1,"1_1_1_1_2_21_957,230",2020,2020-11-27,332,0.5067770861971348,615722,-16.98735741210348,620511,-11.34716451844463,620511,-5.640192893658842,620511
Jagatsinghpur,JGS,1,"1_1_1_1_2_21_958,230",2020,2020-11-27,332,0.504658984493701,574078,-16.456830844318862,574078,-11.03939045429452,574078,-5.417440390024382,574078
Jagatsinghpur,JGS,1,"1_1_1_1_2_21_959,230",2020,2020-11-27,332,0.5143112063653543,640106,-15.605516324165432,640106,-10.30947401600873,640106,-5.296042308156654,640106
Jagatsinghpur,JGS,1,"1_1_1_1_2_21_960,230",2020,2020-11-27,332,0.48274343205874326,679387,-15.152597699808009,679387,-10.022972258140543,679387,-5.129625441667509,679387
Jagatsinghpur,JGS,1,"1_1_1_1_2_21_961,230",2020,2020-11-27,332,0.5262489183153916,712352,-15.847863582014408,712352,-10.673571643549485,712352,-5.174291938464872,712352
Jagatsinghpur,JGS,1,"1_1_1_1_2_21_962,230",2020,2020-11-27,332,0.4743165343983877,741892,-15.60177162796055,741892,-10.636602598504627,741892,-4.965169029455939,741892
Jagatsinghpur,JGS,1,"1_1_1_1_2_21_963,230",2020,2020-11-27,332,0.463072178415567,601275,-15.073845040523231,601275,-10.05153753537454,601275,-5.022307505148723,601275
Jagatsinghpur,JGS,1,"1_1_1_1_2_21_964,230",2020,2020-11-27,332,0.4832071657244641,125259,-16.770498925505223,125259,-10.720740139493753,125259,-6.049758786011453,125259
Jagatsinghpur,JGS,1,"1_1_1_1_2_21_965,230",2020,2020-11-27,332,0.43115532113865496,10328,-17.4608740800403,10328,-11.734422751253415,10328,-5.726451328786908,10328
Jagatsinghpur,JGS,1,"1_1_1_1_2_21_957,231",2020,2020-11-27,332,0.5071427173353683,487570,-16.828919451227915,535010,-11.020327306867554,535010,-5.808592144360353,535010
Jagatsinghpur,JGS,1,"1_1_1_1_2_21_958,231",2020,2020-11-27,332,0.5071688825134781,649727,-16.225456669076795,649727,-10.769214297046556,649727,-5.456242372030273,649727
Jagatsinghpur,JGS,1,"1_1_1_1_2_21_959,231",2020,2020-11-27,332,0.5191125221043912,544379,-16.15890970008722,544379,-10.747104393505797,544379,-5.411805306581481,544379
Jagatsinghpur,JGS,1,"1_1_1_1_2_21_960,231",2020,2020-11-27,332,0.5117012960907035,525591,-16.10720615079138,525591,-10.626807457539202,525591,-5.480398693252178,525591
Jagatsinghpur,JGS,1,"1_1_1_1_2_21_961,231",2020,2020-11-27,332,0.4983793213975008,638601,-16.6449149146644,638601,-11.001714103389192,638601,-5.643200811275187,638601
Jagatsinghpur,JGS,1,"1_1_1_1_2_21_962,231",2020,2020-11-27,332,0.47015895705900246,661478,-17.23387590985166,661478,-11.364871008836557,661478,-5.869004901015129,661478
Jagatsinghpur,JGS,1,"1_1_1_1_2_21_963,231",2020,2020-11-27,332,0.48348151116055627,623874,-15.945799860229844,623890,-10.45074383804625,623890,-5.495056022183579,623890
Jagatsinghpur,JGS,1,"1_1_1_1_2_21_964,231",2020,2020-11-27,332,0.42867558219019025,543313,-15.008613020656345,543323,-9.839225426607296,543323,-5.16938759404907,543323
Jagatsinghpur,JGS,1,"1_1_1_1_2_22_961,226",2020,2020-12-07,342,0.2615750344045833,12383,-16.09163102950762,12383,-10.202702803654788,12383,-5.888928225852864,12383
Jagatsinghpur,JGS,1,"1_1_1_1_2_22_959,227",2020,2020-12-07,342,0.35756211971172946,510204,-17.19266574503245,510204,-11.514369562045493,510204,-5.678296182986901,510204
Jagatsinghpur,JGS,1,"1_1_1_1_2_22_960,227",2020,2020-12-07,342,0.3428486917142462,432259,-16.972352976031626,432279,-11.081970418499603,432279,-5.890382557532014,432279
Jagatsinghpur,JGS,1,"1_1_1_1_2_22_961,227",2020,2020-12-07,342,0.31026346993194603,447553,-16.273619596774775,447583,-10.526440730760806,447583,-5.74717886601399,447583
Jagatsinghpur,JGS,1,"1_1_1_1_2_22_962,227",2020,2020-12-07,342,0.2637343543278284,786,-19.10176182492858,786,-12.932278361437184,786,-6.169483463491416,786
Jagatsinghpur,JGS,1,"1_1_1_1_2_22_958,228",2020,2020-12-07,342,0.3254903694032798,657750,-17.596510424098245,657750,-11.825013352461104,657750,-5.771497071637149,657750
Jagatsinghpur,JGS,1,"1_1_1_1_2_22_959,228",2020,2020-12-07,342,0.3439504031466336,653265,-17.643591200913168,653265,-11.765262538077614,653265,-5.87832866283553,653265
Jagatsinghpur,JGS,1,"1_1_1_1_2_22_960,228",2020,2020-12-07,342,0.39340888157392134,693526,-16.221703018478493,693526,-10.843836341371917,693526,-5.377866677106582,693526
Jagatsinghpur,JGS,1,"1_1_1_1_2_22_961,228",2020,2020-12-07,342,0.3035471727671981,728813,-15.935582935501499,728813,-10.437935517972189,728813,-5.497647417529309,728813
Jagatsinghpur,JGS,1,"1_1_1_1_2_22_962,228",2020,2020-12-07,342,0.3365729683242724,246956,-17.339618196839776,246956,-11.296129520130686,246956,-6.043488676709111,246956
Jagatsinghpur,JGS,1,"1_1_1_1_2_22_958,229",2020,2020-12-07,342,0.34458500581220153,604467,-17.58389264831261,604467,-11.82194199284451,604467,-5.761950655468087,604467
Jagatsinghpur,JGS,1,"1_1_1_1_2_22_959,229",2020,2020-12-07,342,0.3645750281606319,604967,-16.89651564887497,604967,-11.403502245421189,604967,-5.4930134034537765,604967
Jagatsinghpur,JGS,1,"1_1_1_1_2_22_960,229",2020,2020-12-07,342,0.4009697822355893,733746,-15.743422854639086,733746,-10.586044493447742,733746,-5.157378361191345,733746
Jagatsinghpur,JGS,1,"1_1_1_1_2_22_961,229",2020,2020-12-07,342,0.33098584474725384,778594,-15.48456789911271,778594,-10.328740644502059,778594,-5.155827254610666,778594
Jagatsinghpur,JGS,1,"1_1_1_1_2_22_962,229",2020,2020-12-07,342,0.3104340211412155,513858,-16.25298452560369,513858,-10.586834984098527,513858,-5.666149541505204,513858
Jagatsinghpur,JGS,1,"1_1_1_1_2_22_963,229",2020,2020-12-07,342,0.42121303928558285,55675,-15.741802276760474,55675,-10.05466253501846,55675,-5.6871397417421,55675
Jagatsinghpur,JGS,1,"1_1_1_1_2_22_964,229",2020,2020-12-07,342,,0,,0,,0,,0
Jagatsinghpur,JGS,1,"1_1_1_1_2_22_957,230",2020,2020-12-07,342,0.34871617551187883,620511,-17.620969496192266,620511,-12.010874740828685,620511,-5.610094755363627,620511
Jagatsinghpur,JGS,1,"1_1_1_1_2_22_958,230",2020,2020-12-07,342,0.33597543975959676,574078,-17.162973882294377,574078,-11.677884011843542,574078,-5.485089870450805,574078
Jagatsinghpur,JGS,1,"1_1_1_1_2_22_959,230",2020,2020-12-07,342,0.36434000370343295,640106,-16.304054483970702,640106,-11.044016434154319,640106,-5.26003804981635,640106
Jagatsinghpur,JGS,1,"1_1_1_1_2_22_960,230",2020,2020-12-07,342,0.3650976013886254,679387,-15.706657096251746,679387,-10.645323352816325,679387,-5.06133374343543,679387
Jagatsinghpur,JGS,1,"1_1_1_1_2_22_961,230",2020,2020-12-07,342,0.3749489662184428,712352,-15.749460409959362,712352,-10.576416292377331,712352,-5.173044117582041,712352
Jagatsinghpur,JGS,1,"1_1_1_1_2_22_962,230",2020,2020-12-07,342,0.33173196665376314,741892,-15.612862717287134,741892,-10.579827684232084,741892,-5.033035033055039,741892
Jagatsinghpur,JGS,1,"1_1_1_1_2_22_963,230",2020,2020-12-07,342,0.35905559361684136,601275,-15.287349368729656,601275,-10.149320158825324,601275,-5.138029209904319,601275
Jagatsinghpur,JGS,1,"1_1_1_1_2_22_964,230",2020,2020-12-07,342,0.4217369123334924,125259,-16.670442307217993,125259,-10.615344822955528,125259,-6.055097484262448,125259
Jagatsinghpur,JGS,1,"1_1_1_1_2_22_965,230",2020,2020-12-07,342,0.37786841708003494,10314,-16.81602970894711,10328,-11.243868886070045,10328,-5.572160822877059,10328
Jagatsinghpur,JGS,1,"1_1_1_1_2_22_957,231",2020,2020-12-07,342,0.35733168331330567,535010,-17.33997404614863,521073,-11.68372658237782,521073,-5.656247463770755,521073
Jagatsinghpur,JGS,1,"1_1_1_1_2_22_958,231",2020,2020-12-07,342,0.3469290089677994,649727,-16.905451831015366,649727,-11.49741141596095,649727,-5.408040415054461,649727
Jagatsinghpur,JGS,1,"1_1_1_1_2_22_959,231",2020,2020-12-07,342,0.3883309361992998,544379,-16.95267193972327,544379,-11.518839401909604,544379,-5.433832537813724,544379
Jagatsinghpur,JGS,1,"1_1_1_1_2_22_960,231",2020,2020-12-07,342,0.3983212608135123,525591,-16.731994307211046,525591,-11.252407283656988,525591,-5.479587023554048,525591
Jagatsinghpur,JGS,1,"1_1_1_1_2_22_961,231",2020,2020-12-07,342,0.3998253608128053,638601,-16.95070113033673,638601,-11.149305897450635,638601,-5.801395232886168,638601
Jagatsinghpur,JGS,1,"1_1_1_1_2_22_962,231",2020,2020-12-07,342,0.37328930687106565,661478,-17.173800472802778,661478,-11.132999001364901,661478,-6.040801471437872,661478
Jagatsinghpur,JGS,1,"1_1_1_1_2_22_963,231",2020,2020-12-07,342,0.3857892929110494,623428,-16.024547873251024,623890,-10.390242625024504,623890,-5.634305248226542,623890
Jagatsinghpur,JGS,1,"1_1_1_1_2_22_964,231",2020,2020-12-07,342,0.31461039398912205,542046,-15.59953214933845,543323,-10.212322541587737,543323,-5.3872096077507665,543323
Jagatsinghpur,JGS,1,"1_1_1_1_2_23_961,226",2020,2020-12-17,352,0.31047962840985616,12338,-18.14246749294609,12383,-11.908246291538118,12383,-6.234221201407994,12383
Jagatsinghpur,JGS,1,"1_1_1_1_2_23_959,227",2020,2020-12-17,352,0.3299925159741907,510204,-17.653438193459923,510204,-11.231535889840265,510204,-6.421902303619665,510204
Jagatsinghpur,JGS,1,"1_1_1_1_2_23_960,227",2020,2020-12-17,352,0.3184764904936669,432186,-17.95329316027114,432279,-11.236876685483402,432279,-6.716416474787719,432279
Jagatsinghpur,JGS,1,"1_1_1_1_2_23_961,227",2020,2020-12-17,352,0.3472663050448322,447574,-18.103476122491173,447583,-11.717461872582271,447583,-6.386014249908897,447583
Jagatsinghpur,JGS,1,"1_1_1_1_2_23_962,227",2020,2020-12-17,352,0.3094983860153437,786,-20.243760143062765,786,-12.984072849376073,786,-7.259687293686671,786
Jagatsinghpur,JGS,1,"1_1_1_1_2_23_958,228",2020,2020-12-17,352,0.329459784908894,657750,-17.834339557069203,657750,-11.404180566707444,657750,-6.430158990361743,657750
Jagatsinghpur,JGS,1,"1_1_1_1_2_23_959,228",2020,2020-12-17,352,0.3155234895208828,653265,-18.26493531988282,653265,-11.502626893546898,653265,-6.762308426335937,653265
Jagatsinghpur,JGS,1,"1_1_1_1_2_23_960,228",2020,2020-12-17,352,0.3216024964200975,693526,-16.77601575208447,693526,-10.804033888115473,693526,-5.971981863968989,693526
Jagatsinghpur,JGS,1,"1_1_1_1_2_23_961,228",2020,2020-12-17,352,0.32500610212056263,728813,-17.633250423436763,728813,-11.387246498841874,728813,-6.246003924594914,728813
Jagatsinghpur,JGS,1,"1_1_1_1_2_23_962,228",2020,2020-12-17,352,0.39220649129736623,246956,-18.2248838303176,246956,-11.814669104846157,246956,-6.410214725471454,246956
Jagatsinghpur,JGS,1,"1_1_1_1_2_23_958,229",2020,2020-12-17,352,0.3484049347802232,604467,-17.844345243191228,604467,-11.335629408616123,604467,-6.508715834575073,604467
Jagatsinghpur,JGS,1,"1_1_1_1_2_23_959,229",2020,2020-12-17,352,0.3132228349093081,604967,-17.039908062755742,604967,-10.771861284688542,604967,-6.268046778067183,604967
Jagatsinghpur,JGS,1,"1_1_1_1_2_23_960,229",2020,2020-12-17,352,0.32107640562627043,733746,-16.15199225032247,733746,-10.429252303330165,733746,-5.722739946992331,733746
Jagatsinghpur,JGS,1,"1_1_1_1_2_23_961,229",2020,2020-12-17,352,0.35699888001821384,778594,-16.969743604868157,778594,-11.248388420859516,778594,-5.721355184008662,778594
Jagatsinghpur,JGS,1,"1_1_1_1_2_23_962,229",2020,2020-12-17,352,0.37343829754042884,513858,-17.505193111050303,513858,-11.408954153100986,513858,-6.096238957949322,513858
Jagatsinghpur,JGS,1,"1_1_1_1_2_23_963,229",2020,2020-12-17,352,0.48020418287708266,55675,-17.243155412370204,55675,-11.179368283616956,55675,-6.063787128753274,55675
Jagatsinghpur,JGS,1,"1_1_1_1_2_23_964,229",2020,2020-12-17,352,,0,,0,,0,,0
Jagatsinghpur,JGS,1,"1_1_1_1_2_23_957,230",2020,2020-12-17,352,0.3234457407517561,620511,-17.619416840472752,620511,-11.349453061411014,620511,-6.269963779061723,620511
Jagatsinghpur,JGS,1,"1_1_1_1_2_23_958,230",2020,2020-12-17,352,0.3196003220379071,574078,-17.25897602789959,574078,-11.026581745499042,574078,-6.232394282400549,574078
Jagatsinghpur,JGS,1,"1_1_1_1_2_23_959,230",2020,2020-12-17,352,0.3076842232152828,640106,-16.341603489860663,640106,-10.46404311948327,640106,-5.8775603703774,640106
Jagatsinghpur,JGS,1,"1_1_1_1_2_23_960,230",2020,2020-12-17,352,0.302944494503405,679387,-16.09778199321024,679387,-10.340783136202251,679387,-5.756998857008004,679387
Jagatsinghpur,JGS,1,"1_1_1_1_2_23_961,230",2020,2020-12-17,352,0.3532095419006852,712352,-16.59246469437913,712352,-10.883654017585203,712352,-5.708810676793936,712352
Jagatsinghpur,JGS,1,"1_1_1_1_2_23_962,230",2020,2020-12-17,352,0.3470046946180023,741892,-16.917787356806357,741892,-11.295369441863167,741892,-5.622417914943169,741892
Jagatsinghpur,JGS,1,"1_1_1_1_2_23_963,230",2020,2020-12-17,352,0.37567661142471487,601275,-16.625875137384565,601275,-10.940797798975636,601275,-5.685077338408941,601275
Jagatsinghpur,JGS,1,"1_1_1_1_2_23_964,230",2020,2020-12-17,352,0.5353719300675932,125251,-17.45792320204261,125259,-11.176374256738152,125259,-6.281548945304458,125259
Jagatsinghpur,JGS,1,"1_1_1_1_2_23_965,230",2020,2020-12-17,352,0.4411428377967386,10309,-17.396391225313412,10328,-11.306564279788077,10328,-6.08982694552528,10328
Jagatsinghpur,JGS,1,"1_1_1_1_2_23_957,231",2020,2020-12-17,352,0.31865412847136904,535010,-17.186001798321744,535010,-10.899900553229884,535010,-6.286101245091906,535010
Jagatsinghpur,JGS,1,"1_1_1_1_2_23_958,231",2020,2020-12-17,352,0.31905841934146106,649727,-16.896307028264772,649727,-10.820408906428362,649727,-6.075898121836421,649727
Jagatsinghpur,JGS,1,"1_1_1_1_2_23_959,231",2020,2020-12-17,352,0.33717217112364395,544379,-17.08972934441383,544379,-10.899840891421665,544379,-6.189888452992165,544379
Jagatsinghpur,JGS,1,"1_1_1_1_2_23_960,231",2020,2020-12-17,352,0.35016391777513517,525591,-17.151853931690678,525591,-10.906816301525355,525591,-6.245037630165267,525591
Jagatsinghpur,JGS,1,"1_1_1_1_2_23_961,231",2020,2020-12-17,352,0.3936838989439599,638601,-17.938289447678134,638601,-11.497204116578008,638601,-6.441085331100175,638601
Jagatsinghpur,JGS,1,"1_1_1_1_2_23_962,231",2020,2020-12-17,352,0.427214755215364,661478,-18.430321657536737,661478,-11.836571973293507,661478,-6.593749684243141,661478
Jagatsinghpur,JGS,1,"1_1_1_1_2_23_963,231",2020,2020-12-17,352,0.41115213119224925,623552,-17.607790140500093,623890,-11.328156192261826,623890,-6.279633948238311,623890
Jagatsinghpur,JGS,1,"1_1_1_1_2_23_964,231",2020,2020-12-17,352,0.36392452003822195,542856,-17.159631989146114,543323,-11.026163314988537,543323,-6.1334686741575934,543323
Jagatsinghpur,JGS,1,"1_1_1_2_0_961,226",2021,2021-05-01,121,0.19250786017646426,10539,-22.114036857563285,12383,-13.495004108521943,12383,-8.619032749041391,12383
Jagatsinghpur,JGS,1,"1_1_1_2_0_959,227",2021,2021-05-01,121,0.2233552763052804,507089,-19.567839642548225,510204,-11.236271207098863,510204,-8.331568435449359,510204
Jagatsinghpur,JGS,1,"1_1_1_2_0_960,227",2021,2021-05-01,121,0.20071652735418907,368823,-20.269476628491365,432279,-11.718218461045982,432279,-8.5512581674454,432279
Jagatsinghpur,JGS,1,"1_1_1_2_0_961,227",2021,2021-05-01,121,0.21736957147313632,388432,-21.797750416386975,447583,-12.901026067349843,447583,-8.896724349037171,447583
Jagatsinghpur,JGS,1,"1_1_1_2_0_962,227",2021,2021-05-01,121,0.2953149939321703,322,-20.198857026978065,786,-11.34403503789844,786,-8.854821989079666,786
Jagatsinghpur,JGS,1,"1_1_1_2_0_958,228",2021,2021-05-01,121,0.24106381348815872,657151,-18.107998068821416,657750,-10.175459908414476,657750,-7.932538160406996,657750
Jagatsinghpur,JGS,1,"1_1_1_2_0_959,228",2021,2021-05-01,121,0.20755002682230078,651677,-19.34138423184388,653265,-10.61407979989415,653265,-8.727304431949694,653265
Jagatsinghpur,JGS,1,"1_1_1_2_0_960,228",2021,2021-05-01,121,0.2100435482506238,636698,-19.357920559444615,693526,-11.004184971731977,693526,-8.353735587712679,693526
Jagatsinghpur,JGS,1,"1_1_1_2_0_961,228",2021,2021-05-01,121,0.18998951128827496,485882,-21.677380543165402,728813,-12.807705648108485,728813,-8.869674895056976,728813
Jagatsinghpur,JGS,1,"1_1_1_2_0_962,228",2021,2021-05-01,121,0.2605872142708692,206647,-21.24128649428458,246956,-12.883684623302425,246956,-8.357601870982235,246956
Jagatsinghpur,JGS,1,"1_1_1_2_0_958,229",2021,2021-05-01,121,0.2580829922541232,604278,-17.806178046390638,604467,-9.777266491919654,604467,-8.028911554470964,604467
Jagatsinghpur,JGS,1,"1_1_1_2_0_959,229",2021,2021-05-01,121,0.23263137354173702,604545,-18.040403182011133,604967,-9.76186886845026,604967,-8.27853431356083,604967
Jagatsinghpur,JGS,1,"1_1_1_2_0_960,229",2021,2021-05-01,121,0.209003719866708,731430,-17.846135636852527,733746,-9.758989570448493,733746,-8.087146066404042,733746
Jagatsinghpur,JGS,1,"1_1_1_2_0_961,229",2021,2021-05-01,121,0.17511400127583115,290275,-20.570208526673195,778594,-12.550419869977626,778594,-8.019788656695578,778594
Jagatsinghpur,JGS,1,"1_1_1_2_0_962,229",2021,2021-05-01,121,0.23094747848063263,167466,-21.62984052901087,513858,-13.43128691724796,513858,-8.198553611762918,513858
Jagatsinghpur,JGS,1,"1_1_1_2_0_963,229",2021,2021-05-01,121,0.28051464962979905,51504,-20.475941674543073,55675,-13.047020323219726,55675,-7.428921351323407,55675
Jagatsinghpur,JGS,1,"1_1_1_2_0_964,229",2021,2021-05-01,121,,0,,0,,0,,0
Jagatsinghpur,JGS,1,"1_1_1_2_0_957,230",2021,2021-05-01,121,0.2553413547282938,617783,-18.53361422697283,620511,-10.781339790488312,620511,-7.752274436484491,620511
Jagatsinghpur,JGS,1,"1_1_1_2_0_958,230",2021,2021-05-01,121,0.22813051712487312,573625,-18.24319910362677,574078,-10.02887921116488,574078,-8.214319892461905,574078
Jagatsinghpur,JGS,1,"1_1_1_2_0_959,230",2021,2021-05-01,121,0.21189825161817996,640073,-17.364676617947488,640106,-9.201076605705667,640106,-8.16360001224185,640106
Jagatsinghpur,JGS,1,"1_1_1_2_0_960,230",2021,2021-05-01,121,0.19203795585075487,677930,-17.54026649433696,679387,-9.316035014157702,679387,-8.224231480179258,679387
Jagatsinghpur,JGS,1,"1_1_1_2_0_961,230",2021,2021-05-01,121,0.19014596583385038,586159,-19.94987294213426,712352,-11.704539742736939,712352,-8.245333199397288,712352
Jagatsinghpur,JGS,1,"1_1_1_2_0_962,230",2021,2021-05-01,121,0.15882127975380186,123060,-21.37327607492807,741892,-12.91057497147577,741892,-8.462701103452279,741892
Jagatsinghpur,JGS,1,"1_1_1_2_0_963,230",2021,2021-05-01,121,0.2975091591643272,313689,-20.15094207585226,601275,-12.432111985794089,601275,-7.718830090058215,601275
Jagatsinghpur,JGS,1,"1_1_1_2_0_964,230",2021,2021-05-01,121,0.3852765243826545,95660,-18.36052060814912,125259,-11.647008887775257,125259,-6.7135117203739085,125259
Jagatsinghpur,JGS,1,"1_1_1_2_0_965,230",2021,2021-05-01,121,0.34186807583881834,4409,-19.407910300609803,10328,-13.065944743194878,10328,-6.341965557414877,10328
Jagatsinghpur,JGS,1,"1_1_1_2_0_957,231",2021,2021-05-01,121,0.24556936392072046,534093,-18.38889978729506,535010,-10.505347917422334,535010,-7.883551869872738,535010
Jagatsinghpur,JGS,1,"1_1_1_2_0_958,231",2021,2021-05-01,121,0.23192709126700126,649526,-17.651548897601998,649727,-9.659771246755216,649727,-7.991777650846846,649727
Jagatsinghpur,JGS,1,"1_1_1_2_0_959,231",2021,2021-05-01,121,0.24071180906807402,544048,-17.576744237174335,544379,-9.525104544368693,544379,-8.051639692805606,544379
Jagatsinghpur,JGS,1,"1_1_1_2_0_960,231",2021,2021-05-01,121,0.2140173017973662,525415,-18.73944550747418,525591,-10.258326432121182,525591,-8.481119075352982,525591
Jagatsinghpur,JGS,1,"1_1_1_2_0_961,231",2021,2021-05-01,121,0.220306252351692,622947,-20.455986692362316,638601,-11.908777579369644,638601,-8.547209112992643,638601
Jagatsinghpur,JGS,1,"1_1_1_2_0_962,231",2021,2021-05-01,121,0.23660066211909186,401589,-21.785963521823366,661478,-13.319029541330101,661478,-8.466933980493295,661478
Jagatsinghpur,JGS,1,"1_1_1_2_0_963,231",2021,2021-05-01,121,0.17765147758519592,25961,-20.713165932054523,623890,-12.462728029655509,623890,-8.250437902399035,623890
Jagatsinghpur,JGS,1,"1_1_1_2_0_964,231",2021,2021-05-01,121,0.23978249581015357,218405,-19.03378590097693,543323,-11.384222965081058,543323,-7.649562935895922,543323
Jagatsinghpur,JGS,1,"1_1_1_2_1_961,226",2021,2021-05-11,131,,0,-21.992123831078267,12383,-13.555227126462432,12383,-8.436896704615855,12383
Jagatsinghpur,JGS,1,"1_1_1_2_1_959,227",2021,2021-05-11,131,0.2616011175519035,508889,-20.512146281530175,510204,-12.614004563744384,510204,-7.898141717785744,510204
Jagatsinghpur,JGS,1,"1_1_1_2_1_960,227",2021,2021-05-11,131,0.24048192886368733,295864,-20.63704283847391,432279,-12.448642132892171,432279,-8.188400705581731,432279
Jagatsinghpur,JGS,1,"1_1_1_2_1_961,227",2021,2021-05-11,131,,0,-21.72967267094171,447583,-12.839518225196459,447583,-8.890154445745171,447583
Jagatsinghpur,JGS,1,"1_1_1_2_1_962,227",2021,2021-05-11,131,,0,-20.53978769326068,786,-12.680313095728213,786,-7.859474597532441,786
Jagatsinghpur,JGS,1,"1_1_1_2_1_958,228",2021,2021-05-11,131,0.32360362845715557,656843,-18.798072791646366,657750,-11.920183745225065,657750,-6.877889046421351,657750
Jagatsinghpur,JGS,1,"1_1_1_2_1_959,228",2021,2021-05-11,131,0.2595507662477969,652336,-20.114327525632525,653265,-12.344150467243105,653265,-7.770177058389435,653265
Jagatsinghpur,JGS,1,"1_1_1_2_1_960,228",2021,2021-05-11,131,0.2581839728800852,588940,-19.727643863209224,693526,-11.850562045664356,693526,-7.8770818175448225,693526
Jagatsinghpur,JGS,1,"1_1_1_2_1_961,228",2021,2021-05-11,131,,0,-21.451258293089136,728813,-12.618290130072861,728813,-8.832968163016268,728813
Jagatsinghpur,JGS,1,"1_1_1_2_1_962,228",2021,2021-05-11,131,,0,-20.46860656533166,246956,-12.63731764739529,246956,-7.831288917936288,246956
Jagatsinghpur,JGS,1,"1_1_1_2_1_958,229",2021,2021-05-11,131,0.38183773148600086,603136,-18.0807948167452,604467,-11.611463215023363,604467,-6.469331601721869,604467
Jagatsinghpur,JGS,1,"1_1_1_2_1_959,229",2021,2021-05-11,131,0.3332968790361595,603063,-18.57091004157785,604967,-11.573845107685306,604967,-6.997064933892541,604967
Jagatsinghpur,JGS,1,"1_1_1_2_1_960,229",2021,2021-05-11,131,0.3043117956659479,730359,-18.41518594755528,733746,-11.383929104784198,733746,-7.0312568427710875,733746
Jagatsinghpur,JGS,1,"1_1_1_2_1_961,229",2021,2021-05-11,131,0.2619721604031129,70982,-20.210661612500118,778594,-12.492852870827386,778594,-7.717808741672825,778594
Jagatsinghpur,JGS,1,"1_1_1_2_1_962,229",2021,2021-05-11,131,,0,-21.047580446621936,513858,-13.161563861807156,513858,-7.886016584814768,513858
Jagatsinghpur,JGS,1,"1_1_1_2_1_963,229",2021,2021-05-11,131,,0,-19.556620131018168,55675,-12.40962222085419,55675,-7.146997910163822,55675
Jagatsinghpur,JGS,1,"1_1_1_2_1_964,229",2021,2021-05-11,131,,0,,0,,0,,0
Jagatsinghpur,JGS,1,"1_1_1_2_1_957,230",2021,2021-05-11,131,0.3392002716660105,617324,-18.216399431523435,620511,-11.665228724265992,620511,-6.551170707257451,620511
Jagatsinghpur,JGS,1,"1_1_1_2_1_958,230",2021,2021-05-11,131,0.3026883781190854,573788,-19.281640406502746,574078,-12.042865102014199,574078,-7.238775304488569,574078
Jagatsinghpur,JGS,1,"1_1_1_2_1_959,230",2021,2021-05-11,131,0.28921411923817336,638499,-18.95826484498912,640106,-11.387163852504633,640106,-7.571100992484533,640106
Jagatsinghpur,JGS,1,"1_1_1_2_1_960,230",2021,2021-05-11,131,0.24806869424747102,660955,-19.504886556240287,679387,-11.585529732196836,679387,-7.919356824043514,679387
Jagatsinghpur,JGS,1,"1_1_1_2_1_961,230",2021,2021-05-11,131,0.22917876635355372,214871,-19.732218263452292,712352,-11.816189834840237,712352,-7.916028428612033,712352
Jagatsinghpur,JGS,1,"1_1_1_2_1_962,230",2021,2021-05-11,131,,0,-20.60124893145963,741892,-12.678910490576845,741892,-7.9223384408827835,741892
Jagatsinghpur,JGS,1,"1_1_1_2_1_963,230",2021,2021-05-11,131,,0,-19.310726919568253,601275,-12.010893230507873,601275,-7.299833689060344,601275
Jagatsinghpur,JGS,1,"1_1_1_2_1_964,230",2021,2021-05-11,131,,0,-18.147849435504313,125259,-11.730580773859923,125259,-6.41726866164442,125259
Jagatsinghpur,JGS,1,"1_1_1_2_1_965,230",2021,2021-05-11,131,,0,-18.340428552181255,10328,-12.037034905553083,10328,-6.303393646628172,10328
Jagatsinghpur,JGS,1,"1_1_1_2_1_957,231",2021,2021-05-11,131,0.35248967373965306,534221,-18.665743573293064,520482,-11.827575636792604,520482,-6.838167936500463,520482
Jagatsinghpur,JGS,1,"1_1_1_2_1_958,231",2021,2021-05-11,131,0.3091403906554037,646136,-18.838784520169582,649727,-11.632609825288652,649727,-7.206174694880912,649727
Jagatsinghpur,JGS,1,"1_1_1_2_1_959,231",2021,2021-05-11,131,0.3403956120257199,543316,-18.711165060292103,544379,-11.510610707319788,544379,-7.200554352972335,544379
Jagatsinghpur,JGS,1,"1_1_1_2_1_960,231",2021,2021-05-11,131,0.26205215727747583,523908,-20.452373164577143,525591,-12.406877393120297,525591,-8.045495771456887,525591
Jagatsinghpur,JGS,1,"1_1_1_2_1_961,231",2021,2021-05-11,131,0.26420382216283284,353435,-20.335385791468973,638601,-12.285740188065626,638601,-8.049645603403372,638601
Jagatsinghpur,JGS,1,"1_1_1_2_1_962,231",2021,2021-05-11,131,,0,-20.013828215676263,661478,-12.255173564736904,661478,-7.758654650939355,661478
Jagatsinghpur,JGS,1,"1_1_1_2_1_963,231",2021,2021-05-11,131,,0,-19.186683635571455,623890,-11.867376739636352,623890,-7.31930689593515,623890
Jagatsinghpur,JGS,1,"1_1_1_2_1_964,231",2021,2021-05-11,131,,0,-18.940596022390995,543323,-11.743261292056818,543323,-7.197334730334154,543323
Jagatsinghpur,JGS,1,"1_1_1_2_2_961,226",2021,2021-05-21,141,0.016990340415359663,883,-24.249079379706167,12383,-15.776396469892285,12383,-8.472682909813894,12383
Jagatsinghpur,JGS,1,"1_1_1_2_2_959,227",2021,2021-05-21,141,0.22340698134314335,77275,-18.568935797850806,510204,-10.555918683158785,510204,-8.013017114692063,510204
Jagatsinghpur,JGS,1,"1_1_1_2_2_960,227",2021,2021-05-21,141,0.20601681911957453,142365,-19.869521710619125,432279,-11.80857297389533,432279,-8.060948736723775,432279
Jagatsinghpur,JGS,1,"1_1_1_2_2_961,227",2021,2021-05-21,141,-0.02409969406015027,631,-23.395359252150612,447583,-15.407625402421823,447583,-7.9877338497287855,447583
Jagatsinghpur,JGS,1,"1_1_1_2_2_962,227",2021,2021-05-21,141,,0,-22.218941414129468,786,-13.405430882736995,786,-8.813510531392426,786
Jagatsinghpur,JGS,1,"1_1_1_2_2_958,228",2021,2021-05-21,141,0.35360982190494067,169530,-16.997095489976243,657750,-9.686964592871243,657750,-7.310130897105032,657750
Jagatsinghpur,JGS,1,"1_1_1_2_2_959,228",2021,2021-05-21,141,0.24479781693458844,90524,-19.359279070035885,653265,-11.155790493063277,653265,-8.203488576972605,653265
Jagatsinghpur,JGS,1,"1_1_1_2_2_960,228",2021,2021-05-21,141,0.25516916968882153,128265,-19.876119319802854,693526,-11.763498586044062,693526,-8.112620733758789,693526
Jagatsinghpur,JGS,1,"1_1_1_2_2_961,228",2021,2021-05-21,141,-0.05435999870052062,528,-24.58637895554963,728813,-16.532064773713202,728813,-8.05431418183642,728813
Jagatsinghpur,JGS,1,"1_1_1_2_2_962,228",2021,2021-05-21,141,-0.015668612151546513,15984,-25.063406510530164,246956,-17.152072480155276,246956,-7.911334030374928,246956
Jagatsinghpur,JGS,1,"1_1_1_2_2_958,229",2021,2021-05-21,141,0.41957518313527453,514533,-15.790724380277037,604467,-8.777932955319203,604467,-7.012791424957835,604467
Jagatsinghpur,JGS,1,"1_1_1_2_2_959,229",2021,2021-05-21,141,0.3574083677759675,290729,-17.957364136633032,604967,-10.31211396852485,604967,-7.645250168108246,604967
Jagatsinghpur,JGS,1,"1_1_1_2_2_960,229",2021,2021-05-21,141,0.31956230476162145,192797,-19.385552194867707,733746,-11.301526159626052,733746,-8.084026035241632,733746
Jagatsinghpur,JGS,1,"1_1_1_2_2_961,229",2021,2021-05-21,141,0.06135204409396711,16352,-23.162028559465554,778594,-14.963550511632834,778594,-8.198478047832728,778594
Jagatsinghpur,JGS,1,"1_1_1_2_2_962,229",2021,2021-05-21,141,-0.04069642997529952,68991,-25.79751137278686,513858,-17.936558196311577,513858,-7.860953176475314,513858
Jagatsinghpur,JGS,1,"1_1_1_2_2_963,229",2021,2021-05-21,141,-0.004881118185847084,19533,-28.343559311603336,55675,-21.051230487005107,55675,-7.292328824598314,55675
Jagatsinghpur,JGS,1,"1_1_1_2_2_964,229",2021,2021-05-21,141,,0,,0,,0,,0
Jagatsinghpur,JGS,1,"1_1_1_2_2_957,230",2021,2021-05-21,141,0.4052336405120188,405366,-15.6809719279851,620511,-8.83956615802113,620511,-6.84140576996398,620511
Jagatsinghpur,JGS,1,"1_1_1_2_2_958,230",2021,2021-05-21,141,0.3267615693952031,453765,-16.256579581223825,574078,-8.80576365769924,574078,-7.450815923524619,574078
Jagatsinghpur,JGS,1,"1_1_1_2_2_959,230",2021,2021-05-21,141,0.32808918154395966,430850,-16.181115361680625,640106,-8.547853162216368,640106,-7.633262199464245,640106
Jagatsinghpur,JGS,1,"1_1_1_2_2_960,230",2021,2021-05-21,141,0.2596353022478035,323075,-17.283300708860153,679387,-9.313775284565834,679387,-7.969525424294301,679387
Jagatsinghpur,JGS,1,"1_1_1_2_2_961,230",2021,2021-05-21,141,0.15831864174042878,18964,-19.703061960348588,712352,-11.861140697398186,712352,-7.84192126295027,712352
Jagatsinghpur,JGS,1,"1_1_1_2_2_962,230",2021,2021-05-21,141,-0.057832154181389726,28213,-22.8560621635248,741892,-15.057718728213088,741892,-7.798343435311744,741892
Jagatsinghpur,JGS,1,"1_1_1_2_2_963,230",2021,2021-05-21,141,-0.01631807779750243,18717,-23.166628241523767,601275,-15.426276812602856,601275,-7.740351428920886,601275
Jagatsinghpur,JGS,1,"1_1_1_2_2_964,230",2021,2021-05-21,141,0.08996752537705123,9161,-21.549964004058545,125259,-14.044464043069052,125259,-7.505499960989524,125259
Jagatsinghpur,JGS,1,"1_1_1_2_2_965,230",2021,2021-05-21,141,0.1461098749639061,278,-20.649977588727452,10328,-14.09987482504817,10328,-6.550102763679301,10328
Jagatsinghpur,JGS,1,"1_1_1_2_2_957,231",2021,2021-05-21,141,0.3709395029546438,315538,-16.77368382356912,535010,-9.59856726469614,535010,-7.175116558872984,535010
Jagatsinghpur,JGS,1,"1_1_1_2_2_958,231",2021,2021-05-21,141,0.284638399059332,217113,-16.8552105398014,649727,-9.223785750067405,649727,-7.631424789733946,649727
Jagatsinghpur,JGS,1,"1_1_1_2_2_959,231",2021,2021-05-21,141,0.3748652086512592,335867,-15.594712434836502,544379,-8.241127815784017,544379,-7.353584619052475,544379
Jagatsinghpur,JGS,1,"1_1_1_2_2_960,231",2021,2021-05-21,141,0.27125649856454803,347907,-16.758069758944885,525591,-8.786294276672274,525591,-7.971775482272586,525591
Jagatsinghpur,JGS,1,"1_1_1_2_2_961,231",2021,2021-05-21,141,0.23524003337149454,68600,-18.691683742454064,638601,-10.853469254792286,638601,-7.838214487661741,638601
Jagatsinghpur,JGS,1,"1_1_1_2_2_962,231",2021,2021-05-21,141,0.005853599992046366,6045,-20.306424360125845,661478,-12.643932741536752,661478,-7.66249161858907,661478
Jagatsinghpur,JGS,1,"1_1_1_2_2_963,231",2021,2021-05-21,141,-0.026545333410972448,20398,-21.30822337379435,623890,-13.545161463646224,623890,-7.76306191014808,623890
Jagatsinghpur,JGS,1,"1_1_1_2_2_964,231",2021,2021-05-21,141,-0.0237128736644953,6954,-23.27080256341904,543323,-15.783734693475802,543323,-7.487067869943189,543323
Jagatsinghpur,JGS,1,"1_1_1_2_3_961,226",2021,2021-05-31,151,0.25365138531038756,1528,,0,,0,,0
Jagatsinghpur,JGS,1,"1_1_1_2_3_959,227",2021,2021-05-31,151,0.42815038312002973,497733,-15.97291475298092,510204,-8.05840363116501,510204,-7.914511121815871,510204
Jagatsinghpur,JGS,1,"1_1_1_2_3_960,227",2021,2021-05-31,151,0.43639014891902367,287846,-16.69032198534001,306527,-9.139730615811793,306527,-7.550591369528179,306527
Jagatsinghpur,JGS,1,"1_1_1_2_3_961,227",2021,2021-05-31,151,0.17604109193778894,54856,,0,,0,,0
Jagatsinghpur,JGS,1,"1_1_1_2_3_962,227",2021,2021-05-31,151,0.4526187327596568,129,,0,,0,,0
Jagatsinghpur,JGS,1,"1_1_1_2_3_958,228",2021,2021-05-31,151,0.47187986922920827,652042,-15.68790657137849,657750,-8.42841852933321,657750,-7.2594880420453185,657750
Jagatsinghpur,JGS,1,"1_1_1_2_3_959,228",2021,2021-05-31,151,0.4407726391369694,517493,-16.72751362103317,653265,-9.071850073586223,653265,-7.6556635474469354,653265
Jagatsinghpur,JGS,1,"1_1_1_2_3_960,228",2021,2021-05-31,151,0.4623477937022246,441112,-16.45290979904039,565964,-9.145627623154052,565964,-7.307282175886365,565964
Jagatsinghpur,JGS,1,"1_1_1_2_3_961,228",2021,2021-05-31,151,0.27266043761451164,91288,,0,,0,,0
Jagatsinghpur,JGS,1,"1_1_1_2_3_962,228",2021,2021-05-31,151,0.053016574936475866,21952,,0,,0,,0
Jagatsinghpur,JGS,1,"1_1_1_2_3_958,229",2021,2021-05-31,151,0.5310052075374382,600693,-14.72642945723194,604467,-7.844251610124574,604467,-6.8821778471073545,604467
Jagatsinghpur,JGS,1,"1_1_1_2_3_959,229",2021,2021-05-31,151,0.5032528753735579,530710,-15.890805282569797,604967,-8.634430608681066,604967,-7.256374673888723,604967
Jagatsinghpur,JGS,1,"1_1_1_2_3_960,229",2021,2021-05-31,151,0.5080257593391103,457271,-17.1500993104663,721171,-9.957800791079688,721171,-7.192298519386558,721171
Jagatsinghpur,JGS,1,"1_1_1_2_3_961,229",2021,2021-05-31,151,0.43547428624322054,117788,-18.566608472808486,26957,-11.136876080860867,26957,-7.429732391947574,26957
Jagatsinghpur,JGS,1,"1_1_1_2_3_962,229",2021,2021-05-31,151,0.07091475899307764,54628,,0,,0,,0
Jagatsinghpur,JGS,1,"1_1_1_2_3_963,229",2021,2021-05-31,151,0.11113862123647197,5516,,0,,0,,0
Jagatsinghpur,JGS,1,"1_1_1_2_3_964,229",2021,2021-05-31,151,,0,,0,,0,,0
Jagatsinghpur,JGS,1,"1_1_1_2_3_957,230",2021,2021-05-31,151,0.534201805693431,614118,-15.58439008809086,620511,-8.773110535097915,620511,-6.811279552992936,620511
Jagatsinghpur,JGS,1,"1_1_1_2_3_958,230",2021,2021-05-31,151,0.49432933821123265,568820,-14.83028636084484,574078,-7.6847990894253115,574078,-7.145487271419546,574078
Jagatsinghpur,JGS,1,"1_1_1_2_3_959,230",2021,2021-05-31,151,0.4602656652597194,542311,-15.045757626894721,640106,-7.488772539732731,640106,-7.556985087161957,640106
Jagatsinghpur,JGS,1,"1_1_1_2_3_960,230",2021,2021-05-31,151,0.4223165363383527,519569,-15.802961758378231,679387,-8.012879138011995,679387,-7.79008262036625,679387
Jagatsinghpur,JGS,1,"1_1_1_2_3_961,230",2021,2021-05-31,151,0.42541047029554735,287801,-16.01626888455334,145365,-8.321294644028624,145365,-7.694974240524784,145365
Jagatsinghpur,JGS,1,"1_1_1_2_3_962,230",2021,2021-05-31,151,0.30728643206520967,136516,,0,,0,,0
Jagatsinghpur,JGS,1,"1_1_1_2_3_963,230",2021,2021-05-31,151,0.2766317437178244,74076,,0,,0,,0
Jagatsinghpur,JGS,1,"1_1_1_2_3_964,230",2021,2021-05-31,151,0.3455996979540659,19652,,0,,0,,0
Jagatsinghpur,JGS,1,"1_1_1_2_3_965,230",2021,2021-05-31,151,0.262959168970299,784,,0,,0,,0
Jagatsinghpur,JGS,1,"1_1_1_2_3_957,231",2021,2021-05-31,151,0.4988710712235215,529873,-16.389425135679957,535010,-9.128277749319315,535010,-7.261147386360618,535010
Jagatsinghpur,JGS,1,"1_1_1_2_3_958,231",2021,2021-05-31,151,0.46444536154783006,637771,-15.596556913214053,649727,-8.064056958727043,649727,-7.532499954487012,649727
Jagatsinghpur,JGS,1,"1_1_1_2_3_959,231",2021,2021-05-31,151,0.5061541707430182,510861,-14.972663861504602,544379,-7.686231957890455,544379,-7.286431903614142,544379
Jagatsinghpur,JGS,1,"1_1_1_2_3_960,231",2021,2021-05-31,151,0.4076347902156116,452449,-16.13809659582937,525129,-8.008187723771382,525129,-8.129908872057962,525129
Jagatsinghpur,JGS,1,"1_1_1_2_3_961,231",2021,2021-05-31,151,0.41863024048583297,448950,-16.837853655762345,264021,-8.810093942716044,264021,-8.027759713046297,264021
Jagatsinghpur,JGS,1,"1_1_1_2_3_962,231",2021,2021-05-31,151,0.47198362972303753,292914,,0,,0,,0
Jagatsinghpur,JGS,1,"1_1_1_2_3_963,231",2021,2021-05-31,151,0.4946913730870191,143510,,0,,0,,0
Jagatsinghpur,JGS,1,"1_1_1_2_3_964,231",2021,2021-05-31,151,0.39354309755118166,50286,,0,,0,,0
Jagatsinghpur,JGS,1,"1_1_1_2_4_961,226",2021,2021-06-10,161,,0,-17.558955037708852,12383,-10.3898456633249,12383,-7.169109374383927,12383
Jagatsinghpur,JGS,1,"1_1_1_2_4_959,227",2021,2021-06-10,161,,0,-16.91090168705132,510204,-10.028577458534778,510204,-6.882324228516559,510204
Jagatsinghpur,JGS,1,"1_1_1_2_4_960,227",2021,2021-06-10,161,,0,-17.8921747858043,432279,-10.85929930226075,432279,-7.032875483543502,432279
Jagatsinghpur,JGS,1,"1_1_1_2_4_961,227",2021,2021-06-10,161,,0,-19.165404407976542,447583,-11.411447523521002,447583,-7.753956884455567,447583
Jagatsinghpur,JGS,1,"1_1_1_2_4_962,227",2021,2021-06-10,161,,0,-19.57398706759601,786,-10.314597641425928,786,-9.259389426170078,786
Jagatsinghpur,JGS,1,"1_1_1_2_4_958,228",2021,2021-06-10,161,,0,-15.977429740793902,657750,-9.24196684339146,657750,-6.735462897402426,657750
Jagatsinghpur,JGS,1,"1_1_1_2_4_959,228",2021,2021-06-10,161,,0,-17.053637148336325,653265,-9.991687113208483,653265,-7.061950035127855,653265
Jagatsinghpur,JGS,1,"1_1_1_2_4_960,228",2021,2021-06-10,161,,0,-16.543508148238892,693526,-9.743965187209062,693526,-6.7995429610297755,693526
Jagatsinghpur,JGS,1,"1_1_1_2_4_961,228",2021,2021-06-10,161,,0,-18.172377540988823,728813,-10.675427745050316,728813,-7.4969497959384865,728813
Jagatsinghpur,JGS,1,"1_1_1_2_4_962,228",2021,2021-06-10,161,,0,-20.038454274882774,246956,-11.804613139551568,246956,-8.233841135331206,246956
Jagatsinghpur,JGS,1,"1_1_1_2_4_958,229",2021,2021-06-10,161,,0,-16.552368674625367,604467,-9.823826872190462,604467,-6.728541802434951,604467
Jagatsinghpur,JGS,1,"1_1_1_2_4_959,229",2021,2021-06-10,161,,0,-16.41825021774631,604967,-9.625522105695376,604967,-6.792728112050865,604967
Jagatsinghpur,JGS,1,"1_1_1_2_4_960,229",2021,2021-06-10,161,,0,-16.072716720958514,733746,-9.272577889753938,733746,-6.800138831204606,733746
Jagatsinghpur,JGS,1,"1_1_1_2_4_961,229",2021,2021-06-10,161,,0,-17.247838344021968,778594,-10.114902575104798,778594,-7.13293576891719,778594
Jagatsinghpur,JGS,1,"1_1_1_2_4_962,229",2021,2021-06-10,161,,0,-20.27396367584419,513858,-12.395396829149202,513858,-7.878566846694983,513858
Jagatsinghpur,JGS,1,"1_1_1_2_4_963,229",2021,2021-06-10,161,,0,-21.71441251622958,55675,-11.3039635476456,55675,-10.410448968583868,55675
Jagatsinghpur,JGS,1,"1_1_1_2_4_964,229",2021,2021-06-10,161,,0,,0,,0,,0
Jagatsinghpur,JGS,1,"1_1_1_2_4_957,230",2021,2021-06-10,161,,0,-16.016303526648787,620511,-9.59004814045511,620511,-6.426255386193637,620511
Jagatsinghpur,JGS,1,"1_1_1_2_4_958,230",2021,2021-06-10,161,,0,-16.568169828478727,574078,-9.873330112890395,574078,-6.694839715588325,574078
Jagatsinghpur,JGS,1,"1_1_1_2_4_959,230",2021,2021-06-10,161,,0,-15.745185588070964,640106,-8.792163428017604,640106,-6.953022160053363,640106
Jagatsinghpur,JGS,1,"1_1_1_2_4_960,230",2021,2021-06-10,161,,0,-16.223241340313315,679387,-9.015221022174337,679387,-7.208020318138971,679387
Jagatsinghpur,JGS,1,"1_1_1_2_4_961,230",2021,2021-06-10,161,,0,-16.851796926025486,712352,-9.783110393462442,712352,-7.06868653256311,712352
Jagatsinghpur,JGS,1,"1_1_1_2_4_962,230",2021,2021-06-10,161,,0,-17.932743819287175,741892,-10.802755086905874,741892,-7.129988732381315,741892
Jagatsinghpur,JGS,1,"1_1_1_2_4_963,230",2021,2021-06-10,161,,0,-18.1027389492606,601275,-9.86885053829785,601275,-8.233888410962752,601275
Jagatsinghpur,JGS,1,"1_1_1_2_4_964,230",2021,2021-06-10,161,,0,-17.586489498489378,125259,-10.479261220258545,125259,-7.107228278230821,125259
Jagatsinghpur,JGS,1,"1_1_1_2_4_965,230",2021,2021-06-10,161,,0,-18.25661555138501,10328,-11.527830715212549,10328,-6.728784836172461,10328
Jagatsinghpur,JGS,1,"1_1_1_2_4_957,231",2021,2021-06-10,161,,0,-16.61610567835948,535010,-9.970842779030718,535010,-6.645262899328774,535010
Jagatsinghpur,JGS,1,"1_1_1_2_4_958,231",2021,2021-06-10,161,,0,-16.39592353511446,649727,-9.560817696331322,649727,-6.83510583878308,649727
Jagatsinghpur,JGS,1,"1_1_1_2_4_959,231",2021,2021-06-10,161,,0,-15.811701545226013,544379,-9.134594825684013,544379,-6.677106719541985,544379
Jagatsinghpur,JGS,1,"1_1_1_2_4_960,231",2021,2021-06-10,161,,0,-16.97158998905267,525591,-9.329784287638494,525591,-7.641805701414173,525591
Jagatsinghpur,JGS,1,"1_1_1_2_4_961,231",2021,2021-06-10,161,,0,-17.69493225609041,638601,-10.321354556713095,638601,-7.373577699377258,638601
Jagatsinghpur,JGS,1,"1_1_1_2_4_962,231",2021,2021-06-10,161,,0,-17.26256107565255,661478,-10.422487923190275,661478,-6.840073152462287,661478
Jagatsinghpur,JGS,1,"1_1_1_2_4_963,231",2021,2021-06-10,161,,0,-15.994771032170231,623890,-9.480512497162866,623890,-6.514258535007336,623890
Jagatsinghpur,JGS,1,"1_1_1_2_4_964,231",2021,2021-06-10,161,,0,-17.486497573877447,543323,-10.561418221209884,543323,-6.925079352667561,543323
Jagatsinghpur,JGS,1,"1_1_1_2_5_961,226",2021,2021-06-20,171,,0,-18.449732043102763,12383,-10.541950677623204,12383,-7.907781365479506,12383
Jagatsinghpur,JGS,1,"1_1_1_2_5_959,227",2021,2021-06-20,171,0.5045988817832683,326881,-16.152547016816058,510204,-9.071678027235887,510204,-7.080868989580164,510204
Jagatsinghpur,JGS,1,"1_1_1_2_5_960,227",2021,2021-06-20,171,0.5558640092760038,212958,-17.60349582918985,432279,-9.957271063300071,432279,-7.646224765889786,432279
Jagatsinghpur,JGS,1,"1_1_1_2_5_961,227",2021,2021-06-20,171,0.42677056991289464,85102,-19.097674026620204,447583,-10.25177393782083,447583,-8.845900088799407,447583
Jagatsinghpur,JGS,1,"1_1_1_2_5_962,227",2021,2021-06-20,171,0.5179699286417936,93,-21.999490371063406,786,-13.028981804823783,786,-8.970508566239644,786
Jagatsinghpur,JGS,1,"1_1_1_2_5_958,228",2021,2021-06-20,171,0.5039855107437379,477353,-15.704048342003393,657750,-9.03106684703842,657750,-6.672981494964943,657750
Jagatsinghpur,JGS,1,"1_1_1_2_5_959,228",2021,2021-06-20,171,0.4859336455776362,325252,-16.623824414409675,653265,-9.248357438717926,653265,-7.375466975691703,653265
Jagatsinghpur,JGS,1,"1_1_1_2_5_960,228",2021,2021-06-20,171,0.5122216486613924,385954,-16.430880322127603,693526,-9.174679617318276,693526,-7.2562007048093555,693526
Jagatsinghpur,JGS,1,"1_1_1_2_5_961,228",2021,2021-06-20,171,0.508095731226072,169085,-19.303278210360574,728813,-10.61134537930244,728813,-8.691932831058134,728813
Jagatsinghpur,JGS,1,"1_1_1_2_5_962,228",2021,2021-06-20,171,0.49325462733331177,54304,-21.643419072914185,246956,-12.31849218225903,246956,-9.324926890655144,246956
Jagatsinghpur,JGS,1,"1_1_1_2_5_958,229",2021,2021-06-20,171,0.5005915667343747,400404,-15.98385305525345,604467,-9.237890073866337,604467,-6.745962981387123,604467
Jagatsinghpur,JGS,1,"1_1_1_2_5_959,229",2021,2021-06-20,171,0.4828914073963178,345704,-16.12098400693927,604967,-8.981758639092211,604967,-7.139225367847051,604967
Jagatsinghpur,JGS,1,"1_1_1_2_5_960,229",2021,2021-06-20,171,0.48538355493159846,522952,-16.252181990946763,733746,-9.08775598952129,733746,-7.164426001425477,733746
Jagatsinghpur,JGS,1,"1_1_1_2_5_961,229",2021,2021-06-20,171,0.5183112697766697,180092,-17.50117564597625,778594,-9.535784405788133,778594,-7.965391240188069,778594
Jagatsinghpur,JGS,1,"1_1_1_2_5_962,229",2021,2021-06-20,171,0.5202225270069819,152908,-20.095671530515425,513858,-11.434593485044543,513858,-8.661078045470848,513858
Jagatsinghpur,JGS,1,"1_1_1_2_5_963,229",2021,2021-06-20,171,0.611024891784192,33050,-19.090689271749383,55675,-10.786785293148641,55675,-8.303903978600701,55675
Jagatsinghpur,JGS,1,"1_1_1_2_5_964,229",2021,2021-06-20,171,,0,,0,,0,,0
Jagatsinghpur,JGS,1,"1_1_1_2_5_957,230",2021,2021-06-20,171,0.5182933724805279,458020,-15.505033873908218,620511,-9.205760084817138,620511,-6.299273789091087,620511
Jagatsinghpur,JGS,1,"1_1_1_2_5_958,230",2021,2021-06-20,171,0.4133413505391701,188830,-15.830698538404596,574078,-9.233130013219776,574078,-6.597568525184813,574078
Jagatsinghpur,JGS,1,"1_1_1_2_5_959,230",2021,2021-06-20,171,0.4141404144804283,292332,-15.858011281879408,640106,-8.889892777505441,640106,-6.968118504373944,640106
Jagatsinghpur,JGS,1,"1_1_1_2_5_960,230",2021,2021-06-20,171,0.4276673210942002,394507,-16.018503724219507,679387,-8.845642979245984,679387,-7.172860744973512,679387
Jagatsinghpur,JGS,1,"1_1_1_2_5_961,230",2021,2021-06-20,171,0.4637033896469794,136824,-16.455150498836403,712352,-8.945149502379223,712352,-7.510000996457223,712352
Jagatsinghpur,JGS,1,"1_1_1_2_5_962,230",2021,2021-06-20,171,0.5515929646639887,302982,-17.08720194847833,741892,-9.65376430526275,741892,-7.433437643215553,741892
Jagatsinghpur,JGS,1,"1_1_1_2_5_963,230",2021,2021-06-20,171,0.5732915472587156,288982,-17.53610918616914,601275,-9.583530760106914,601275,-7.9525784260622085,601275
Jagatsinghpur,JGS,1,"1_1_1_2_5_964,230",2021,2021-06-20,171,0.5932061745331197,75118,-17.741294673823045,125259,-10.672172294128863,125259,-7.069122379694172,125259
Jagatsinghpur,JGS,1,"1_1_1_2_5_965,230",2021,2021-06-20,171,0.4387644825263407,600,-18.061338889443693,10328,-11.65163204324193,10328,-6.409706846201787,10328
Jagatsinghpur,JGS,1,"1_1_1_2_5_957,231",2021,2021-06-20,171,0.5179911912931131,359194,-16.07265695566009,535010,-9.372296920223784,535010,-6.70036003543633,535010
Jagatsinghpur,JGS,1,"1_1_1_2_5_958,231",2021,2021-06-20,171,0.5037740671881343,425191,-15.8756867847412,649727,-9.146468455127572,649727,-6.729218329613583,649727
Jagatsinghpur,JGS,1,"1_1_1_2_5_959,231",2021,2021-06-20,171,0.5040584128887662,353855,-15.141547601255557,544379,-8.715604083616087,544379,-6.425943517639517,544379
Jagatsinghpur,JGS,1,"1_1_1_2_5_960,231",2021,2021-06-20,171,0.4707681166531685,195312,-15.862964423144861,525591,-8.83097179241776,525591,-7.03199263072714,525591
Jagatsinghpur,JGS,1,"1_1_1_2_5_961,231",2021,2021-06-20,171,0.4350651115818827,170111,-16.20781670916896,638601,-9.231913605609913,638601,-6.975903103559,638601
Jagatsinghpur,JGS,1,"1_1_1_2_5_962,231",2021,2021-06-20,171,0.5527752602085505,320809,-15.88885083543728,661478,-9.354592296698245,661478,-6.534258538739055,661478
Jagatsinghpur,JGS,1,"1_1_1_2_5_963,231",2021,2021-06-20,171,0.577897715401036,354175,-15.624579457206597,623890,-9.052843114658357,623890,-6.571736342548238,623890
Jagatsinghpur,JGS,1,"1_1_1_2_5_964,231",2021,2021-06-20,171,0.5699684008523314,194389,-18.739220756956918,543323,-10.518318404349492,543323,-8.220902352607458,543323
Jagatsinghpur,JGS,1,"1_1_1_2_6_961,226",2021,2021-06-30,181,,0,-18.297563995263328,12383,-10.785590350681256,12383,-7.511973644582035,12383
Jagatsinghpur,JGS,1,"1_1_1_2_6_959,227",2021,2021-06-30,181,0.5590858561345746,39354,-15.675179572276319,510204,-9.03231161112142,510204,-6.642867961154887,510204
Jagatsinghpur,JGS,1,"1_1_1_2_6_960,227",2021,2021-06-30,181,0.5541403544527342,11362,-16.385996433058207,432279,-9.476150422796154,432279,-6.909846010262052,432279
Jagatsinghpur,JGS,1,"1_1_1_2_6_961,227",2021,2021-06-30,181,,0,-18.171823624660178,447583,-10.432819403843427,447583,-7.739004220816762,447583
Jagatsinghpur,JGS,1,"1_1_1_2_6_962,227",2021,2021-06-30,181,,0,-21.39634029195489,786,-13.549259555138157,786,-7.847080736816748,786
Jagatsinghpur,JGS,1,"1_1_1_2_6_958,228",2021,2021-06-30,181,0.4804650121784415,68344,-15.748469841709982,657750,-9.347371466611126,657750,-6.401098375098825,657750
Jagatsinghpur,JGS,1,"1_1_1_2_6_959,228",2021,2021-06-30,181,0.5061481856738512,58229,-15.841412762057702,653265,-8.967150930608696,653265,-6.87426183144902,653265
Jagatsinghpur,JGS,1,"1_1_1_2_6_960,228",2021,2021-06-30,181,0.5677729827028155,10667,-15.799207069654141,693526,-9.23657406946812,693526,-6.562633000186035,693526
Jagatsinghpur,JGS,1,"1_1_1_2_6_961,228",2021,2021-06-30,181,,0,-17.72500041005997,728813,-10.241930901758849,728813,-7.483069508301076,728813
Jagatsinghpur,JGS,1,"1_1_1_2_6_962,228",2021,2021-06-30,181,,0,-20.145138718837277,246956,-12.254839597209765,246956,-7.8902991216275415,246956
Jagatsinghpur,JGS,1,"1_1_1_2_6_958,229",2021,2021-06-30,181,0.5000932588625053,215218,-15.930161819259718,604467,-9.596913093225622,604467,-6.333248726034081,604467
Jagatsinghpur,JGS,1,"1_1_1_2_6_959,229",2021,2021-06-30,181,0.5000421027209717,22473,-15.674094459212066,604967,-8.883774833673924,604967,-6.79031962553812,604967
Jagatsinghpur,JGS,1,"1_1_1_2_6_960,229",2021,2021-06-30,181,0.5487519184564852,758,-15.910002521800864,733746,-9.370101648145015,733746,-6.539900873655891,733746
Jagatsinghpur,JGS,1,"1_1_1_2_6_961,229",2021,2021-06-30,181,0.5743604598755248,356,-16.830417712918578,778594,-10.022424151590922,778594,-6.807993561327677,778594
Jagatsinghpur,JGS,1,"1_1_1_2_6_962,229",2021,2021-06-30,181,,0,-18.978274393627707,513858,-11.516665873987526,513858,-7.461608519640164,513858
Jagatsinghpur,JGS,1,"1_1_1_2_6_963,229",2021,2021-06-30,181,,0,-18.072541209078235,55675,-10.52178696837062,55675,-7.550754240707575,55675
Jagatsinghpur,JGS,1,"1_1_1_2_6_964,229",2021,2021-06-30,181,,0,,0,,0,,0
Jagatsinghpur,JGS,1,"1_1_1_2_6_957,230",2021,2021-06-30,181,0.5189865636821268,23,-16.063060554450793,620511,-9.493445287773229,620511,-6.569615266677523,620511
Jagatsinghpur,JGS,1,"1_1_1_2_6_958,230",2021,2021-06-30,181,,0,-15.82234006287274,574078,-9.288148849484084,574078,-6.534191213388638,574078
Jagatsinghpur,JGS,1,"1_1_1_2_6_959,230",2021,2021-06-30,181,,0,-15.844975825909376,640106,-8.969997851370726,640106,-6.874977974538644,640106
Jagatsinghpur,JGS,1,"1_1_1_2_6_960,230",2021,2021-06-30,181,,0,-16.70054169945329,679387,-9.540683643535019,679387,-7.159858055918278,679387
Jagatsinghpur,JGS,1,"1_1_1_2_6_961,230",2021,2021-06-30,181,,0,-16.794259256846416,712352,-9.509263635332005,712352,-7.284995621514398,712352
Jagatsinghpur,JGS,1,"1_1_1_2_6_962,230",2021,2021-06-30,181,,0,-17.21429211069672,741892,-9.995494647502532,741892,-7.218797463194178,741892
Jagatsinghpur,JGS,1,"1_1_1_2_6_963,230",2021,2021-06-30,181,,0,-17.625160321427977,601275,-9.98218451042755,601275,-7.642975811000431,601275
Jagatsinghpur,JGS,1,"1_1_1_2_6_964,230",2021,2021-06-30,181,,0,-17.733323187901167,125259,-10.710206369251384,125259,-7.023116818649778,125259
Jagatsinghpur,JGS,1,"1_1_1_2_6_965,230",2021,2021-06-30,181,,0,-18.00782654918507,10328,-11.658217170132376,10328,-6.349609379052729,10328
Jagatsinghpur,JGS,1,"1_1_1_2_6_957,231",2021,2021-06-30,181,,0,-16.467316127183626,535010,-9.531824286646424,535010,-6.9354918405371375,535010
Jagatsinghpur,JGS,1,"1_1_1_2_6_958,231",2021,2021-06-30,181,,0,-16.202843963717513,649727,-9.18909473423309,649727,-7.013749229484431,649727
Jagatsinghpur,JGS,1,"1_1_1_2_6_959,231",2021,2021-06-30,181,,0,-15.825318790044868,544379,-9.036150308371514,544379,-6.789168481673316,544379
Jagatsinghpur,JGS,1,"1_1_1_2_6_960,231",2021,2021-06-30,181,,0,-16.313845350231333,525591,-9.111126011954099,525591,-7.20271933827721,525591
Jagatsinghpur,JGS,1,"1_1_1_2_6_961,231",2021,2021-06-30,181,,0,-16.577265142520794,638601,-9.417574344604857,638601,-7.159690797915965,638601
Jagatsinghpur,JGS,1,"1_1_1_2_6_962,231",2021,2021-06-30,181,,0,-16.770820075752848,661478,-9.678023756527855,661478,-7.092796319225078,661478
Jagatsinghpur,JGS,1,"1_1_1_2_6_963,231",2021,2021-06-30,181,,0,-16.64975000017135,623890,-9.5638626036224,623890,-7.085887396548967,623890
Jagatsinghpur,JGS,1,"1_1_1_2_6_964,231",2021,2021-06-30,181,,0,-17.54184404990769,543323,-10.530382827851167,543323,-7.011461222056462,543323
Jagatsinghpur,JGS,1,"1_1_1_2_7_961,226",2021,2021-07-10,191,0.4337899713527823,6990,-18.753139027516184,12383,-10.933706525279158,12383,-7.819432502236976,12383
Jagatsinghpur,JGS,1,"1_1_1_2_7_959,227",2021,2021-07-10,191,0.5009583816283842,441841,-15.908207837246012,510204,-9.589884649854149,510204,-6.318323187391875,510204
Jagatsinghpur,JGS,1,"1_1_1_2_7_960,227",2021,2021-07-10,191,0.5117671443834968,279221,-16.76468425130615,432279,-9.952092914106116,432279,-6.812591337199988,432279
Jagatsinghpur,JGS,1,"1_1_1_2_7_961,227",2021,2021-07-10,191,0.5150722466730051,233690,-18.717574452437354,447583,-10.88765324001593,447583,-7.829921212421442,447583
Jagatsinghpur,JGS,1,"1_1_1_2_7_962,227",2021,2021-07-10,191,0.4120116081774523,121,-21.503349157521903,786,-13.35780359302817,786,-8.145545564493723,786
Jagatsinghpur,JGS,1,"1_1_1_2_7_958,228",2021,2021-07-10,191,0.4727490807410209,552259,-15.437091392807018,657750,-9.419376615899974,657750,-6.017714776907076,657750
Jagatsinghpur,JGS,1,"1_1_1_2_7_959,228",2021,2021-07-10,191,0.46051607653692855,496954,-16.11630961849845,653265,-9.614019971979014,653265,-6.502289646519377,653265
Jagatsinghpur,JGS,1,"1_1_1_2_7_960,228",2021,2021-07-10,191,0.4754390110329161,511030,-16.30612269597666,693526,-9.858181309132348,693526,-6.447941386844272,693526
Jagatsinghpur,JGS,1,"1_1_1_2_7_961,228",2021,2021-07-10,191,0.4762933925444816,462384,-17.641928302860514,728813,-10.541711117064313,728813,-7.100217185796214,728813
Jagatsinghpur,JGS,1,"1_1_1_2_7_962,228",2021,2021-07-10,191,0.5452200313352883,157203,-19.676784108414317,246956,-12.18576750621215,246956,-7.491016602202185,246956
Jagatsinghpur,JGS,1,"1_1_1_2_7_958,229",2021,2021-07-10,191,0.5046582335588111,506286,-15.697902999973692,604467,-9.697190416785707,604467,-6.0007125831879735,604467
Jagatsinghpur,JGS,1,"1_1_1_2_7_959,229",2021,2021-07-10,191,0.4625005070329109,432689,-15.920956872520156,604967,-9.556569576119568,604967,-6.364387296400576,604967
Jagatsinghpur,JGS,1,"1_1_1_2_7_960,229",2021,2021-07-10,191,0.49314161986921085,532036,-16.386667841026902,733746,-10.062694338387034,733746,-6.323973502639877,733746
Jagatsinghpur,JGS,1,"1_1_1_2_7_961,229",2021,2021-07-10,191,0.5235461072757737,443665,-17.60255764604033,778594,-10.584556229962844,778594,-7.018001416077467,778594
Jagatsinghpur,JGS,1,"1_1_1_2_7_962,229",2021,2021-07-10,191,0.5420807294563834,280515,-19.345359047815766,513858,-11.39218517485267,513858,-7.953173872963046,513858
Jagatsinghpur,JGS,1,"1_1_1_2_7_963,229",2021,2021-07-10,191,0.5957130307366051,31533,-17.517402246473516,55675,-10.264378973972718,55675,-7.253023272500815,55675
Jagatsinghpur,JGS,1,"1_1_1_2_7_964,229",2021,2021-07-10,191,,0,,0,,0,,0
Jagatsinghpur,JGS,1,"1_1_1_2_7_957,230",2021,2021-07-10,191,0.5587803408138834,480076,-16.48324889393401,620511,-10.14499912576049,620511,-6.338249768173537,620511
Jagatsinghpur,JGS,1,"1_1_1_2_7_958,230",2021,2021-07-10,191,0.5138570429340635,437007,-16.353357575922633,574078,-9.884886297556687,574078,-6.46847127836596,574078
Jagatsinghpur,JGS,1,"1_1_1_2_7_959,230",2021,2021-07-10,191,0.47025805815896105,442588,-16.28104132785923,640106,-9.630186862425582,640106,-6.650854465433627,640106
Jagatsinghpur,JGS,1,"1_1_1_2_7_960,230",2021,2021-07-10,191,0.4804413532145196,317852,-17.9436604105167,679387,-10.532647171414322,679387,-7.411013239102407,679387
Jagatsinghpur,JGS,1,"1_1_1_2_7_961,230",2021,2021-07-10,191,0.5124663539063387,380576,-17.555481481424884,712352,-10.383682557228754,712352,-7.171798924196143,712352
Jagatsinghpur,JGS,1,"1_1_1_2_7_962,230",2021,2021-07-10,191,0.512723381709966,408424,-17.417914555778275,741892,-10.425985210999118,741892,-6.991929344779127,741892
Jagatsinghpur,JGS,1,"1_1_1_2_7_963,230",2021,2021-07-10,191,0.5480205938226981,310491,-17.835476619589468,601275,-10.47530660914065,601275,-7.360170010448797,601275
Jagatsinghpur,JGS,1,"1_1_1_2_7_964,230",2021,2021-07-10,191,0.5760647142288877,63045,-17.67425645935264,125259,-10.49933372112868,125259,-7.174922738223995,125259
Jagatsinghpur,JGS,1,"1_1_1_2_7_965,230",2021,2021-07-10,191,0.5437272954506532,6434,-18.845010453194575,10328,-11.849413210126759,10328,-6.99559724306783,10328
Jagatsinghpur,JGS,1,"1_1_1_2_7_957,231",2021,2021-07-10,191,0.5220477795793357,278817,-16.61422937924914,522336,-10.1463601096252,522336,-6.4678692696239395,522336
Jagatsinghpur,JGS,1,"1_1_1_2_7_958,231",2021,2021-07-10,191,0.49445837853407043,475250,-16.1429730786698,649727,-9.72320494452167,649727,-6.4197681341481365,649727
Jagatsinghpur,JGS,1,"1_1_1_2_7_959,231",2021,2021-07-10,191,0.518509607129358,341840,-15.900778387133718,544379,-9.530938110313432,544379,-6.369840276820306,544379
Jagatsinghpur,JGS,1,"1_1_1_2_7_960,231",2021,2021-07-10,191,0.5246542794893819,389063,-16.143921525525254,525591,-9.548840882943008,525591,-6.595080642582213,525591
Jagatsinghpur,JGS,1,"1_1_1_2_7_961,231",2021,2021-07-10,191,0.5412751675536225,467954,-16.288662576296208,638601,-9.747557883320448,638601,-6.54110469297579,638601
Jagatsinghpur,JGS,1,"1_1_1_2_7_962,231",2021,2021-07-10,191,0.5523032863393641,396412,-16.24096241921148,661478,-9.804049821038546,661478,-6.436912598172905,661478
Jagatsinghpur,JGS,1,"1_1_1_2_7_963,231",2021,2021-07-10,191,0.5437590130130183,415359,-16.121646840130193,623890,-9.734322873433344,623890,-6.387323966696824,623890
Jagatsinghpur,JGS,1,"1_1_1_2_7_964,231",2021,2021-07-10,191,0.49927471499153186,223790,-17.921272763797173,543323,-10.726744624034499,543323,-7.194528139762723,543323
Jagatsinghpur,JGS,1,"1_1_1_2_8_961,226",2021,2021-07-20,201,,0,-21.424623167212342,12383,-11.863900431792086,12383,-9.560722735420246,12383
Jagatsinghpur,JGS,1,"1_1_1_2_8_959,227",2021,2021-07-20,201,,0,-15.904458854305519,510204,-9.191887105152212,510204,-6.712571749153352,510204
Jagatsinghpur,JGS,1,"1_1_1_2_8_960,227",2021,2021-07-20,201,,0,-17.700371271739343,432279,-10.522234507413588,432279,-7.17813676432577,432279
Jagatsinghpur,JGS,1,"1_1_1_2_8_961,227",2021,2021-07-20,201,,0,-21.141258341853884,447583,-11.818094140126151,447583,-9.323164201727643,447583
Jagatsinghpur,JGS,1,"1_1_1_2_8_962,227",2021,2021-07-20,201,,0,-21.705915460288253,786,-13.479436201542145,786,-8.226479258746098,786
Jagatsinghpur,JGS,1,"1_1_1_2_8_958,228",2021,2021-07-20,201,,0,-15.747987279837929,657750,-9.243135644001743,657750,-6.504851635836156,657750
Jagatsinghpur,JGS,1,"1_1_1_2_8_959,228",2021,2021-07-20,201,,0,-17.09370855994844,653265,-10.054540867333651,653265,-7.039167692614772,653265
Jagatsinghpur,JGS,1,"1_1_1_2_8_960,228",2021,2021-07-20,201,,0,-17.666090446594776,693526,-10.56604072811757,693526,-7.1000497184772415,693526
Jagatsinghpur,JGS,1,"1_1_1_2_8_961,228",2021,2021-07-20,201,,0,-21.27331357336833,728813,-11.989461021959853,728813,-9.283852551408513,728813
Jagatsinghpur,JGS,1,"1_1_1_2_8_962,228",2021,2021-07-20,201,,0,-23.081286363573707,246956,-12.353556373545475,246956,-10.727729990028235,246956
Jagatsinghpur,JGS,1,"1_1_1_2_8_958,229",2021,2021-07-20,201,,0,-16.161813062895686,604467,-9.565997362087998,604467,-6.595815700807722,604467
Jagatsinghpur,JGS,1,"1_1_1_2_8_959,229",2021,2021-07-20,201,,0,-17.72001662113435,604967,-10.514814281865505,604967,-7.205202339268849,604967
Jagatsinghpur,JGS,1,"1_1_1_2_8_960,229",2021,2021-07-20,201,,0,-18.22909665906685,733746,-10.778246961746582,733746,-7.450849697320267,733746
Jagatsinghpur,JGS,1,"1_1_1_2_8_961,229",2021,2021-07-20,201,,0,-21.675990243838537,778594,-12.165288771390877,778594,-9.510701472447652,778594
Jagatsinghpur,JGS,1,"1_1_1_2_8_962,229",2021,2021-07-20,201,,0,-23.621787721780255,513858,-12.556719660459413,513858,-11.065068061320789,513858
Jagatsinghpur,JGS,1,"1_1_1_2_8_963,229",2021,2021-07-20,201,,0,-21.22198544241512,55675,-10.525911548749345,55675,-10.696073893665835,55675
Jagatsinghpur,JGS,1,"1_1_1_2_8_964,229",2021,2021-07-20,201,,0,,0,,0,,0
Jagatsinghpur,JGS,1,"1_1_1_2_8_957,230",2021,2021-07-20,201,,0,-17.41416367259589,620511,-10.82166352176927,620511,-6.5925001508266154,620511
Jagatsinghpur,JGS,1,"1_1_1_2_8_958,230",2021,2021-07-20,201,,0,-17.720165827538956,574078,-10.813690686748894,574078,-6.906475140790073,574078
Jagatsinghpur,JGS,1,"1_1_1_2_8_959,230",2021,2021-07-20,201,,0,-18.267480433540488,640106,-10.923073970252144,640106,-7.344406463288357,640106
Jagatsinghpur,JGS,1,"1_1_1_2_8_960,230",2021,2021-07-20,201,,0,-19.05588677336697,679387,-11.285232854275305,679387,-7.7706539190916475,679387
Jagatsinghpur,JGS,1,"1_1_1_2_8_961,230",2021,2021-07-20,201,,0,-20.1273021057688,712352,-12.202667308517679,712352,-7.9246347972511115,712352
Jagatsinghpur,JGS,1,"1_1_1_2_8_962,230",2021,2021-07-20,201,,0,-21.347019574650293,741892,-12.165015476871515,741892,-9.182004097778778,741892
Jagatsinghpur,JGS,1,"1_1_1_2_8_963,230",2021,2021-07-20,201,,0,-20.686675330655568,601275,-11.51584481375279,601275,-9.17083051690281,601275
Jagatsinghpur,JGS,1,"1_1_1_2_8_964,230",2021,2021-07-20,201,,0,-18.30758018399277,125259,-10.235495048396094,125259,-8.072085135596692,125259
Jagatsinghpur,JGS,1,"1_1_1_2_8_965,230",2021,2021-07-20,201,,0,-18.37112178243022,10328,-11.399405807009899,10328,-6.9717159754203095,10328
Jagatsinghpur,JGS,1,"1_1_1_2_8_957,231",2021,2021-07-20,201,,0,-17.185812231628184,535010,-10.378304296731404,535010,-6.807507934896747,535010
Jagatsinghpur,JGS,1,"1_1_1_2_8_958,231",2021,2021-07-20,201,,0,-17.543665958878158,649727,-10.554751699552458,649727,-6.988914259325669,649727
Jagatsinghpur,JGS,1,"1_1_1_2_8_959,231",2021,2021-07-20,201,,0,-17.77279852902199,544379,-10.899535041434332,544379,-6.873263487587665,544379
Jagatsinghpur,JGS,1,"1_1_1_2_8_960,231",2021,2021-07-20,201,,0,-18.019622792160167,525591,-10.866927777311819,525591,-7.152695014848343,525591
Jagatsinghpur,JGS,1,"1_1_1_2_8_961,231",2021,2021-07-20,201,,0,-18.26581222310529,638601,-10.907794061194682,638601,-7.358018161910572,638601
Jagatsinghpur,JGS,1,"1_1_1_2_8_962,231",2021,2021-07-20,201,,0,-18.047594820637936,661478,-10.689481508601235,661478,-7.358113312036746,661478
Jagatsinghpur,JGS,1,"1_1_1_2_8_963,231",2021,2021-07-20,201,,0,-17.440207879090792,623890,-10.445289112144659,623890,-6.994918766946097,623890
Jagatsinghpur,JGS,1,"1_1_1_2_8_964,231",2021,2021-07-20,201,,0,-19.150739720550533,543323,-11.374587336467842,543323,-7.776152384082694,543323
Jagatsinghpur,JGS,1,"1_1_1_2_9_961,226",2021,2021-07-30,211,0.414587286522057,1495,,0,,0,,0
Jagatsinghpur,JGS,1,"1_1_1_2_9_959,227",2021,2021-07-30,211,0.49028526144363904,51433,-16.97290347668507,510204,-9.947241457713108,510204,-7.025662018971997,510204
Jagatsinghpur,JGS,1,"1_1_1_2_9_960,227",2021,2021-07-30,211,0.47974786104410433,100769,-18.587332727546702,306037,-11.551263221272109,306037,-7.0360695062746155,306037
Jagatsinghpur,JGS,1,"1_1_1_2_9_961,227",2021,2021-07-30,211,0.36894210990704673,139542,,0,,0,,0
Jagatsinghpur,JGS,1,"1_1_1_2_9_962,227",2021,2021-07-30,211,0.458915428278294,47,,0,,0,,0
Jagatsinghpur,JGS,1,"1_1_1_2_9_958,228",2021,2021-07-30,211,0.2943716122162568,47250,-17.275574586936635,657750,-10.58195519798359,657750,-6.693619388952978,657750
Jagatsinghpur,JGS,1,"1_1_1_2_9_959,228",2021,2021-07-30,211,0.4677567966620806,29067,-18.214035370881472,653265,-11.07423631367058,653265,-7.139799057210873,653265
Jagatsinghpur,JGS,1,"1_1_1_2_9_960,228",2021,2021-07-30,211,0.49165476831622157,88095,-18.51595302808713,565139,-11.829639240777993,565139,-6.686313787309148,565139
Jagatsinghpur,JGS,1,"1_1_1_2_9_961,228",2021,2021-07-30,211,0.33613663462230003,180205,,0,,0,,0
Jagatsinghpur,JGS,1,"1_1_1_2_9_962,228",2021,2021-07-30,211,0.444985267125497,51420,,0,,0,,0
Jagatsinghpur,JGS,1,"1_1_1_2_9_958,229",2021,2021-07-30,211,0.4156112364955889,219692,-17.624750021812343,604467,-10.816819289127782,604467,-6.807930732684537,604467
Jagatsinghpur,JGS,1,"1_1_1_2_9_959,229",2021,2021-07-30,211,0.41873149152043065,108135,-19.00353006838063,604967,-11.713843392024826,604967,-7.289686676355844,604967
Jagatsinghpur,JGS,1,"1_1_1_2_9_960,229",2021,2021-07-30,211,0.23316133998184754,81461,-19.505715534234287,720778,-12.976258633786165,720778,-6.529456900448094,720778
Jagatsinghpur,JGS,1,"1_1_1_2_9_961,229",2021,2021-07-30,211,0.39905947055633023,143798,-19.348433317351653,26373,-13.120345698478975,26373,-6.2280876188727,26373
Jagatsinghpur,JGS,1,"1_1_1_2_9_962,229",2021,2021-07-30,211,0.4901281472481195,108779,,0,,0,,0
Jagatsinghpur,JGS,1,"1_1_1_2_9_963,229",2021,2021-07-30,211,0.5135839576252239,38357,,0,,0,,0
Jagatsinghpur,JGS,1,"1_1_1_2_9_964,229",2021,2021-07-30,211,,0,,0,,0,,0
Jagatsinghpur,JGS,1,"1_1_1_2_9_957,230",2021,2021-07-30,211,0.50896763622747,144298,-17.882733370379217,620511,-10.570639728298103,620511,-7.31209364208116,620511
Jagatsinghpur,JGS,1,"1_1_1_2_9_958,230",2021,2021-07-30,211,0.4759734016942489,65766,-18.542392582040993,574078,-11.253791268669914,574078,-7.288601313371047,574078
Jagatsinghpur,JGS,1,"1_1_1_2_9_959,230",2021,2021-07-30,211,0.2842331669667228,103941,-19.84957440014273,640106,-12.730072363096742,640106,-7.11950203704598,640106
Jagatsinghpur,JGS,1,"1_1_1_2_9_960,230",2021,2021-07-30,211,0.459216285242708,72355,-20.25735386355177,679387,-13.393085080432853,679387,-6.864268783118862,679387
Jagatsinghpur,JGS,1,"1_1_1_2_9_961,230",2021,2021-07-30,211,0.4122665796861024,67773,-19.805559819766284,144583,-13.547865087921664,144583,-6.257694731844617,144583
Jagatsinghpur,JGS,1,"1_1_1_2_9_962,230",2021,2021-07-30,211,0.30772685873691996,135555,,0,,0,,0
Jagatsinghpur,JGS,1,"1_1_1_2_9_963,230",2021,2021-07-30,211,0.46616889884456214,263383,,0,,0,,0
Jagatsinghpur,JGS,1,"1_1_1_2_9_964,230",2021,2021-07-30,211,0.5299769818245502,81985,,0,,0,,0
Jagatsinghpur,JGS,1,"1_1_1_2_9_965,230",2021,2021-07-30,211,0.45069397226083846,3058,,0,,0,,0
Jagatsinghpur,JGS,1,"1_1_1_2_9_957,231",2021,2021-07-30,211,0.43247773864131106,77634,-18.307295433711808,535010,-11.150124964830123,535010,-7.157170468881706,535010
Jagatsinghpur,JGS,1,"1_1_1_2_9_958,231",2021,2021-07-30,211,0.3387173305524814,54728,-19.0553438287095,649727,-11.874079631923689,649727,-7.181264196785849,649727
Jagatsinghpur,JGS,1,"1_1_1_2_9_959,231",2021,2021-07-30,211,0.4885827518939299,79136,-18.696386696473823,544379,-11.4669825013242,544379,-7.229404195149598,544379
Jagatsinghpur,JGS,1,"1_1_1_2_9_960,231",2021,2021-07-30,211,0.49671986034984444,184133,-17.945889122084207,525156,-10.597848237462976,525156,-7.348040884621263,525156
Jagatsinghpur,JGS,1,"1_1_1_2_9_961,231",2021,2021-07-30,211,0.513770841141217,231504,-17.677768481408034,263250,-10.600647114641216,263250,-7.077121366766925,263250
Jagatsinghpur,JGS,1,"1_1_1_2_9_962,231",2021,2021-07-30,211,0.427067197640988,221353,,0,,0,,0
Jagatsinghpur,JGS,1,"1_1_1_2_9_963,231",2021,2021-07-30,211,0.41224769503060854,270254,,0,,0,,0
Jagatsinghpur,JGS,1,"1_1_1_2_9_964,231",2021,2021-07-30,211,0.42489341664609565,185991,,0,,0,,0
Jagatsinghpur,JGS,1,"1_1_1_2_10_961,226",2021,2021-08-09,221,0.370504863388922,174,-19.013886960503864,12383,-11.044766465047898,12383,-7.96912049545591,12383
Jagatsinghpur,JGS,1,"1_1_1_2_10_959,227",2021,2021-08-09,221,0.4694630757325798,75919,-18.640478180702143,510204,-11.411849369326978,510204,-7.228628811375165,510204
Jagatsinghpur,JGS,1,"1_1_1_2_10_960,227",2021,2021-08-09,221,0.42759209131047987,28286,-19.02346645503222,432279,-11.55643416800103,432279,-7.467032287031207,432279
Jagatsinghpur,JGS,1,"1_1_1_2_10_961,227",2021,2021-08-09,221,0.3071228676328521,10231,-20.215717322712784,447583,-12.206722377718362,447583,-8.008994944994434,447583
Jagatsinghpur,JGS,1,"1_1_1_2_10_962,227",2021,2021-08-09,221,0.24700922891497612,2,-20.972290598499544,786,-13.496304204915296,786,-7.475986393584221,786
Jagatsinghpur,JGS,1,"1_1_1_2_10_958,228",2021,2021-08-09,221,0.48255038697863245,78373,-19.24112909858416,657750,-11.929954687252982,657750,-7.311174411331128,657750
Jagatsinghpur,JGS,1,"1_1_1_2_10_959,228",2021,2021-08-09,221,0.45466001646974175,32935,-20.072899668721742,653265,-12.394246193582754,653265,-7.678653475138969,653265
Jagatsinghpur,JGS,1,"1_1_1_2_10_960,228",2021,2021-08-09,221,0.4586740025763755,11612,-20.163975495864396,693526,-12.540009528430886,693526,-7.623965967433488,693526
Jagatsinghpur,JGS,1,"1_1_1_2_10_961,228",2021,2021-08-09,221,0.2627559463454991,4745,-20.934198180932448,728813,-12.628204603304757,728813,-8.3059935776277,728813
Jagatsinghpur,JGS,1,"1_1_1_2_10_962,228",2021,2021-08-09,221,0.3251704507899178,9339,-20.856951123066516,246956,-12.604708964145743,246956,-8.252242158920803,246956
Jagatsinghpur,JGS,1,"1_1_1_2_10_958,229",2021,2021-08-09,221,0.5113011453617967,130092,-19.182711923953008,604467,-11.92357457147492,604467,-7.259137352478064,604467
Jagatsinghpur,JGS,1,"1_1_1_2_10_959,229",2021,2021-08-09,221,0.45939196949798083,23559,-20.516609767248234,604967,-12.487057136289797,604967,-8.029552630958445,604967
Jagatsinghpur,JGS,1,"1_1_1_2_10_960,229",2021,2021-08-09,221,0.482543824806004,8456,-20.265257511591464,733746,-12.49781235344101,733746,-7.767445158150446,733746
Jagatsinghpur,JGS,1,"1_1_1_2_10_961,229",2021,2021-08-09,221,0.45926697380136977,12447,-20.385288929451068,778594,-12.337015476241977,778594,-8.048273453209044,778594
Jagatsinghpur,JGS,1,"1_1_1_2_10_962,229",2021,2021-08-09,221,0.4979479961220685,47137,-20.48026688472048,513858,-12.149245183989748,513858,-8.331021700730751,513858
Jagatsinghpur,JGS,1,"1_1_1_2_10_963,229",2021,2021-08-09,221,0.508314056417888,24308,-17.406626067545115,55675,-10.292868000444523,55675,-7.113758067100557,55675
Jagatsinghpur,JGS,1,"1_1_1_2_10_964,229",2021,2021-08-09,221,,0,,0,,0,,0
Jagatsinghpur,JGS,1,"1_1_1_2_10_957,230",2021,2021-08-09,221,0.4924617981129935,195582,-19.121671848592996,620511,-11.697770203658317,620511,-7.423901644934638,620511
Jagatsinghpur,JGS,1,"1_1_1_2_10_958,230",2021,2021-08-09,221,0.5011951347141417,118994,-19.937989016794837,574078,-12.27299646550716,574078,-7.664992551287667,574078
Jagatsinghpur,JGS,1,"1_1_1_2_10_959,230",2021,2021-08-09,221,0.485712480588451,22516,-21.410419622580616,640106,-13.484013524969315,640106,-7.92640609761131,640106
Jagatsinghpur,JGS,1,"1_1_1_2_10_960,230",2021,2021-08-09,221,0.4963969539311507,21154,-20.782450442951667,679387,-12.82238770130744,679387,-7.9600627416441805,679387
Jagatsinghpur,JGS,1,"1_1_1_2_10_961,230",2021,2021-08-09,221,0.44696194915646076,5086,-20.725481141361605,712352,-12.612545137628244,712352,-8.112936003733438,712352
Jagatsinghpur,JGS,1,"1_1_1_2_10_962,230",2021,2021-08-09,221,0.4546713833000969,301,-20.50997595674256,741892,-12.161494529989174,741892,-8.348481426753404,741892
Jagatsinghpur,JGS,1,"1_1_1_2_10_963,230",2021,2021-08-09,221,0.5234123320456845,40370,-19.55860880825993,601275,-11.219626867269223,601275,-8.338981940990658,601275
Jagatsinghpur,JGS,1,"1_1_1_2_10_964,230",2021,2021-08-09,221,0.5142353564827127,20411,-17.53511563943046,125259,-10.50981886574229,125259,-7.02529677368817,125259
Jagatsinghpur,JGS,1,"1_1_1_2_10_965,230",2021,2021-08-09,221,0.49186826444541515,479,-18.02302534677735,10328,-11.43717243728796,10328,-6.585852909489396,10328
Jagatsinghpur,JGS,1,"1_1_1_2_10_957,231",2021,2021-08-09,221,0.5167681107890203,170498,-19.855467626899326,535010,-12.491312035480995,535010,-7.364155591418322,535010
Jagatsinghpur,JGS,1,"1_1_1_2_10_958,231",2021,2021-08-09,221,0.4967655495405161,127855,-20.375830333334847,649727,-12.73148755564803,649727,-7.644342777686809,649727
Jagatsinghpur,JGS,1,"1_1_1_2_10_959,231",2021,2021-08-09,221,0.4881415475209634,65990,-20.025825875938306,544379,-12.372729721986996,544379,-7.65309615395131,544379
Jagatsinghpur,JGS,1,"1_1_1_2_10_960,231",2021,2021-08-09,221,0.49536338633760957,107375,-18.792183995534252,525591,-11.301462254578652,525591,-7.490721740955628,525591
Jagatsinghpur,JGS,1,"1_1_1_2_10_961,231",2021,2021-08-09,221,0.4870237132533445,44553,-18.940563056711266,638601,-11.438256394439465,638601,-7.502306662271845,638601
Jagatsinghpur,JGS,1,"1_1_1_2_10_962,231",2021,2021-08-09,221,0.47674279164557837,2013,-18.55511140085382,661478,-11.390111118883652,661478,-7.165000281970202,661478
Jagatsinghpur,JGS,1,"1_1_1_2_10_963,231",2021,2021-08-09,221,0.4526173586153802,786,-18.330648706936042,623890,-11.165599965722478,623890,-7.165048741213629,623890
Jagatsinghpur,JGS,1,"1_1_1_2_10_964,231",2021,2021-08-09,221,0.49968494707750216,675,-18.825555968048267,543323,-11.404975100702215,543323,-7.420580867346062,543323
Jagatsinghpur,JGS,1,"1_1_1_2_11_961,226",2021,2021-08-19,231,0.4394449939298199,5634,-19.498532297502333,12383,-10.616748252809089,12383,-8.881784044693175,12383
Jagatsinghpur,JGS,1,"1_1_1_2_11_959,227",2021,2021-08-19,231,0.45265474459157484,234692,-19.402856234001845,510204,-11.662599212075335,510204,-7.740257021926512,510204
Jagatsinghpur,JGS,1,"1_1_1_2_11_960,227",2021,2021-08-19,231,0.4992045271371585,216992,-18.886245632549738,432279,-11.117615977171445,432279,-7.7686296553782626,432279
Jagatsinghpur,JGS,1,"1_1_1_2_11_961,227",2021,2021-08-19,231,0.41915675385073414,122357,-21.179502373884162,447583,-12.01805531080071,447583,-9.161447063083479,447583
Jagatsinghpur,JGS,1,"1_1_1_2_11_962,227",2021,2021-08-19,231,0.44399681758312953,21,-20.988395897024763,786,-13.217728274165518,786,-7.7706676228592455,786
Jagatsinghpur,JGS,1,"1_1_1_2_11_958,228",2021,2021-08-19,231,0.4725065357673903,319891,-19.47827121084477,657750,-11.686711792590868,657750,-7.79155941825392,657750
Jagatsinghpur,JGS,1,"1_1_1_2_11_959,228",2021,2021-08-19,231,0.4438581524570297,289094,-19.760051988834523,653265,-11.58750862715797,653265,-8.17254336167657,653265
Jagatsinghpur,JGS,1,"1_1_1_2_11_960,228",2021,2021-08-19,231,0.3846729587666888,217804,-20.37867722004845,693526,-12.280873146907558,693526,-8.097804073140866,693526
Jagatsinghpur,JGS,1,"1_1_1_2_11_961,228",2021,2021-08-19,231,0.43501542502125745,147341,-21.555366053080682,728813,-12.245240367623587,728813,-9.310125685457075,728813
Jagatsinghpur,JGS,1,"1_1_1_2_11_962,228",2021,2021-08-19,231,0.5312551500643918,78829,-20.611002659153367,246956,-12.110446038737676,246956,-8.500556620415747,246956
Jagatsinghpur,JGS,1,"1_1_1_2_11_958,229",2021,2021-08-19,231,0.5300376421196591,297122,-19.3742676102359,604467,-11.800106851000777,604467,-7.5741607592351,604467
Jagatsinghpur,JGS,1,"1_1_1_2_11_959,229",2021,2021-08-19,231,0.47049063727370216,229341,-20.879976553750623,604967,-12.493266374957424,604967,-8.38671017879319,604967
Jagatsinghpur,JGS,1,"1_1_1_2_11_960,229",2021,2021-08-19,231,0.41904421581374796,256367,-20.639138850417634,733746,-12.642247690484545,733746,-7.996891159933163,733746
Jagatsinghpur,JGS,1,"1_1_1_2_11_961,229",2021,2021-08-19,231,0.467034807473639,163489,-20.59759836439721,778594,-11.76821420925431,778594,-8.82938415514288,778594
Jagatsinghpur,JGS,1,"1_1_1_2_11_962,229",2021,2021-08-19,231,0.5212459081564108,140074,-20.869073781063502,513858,-11.48723596042731,513858,-9.381837820636191,513858
Jagatsinghpur,JGS,1,"1_1_1_2_11_963,229",2021,2021-08-19,231,0.5816885623235973,36449,-17.26305880117479,55675,-9.998862682996492,55675,-7.264196118178304,55675
Jagatsinghpur,JGS,1,"1_1_1_2_11_964,229",2021,2021-08-19,231,,0,,0,,0,,0
Jagatsinghpur,JGS,1,"1_1_1_2_11_957,230",2021,2021-08-19,231,0.5500487435504522,352280,-19.417469063296114,620511,-11.691158104502628,620511,-7.726310958793496,620511
Jagatsinghpur,JGS,1,"1_1_1_2_11_958,230",2021,2021-08-19,231,0.5142258070062917,231013,-20.449440864685748,574078,-12.286443836844049,574078,-8.162997027841731,574078
Jagatsinghpur,JGS,1,"1_1_1_2_11_959,230",2021,2021-08-19,231,0.46525433037410335,159102,-21.532119252696965,640106,-12.949844614935069,640106,-8.582274637761921,640106
Jagatsinghpur,JGS,1,"1_1_1_2_11_960,230",2021,2021-08-19,231,0.504576207289814,305805,-20.76336120393815,679387,-12.330203250054854,679387,-8.433157953883295,679387
Jagatsinghpur,JGS,1,"1_1_1_2_11_961,230",2021,2021-08-19,231,0.5462094722287743,274921,-20.976370969293633,712352,-12.020859230400259,712352,-8.955511738893453,712352
Jagatsinghpur,JGS,1,"1_1_1_2_11_962,230",2021,2021-08-19,231,0.5407216455135743,217914,-20.96131945361442,741892,-11.370334862654268,741892,-9.590984590960174,741892
Jagatsinghpur,JGS,1,"1_1_1_2_11_963,230",2021,2021-08-19,231,0.5453878025796511,155896,-19.137360701994876,601275,-10.172404527765982,601275,-8.964956174228893,601275
Jagatsinghpur,JGS,1,"1_1_1_2_11_964,230",2021,2021-08-19,231,0.6009047972139236,52548,-17.243627606777732,125259,-10.307454721531837,125259,-6.936172885245941,125259
Jagatsinghpur,JGS,1,"1_1_1_2_11_965,230",2021,2021-08-19,231,0.5297598552206303,3235,-17.4400659936867,10328,-11.52178633368006,10328,-5.918279660006672,10328
Jagatsinghpur,JGS,1,"1_1_1_2_11_957,231",2021,2021-08-19,231,0.5373142859841121,246470,-19.72906267711342,535010,-11.766705984102646,535010,-7.962356693010754,535010
Jagatsinghpur,JGS,1,"1_1_1_2_11_958,231",2021,2021-08-19,231,0.5345626173204504,313737,-20.009405702392314,649727,-11.671832497395691,649727,-8.33757320499658,649727
Jagatsinghpur,JGS,1,"1_1_1_2_11_959,231",2021,2021-08-19,231,0.53894123731222,266387,-19.9194184032912,544379,-11.623873710700508,544379,-8.295544692590676,544379
Jagatsinghpur,JGS,1,"1_1_1_2_11_960,231",2021,2021-08-19,231,0.5606540514202303,336039,-19.00158813795264,525591,-11.095618268304364,525591,-7.905969869648302,525591
Jagatsinghpur,JGS,1,"1_1_1_2_11_961,231",2021,2021-08-19,231,0.5693342197835297,340031,-19.19351371098971,638601,-11.116580853673087,638601,-8.076932857316642,638601
Jagatsinghpur,JGS,1,"1_1_1_2_11_962,231",2021,2021-08-19,231,0.5842746089272953,241672,-18.996767997585884,661478,-11.03088867061704,661478,-7.965879326968786,661478
Jagatsinghpur,JGS,1,"1_1_1_2_11_963,231",2021,2021-08-19,231,0.5251899531441855,153181,-19.302541138505994,623890,-10.972237225215409,623890,-8.330303913290583,623890
Jagatsinghpur,JGS,1,"1_1_1_2_11_964,231",2021,2021-08-19,231,0.5125494647143871,130576,-19.458309364806457,543323,-11.00349318289804,543323,-8.454816181908273,543323
Jagatsinghpur,JGS,1,"1_1_1_2_12_961,226",2021,2021-08-29,241,0.535603501902607,9240,-18.581404675776945,12383,-9.9939291172655,12383,-8.587475558511366,12383
Jagatsinghpur,JGS,1,"1_1_1_2_12_959,227",2021,2021-08-29,241,0.5222836339107807,268710,-19.88332622928634,510204,-11.668707589798727,510204,-8.21461863948759,510204
Jagatsinghpur,JGS,1,"1_1_1_2_12_960,227",2021,2021-08-29,241,0.6039564474307081,316681,-18.47617691824947,432279,-10.807568706670178,432279,-7.668608211579312,432279
Jagatsinghpur,JGS,1,"1_1_1_2_12_961,227",2021,2021-08-29,241,0.5667156916830643,280953,-19.289375056468376,447583,-10.417767064950896,447583,-8.871607991517587,447583
Jagatsinghpur,JGS,1,"1_1_1_2_12_962,227",2021,2021-08-29,241,0.5499754683351378,216,-20.35559157000763,786,-12.735265953793084,786,-7.620325616214541,786
Jagatsinghpur,JGS,1,"1_1_1_2_12_958,228",2021,2021-08-29,241,0.5665020236836831,421448,-19.134551503805802,657750,-11.03643159145957,657750,-8.098119912346318,657750
Jagatsinghpur,JGS,1,"1_1_1_2_12_959,228",2021,2021-08-29,241,0.5557636054637868,454766,-19.54366605318146,653265,-11.269577050638258,653265,-8.274089002543143,653265
Jagatsinghpur,JGS,1,"1_1_1_2_12_960,228",2021,2021-08-29,241,0.5227005794686147,303421,-19.995043856443075,693526,-11.477946558306606,693526,-8.517097298136441,693526
Jagatsinghpur,JGS,1,"1_1_1_2_12_961,228",2021,2021-08-29,241,0.5154283419523783,242270,-21.420983455859936,728813,-11.221948221594971,728813,-10.199035234264947,728813
Jagatsinghpur,JGS,1,"1_1_1_2_12_962,228",2021,2021-08-29,241,0.5725282306828882,128483,-20.971112359936264,246956,-11.889909344232423,246956,-9.08120301570393,246956
Jagatsinghpur,JGS,1,"1_1_1_2_12_958,229",2021,2021-08-29,241,0.5970084329638489,442318,-18.40409216159708,604467,-10.575707575303307,604467,-7.8283845862938035,604467
Jagatsinghpur,JGS,1,"1_1_1_2_12_959,229",2021,2021-08-29,241,0.5728782769254731,393158,-19.625818692518887,604967,-10.843669517119958,604967,-8.782149175398901,604967
Jagatsinghpur,JGS,1,"1_1_1_2_12_960,229",2021,2021-08-29,241,0.43269164732319715,384226,-20.601815874928725,733746,-11.872102021100028,733746,-8.72971385382874,733746
Jagatsinghpur,JGS,1,"1_1_1_2_12_961,229",2021,2021-08-29,241,0.5672397853764243,192951,-21.339438912975286,778594,-10.993338750167673,778594,-10.346100162807534,778594
Jagatsinghpur,JGS,1,"1_1_1_2_12_962,229",2021,2021-08-29,241,0.5648888812004166,248705,-21.61544783284551,513858,-11.249867901534477,513858,-10.365579931311055,513858
Jagatsinghpur,JGS,1,"1_1_1_2_12_963,229",2021,2021-08-29,241,0.6327406008307229,51092,-17.36000992534202,55675,-9.84327131615988,55675,-7.516738609182124,55675
Jagatsinghpur,JGS,1,"1_1_1_2_12_964,229",2021,2021-08-29,241,,0,,0,,0,,0
Jagatsinghpur,JGS,1,"1_1_1_2_12_957,230",2021,2021-08-29,241,0.6295951670278289,521285,-17.771668943504682,620511,-9.969958056261849,620511,-7.801710887242878,620511
Jagatsinghpur,JGS,1,"1_1_1_2_12_958,230",2021,2021-08-29,241,0.569480872791288,383438,-19.05489627073493,574078,-10.394754922221368,574078,-8.660141348513559,574078
Jagatsinghpur,JGS,1,"1_1_1_2_12_959,230",2021,2021-08-29,241,0.5460982865550581,360283,-20.129760247131973,640106,-11.016816439752528,640106,-9.112943807379395,640106
Jagatsinghpur,JGS,1,"1_1_1_2_12_960,230",2021,2021-08-29,241,0.5911747599308547,432802,-19.960243136150478,679387,-11.24453907709373,679387,-8.71570405905676,679387
Jagatsinghpur,JGS,1,"1_1_1_2_12_961,230",2021,2021-08-29,241,0.6017478287310729,443469,-20.211311885179853,712352,-10.644960516022088,712352,-9.566351369157731,712352
Jagatsinghpur,JGS,1,"1_1_1_2_12_962,230",2021,2021-08-29,241,0.5544424124752518,366721,-20.19747549498122,741892,-10.10263093530301,741892,-10.094844559678194,741892
Jagatsinghpur,JGS,1,"1_1_1_2_12_963,230",2021,2021-08-29,241,0.6301670498529198,350121,-18.289165409404063,601275,-9.50900089489382,601275,-8.780164514510245,601275
Jagatsinghpur,JGS,1,"1_1_1_2_12_964,230",2021,2021-08-29,241,0.6256484784717263,68251,-17.038769041585905,125259,-10.342292357874616,125259,-6.6964766837113014,125259
Jagatsinghpur,JGS,1,"1_1_1_2_12_965,230",2021,2021-08-29,241,0.6272026482840538,991,-16.77592711336884,10328,-11.366328590989133,10328,-5.409598522379711,10328
Jagatsinghpur,JGS,1,"1_1_1_2_12_957,231",2021,2021-08-29,241,0.6038215062258455,313119,-18.426495669298074,535010,-10.131460864643259,535010,-8.295034804654748,535010
Jagatsinghpur,JGS,1,"1_1_1_2_12_958,231",2021,2021-08-29,241,0.6035222509218336,513851,-18.82136139493123,649727,-10.237763325241016,649727,-8.58359806969021,649727
Jagatsinghpur,JGS,1,"1_1_1_2_12_959,231",2021,2021-08-29,241,0.6227772620853651,441228,-18.586534319108736,544379,-10.310928131716,544379,-8.275606187392754,544379
Jagatsinghpur,JGS,1,"1_1_1_2_12_960,231",2021,2021-08-29,241,0.6146276557608165,412666,-18.228134239546026,525591,-10.146399869712646,525591,-8.081734369833443,525591
Jagatsinghpur,JGS,1,"1_1_1_2_12_961,231",2021,2021-08-29,241,0.6217098217611952,414978,-18.43908935006795,638601,-10.200615417816662,638601,-8.238473932251301,638601
Jagatsinghpur,JGS,1,"1_1_1_2_12_962,231",2021,2021-08-29,241,0.5882910734473327,298929,-18.30294151092085,661478,-10.05162285913915,661478,-8.251318651781743,661478
Jagatsinghpur,JGS,1,"1_1_1_2_12_963,231",2021,2021-08-29,241,0.46668159172352475,215405,-18.397717972031483,623890,-9.93391786799539,623890,-8.463800104036155,623890
Jagatsinghpur,JGS,1,"1_1_1_2_12_964,231",2021,2021-08-29,241,0.5512291782361558,103555,-18.297345207118944,543323,-10.022470213225217,543323,-8.274874993893706,543323
Jagatsinghpur,JGS,1,"1_1_1_2_13_961,226",2021,2021-09-08,251,0.564193786459924,9791,-25.23635645935308,12383,-13.782781288587442,12383,-11.453575170765891,12383
Jagatsinghpur,JGS,1,"1_1_1_2_13_959,227",2021,2021-09-08,251,0.6020978146593314,332651,-22.66632293281994,510204,-14.195817704260415,510204,-8.470505228559496,510204
Jagatsinghpur,JGS,1,"1_1_1_2_13_960,227",2021,2021-09-08,251,0.6553088409947133,322032,-21.96714380571616,432279,-13.918711979470945,432279,-8.04843182624523,432279
Jagatsinghpur,JGS,1,"1_1_1_2_13_961,227",2021,2021-09-08,251,0.6032989464311359,273658,-27.456752081647746,447583,-17.346389836326797,447583,-10.110362245320971,447583
Jagatsinghpur,JGS,1,"1_1_1_2_13_962,227",2021,2021-09-08,251,0.5557102549819399,206,-22.520144668994455,786,-15.755294027517712,786,-6.764850641476756,786
Jagatsinghpur,JGS,1,"1_1_1_2_13_958,228",2021,2021-09-08,251,0.6077506712148263,333756,-22.547507550998798,657750,-14.3280913740807,657750,-8.21941617691809,657750
Jagatsinghpur,JGS,1,"1_1_1_2_13_959,228",2021,2021-09-08,251,0.638541823964418,467525,-24.30106984701018,653265,-15.92845613187276,653265,-8.372613715137415,653265
Jagatsinghpur,JGS,1,"1_1_1_2_13_960,228",2021,2021-09-08,251,0.6104119827249749,397053,-25.15950869235752,693526,-16.178102523455347,693526,-8.981406168902222,693526
Jagatsinghpur,JGS,1,"1_1_1_2_13_961,228",2021,2021-09-08,251,0.5449848484459666,195636,-26.954698954022863,728813,-16.525598735981603,728813,-10.4291002180413,728813
Jagatsinghpur,JGS,1,"1_1_1_2_13_962,228",2021,2021-09-08,251,0.5067763910555262,45003,-26.309171529162708,246956,-16.536592684055545,246956,-9.772578845107125,246956
Jagatsinghpur,JGS,1,"1_1_1_2_13_958,229",2021,2021-09-08,251,0.6261587241636942,466618,-20.588705166378343,604467,-12.893740995052863,604467,-7.694964171325492,604467
Jagatsinghpur,JGS,1,"1_1_1_2_13_959,229",2021,2021-09-08,251,0.5996994045938455,414432,-23.397519539407917,604967,-14.9760890654781,604967,-8.421430473929847,604967
Jagatsinghpur,JGS,1,"1_1_1_2_13_960,229",2021,2021-09-08,251,0.5623513649499959,239312,-24.994733632266165,733746,-16.117307738329526,733746,-8.877425893936609,733746
Jagatsinghpur,JGS,1,"1_1_1_2_13_961,229",2021,2021-09-08,251,0.5143804522462282,24725,-25.089707897629225,778594,-15.831845309057696,778594,-9.257862588571522,778594
Jagatsinghpur,JGS,1,"1_1_1_2_13_962,229",2021,2021-09-08,251,0.5162673393181392,67004,-26.285640703241054,513858,-16.738044219680468,513858,-9.547596483560543,513858
Jagatsinghpur,JGS,1,"1_1_1_2_13_963,229",2021,2021-09-08,251,0.5380972852319008,20218,-27.61191190637458,55675,-18.13278239292834,55675,-9.479129513446106,55675
Jagatsinghpur,JGS,1,"1_1_1_2_13_964,229",2021,2021-09-08,251,,0,,0,,0,,0
Jagatsinghpur,JGS,1,"1_1_1_2_13_957,230",2021,2021-09-08,251,0.6059081845466513,210693,-20.54928480942863,620511,-13.212123113855696,620511,-7.337161695573012,620511
Jagatsinghpur,JGS,1,"1_1_1_2_13_958,230",2021,2021-09-08,251,0.6047130488261228,346767,-22.07277509195467,574078,-14.006452735545661,574078,-8.066322356409017,574078
Jagatsinghpur,JGS,1,"1_1_1_2_13_959,230",2021,2021-09-08,251,0.5923350953101147,304971,-23.75580846473372,640106,-14.965199181228893,640106,-8.79060928350484,640106
Jagatsinghpur,JGS,1,"1_1_1_2_13_960,230",2021,2021-09-08,251,0.49132579214119526,117503,-24.331876520959753,679387,-15.382627073500496,679387,-8.949249447459284,679387
Jagatsinghpur,JGS,1,"1_1_1_2_13_961,230",2021,2021-09-08,251,0.4741826561781076,13,-23.922534180050313,712352,-15.264665789035162,712352,-8.65786839101518,712352
Jagatsinghpur,JGS,1,"1_1_1_2_13_962,230",2021,2021-09-08,251,0.5066121087487175,23415,-24.713004366664077,741892,-15.160757709946065,741892,-9.55224665671797,741892
Jagatsinghpur,JGS,1,"1_1_1_2_13_963,230",2021,2021-09-08,251,0.5843674179375437,87278,-24.376117485988953,601275,-14.822221196289433,601275,-9.55389628969954,601275
Jagatsinghpur,JGS,1,"1_1_1_2_13_964,230",2021,2021-09-08,251,0.5527021058935354,36051,-20.30242551409886,125259,-12.479770338311676,125259,-7.82265517578719,125259
Jagatsinghpur,JGS,1,"1_1_1_2_13_965,230",2021,2021-09-08,251,0.563721050798621,5030,-17.00426622058203,10328,-9.652470867734896,10328,-7.351795352847122,10328
Jagatsinghpur,JGS,1,"1_1_1_2_13_957,231",2021,2021-09-08,251,0.6001723985251691,138654,-21.123945571152223,520883,-13.941172448602247,520883,-7.182773122550014,520883
Jagatsinghpur,JGS,1,"1_1_1_2_13_958,231",2021,2021-09-08,251,0.5931501518967062,238206,-22.197190718508907,649727,-14.338787943287684,649727,-7.858402775221225,649727
Jagatsinghpur,JGS,1,"1_1_1_2_13_959,231",2021,2021-09-08,251,0.5587467024088654,48153,-21.921301747124566,544379,-13.724904612254962,544379,-8.196397134869605,544379
Jagatsinghpur,JGS,1,"1_1_1_2_13_960,231",2021,2021-09-08,251,0.5718352352189149,1747,-22.306285833348248,525591,-14.106095251449323,525591,-8.200190581898942,525591
Jagatsinghpur,JGS,1,"1_1_1_2_13_961,231",2021,2021-09-08,251,0.6177773700002054,153090,-20.52028561656082,638601,-12.518121568656953,638601,-8.00216404790385,638601
Jagatsinghpur,JGS,1,"1_1_1_2_13_962,231",2021,2021-09-08,251,0.5421112532373209,25608,-21.11261515288546,661478,-12.901308250468514,661478,-8.211306902416991,661478
Jagatsinghpur,JGS,1,"1_1_1_2_13_963,231",2021,2021-09-08,251,0.5987963158845636,293448,-22.422173587520717,623890,-13.856870095063895,623890,-8.565303492456854,623890
Jagatsinghpur,JGS,1,"1_1_1_2_13_964,231",2021,2021-09-08,251,0.576960311559029,81670,-21.580642307065297,543323,-12.785929915997261,543323,-8.794712391068016,543323
Jagatsinghpur,JGS,1,"1_1_1_2_14_961,226",2021,2021-09-18,261,,0,-15.448057674939783,12383,-9.162564054636666,12383,-6.2854936203030505,12383
Jagatsinghpur,JGS,1,"1_1_1_2_14_959,227",2021,2021-09-18,261,0.5408837513734861,43248,-17.738349518930512,510204,-10.636578707990667,510204,-7.101770810939836,510204
Jagatsinghpur,JGS,1,"1_1_1_2_14_960,227",2021,2021-09-18,261,0.39207296672411207,11453,-16.81082724326699,432279,-10.207662524329285,432279,-6.603164718937661,432279
Jagatsinghpur,JGS,1,"1_1_1_2_14_961,227",2021,2021-09-18,261,,0,-16.49411440569289,447583,-9.197697325749418,447583,-7.296417079943541,447583
Jagatsinghpur,JGS,1,"1_1_1_2_14_962,227",2021,2021-09-18,261,,0,-19.30605998661836,786,-12.606282757166525,786,-6.699777229451843,786
Jagatsinghpur,JGS,1,"1_1_1_2_14_958,228",2021,2021-09-18,261,0.5695090530200733,5875,-17.19334370615393,657750,-10.637661904765348,657750,-6.555681801388567,657750
Jagatsinghpur,JGS,1,"1_1_1_2_14_959,228",2021,2021-09-18,261,0.5548412660908744,11761,-16.978703798493076,653265,-10.63643386732604,653265,-6.342269931166993,653265
Jagatsinghpur,JGS,1,"1_1_1_2_14_960,228",2021,2021-09-18,261,0.02885667630614692,5845,-17.5484578631176,693526,-10.95251178789216,693526,-6.595946075225424,693526
Jagatsinghpur,JGS,1,"1_1_1_2_14_961,228",2021,2021-09-18,261,,0,-19.221719402840115,728813,-11.178351130239838,728813,-8.043368272600288,728813
Jagatsinghpur,JGS,1,"1_1_1_2_14_962,228",2021,2021-09-18,261,,0,-20.511831294290584,246956,-12.200952606870775,246956,-8.310878687419786,246956
Jagatsinghpur,JGS,1,"1_1_1_2_14_958,229",2021,2021-09-18,261,0.5451392113052327,73957,-16.985962789688195,604467,-10.309587979191917,604467,-6.676374810496268,604467
Jagatsinghpur,JGS,1,"1_1_1_2_14_959,229",2021,2021-09-18,261,0.5815396346001042,167903,-16.83667017402165,604967,-9.951966265729355,604967,-6.884703908292283,604967
Jagatsinghpur,JGS,1,"1_1_1_2_14_960,229",2021,2021-09-18,261,0.5686769809306577,35626,-20.257687757658932,733746,-13.710784259407687,733746,-6.546903498251314,733746
Jagatsinghpur,JGS,1,"1_1_1_2_14_961,229",2021,2021-09-18,261,0.5710011715719807,1391,-20.563267524349733,778594,-12.183723058864368,778594,-8.379544465485381,778594
Jagatsinghpur,JGS,1,"1_1_1_2_14_962,229",2021,2021-09-18,261,,0,-21.125266210356195,513858,-12.283356159653232,513858,-8.84191005070296,513858
Jagatsinghpur,JGS,1,"1_1_1_2_14_963,229",2021,2021-09-18,261,,0,-19.787207632637436,55675,-11.142593947292868,55675,-8.644613685344588,55675
Jagatsinghpur,JGS,1,"1_1_1_2_14_964,229",2021,2021-09-18,261,,0,,0,,0,,0
Jagatsinghpur,JGS,1,"1_1_1_2_14_957,230",2021,2021-09-18,261,0.5502793815004111,217,-17.53978556888329,620511,-10.859018901476604,620511,-6.680766667406719,620511
Jagatsinghpur,JGS,1,"1_1_1_2_14_958,230",2021,2021-09-18,261,0.5722716511494776,28018,-17.523485403187014,574078,-10.546145040103188,574078,-6.977340363083828,574078
Jagatsinghpur,JGS,1,"1_1_1_2_14_959,230",2021,2021-09-18,261,0.586574314022626,76066,-17.107936681988022,640106,-9.898194886663847,640106,-7.2097417953241925,640106
Jagatsinghpur,JGS,1,"1_1_1_2_14_960,230",2021,2021-09-18,261,0.42809406025707314,224556,-18.389377316120665,679387,-11.465237444749311,679387,-6.9241398713713584,679387
Jagatsinghpur,JGS,1,"1_1_1_2_14_961,230",2021,2021-09-18,261,0.5801707248144833,93059,-16.34335382795205,712352,-9.285794560837413,712352,-7.05755926711467,712352
Jagatsinghpur,JGS,1,"1_1_1_2_14_962,230",2021,2021-09-18,261,,0,-18.065358265621857,741892,-10.170623952273067,741892,-7.894734313348759,741892
Jagatsinghpur,JGS,1,"1_1_1_2_14_963,230",2021,2021-09-18,261,,0,-18.291797464381357,601275,-9.90400248713365,601275,-8.387794977247614,601275
Jagatsinghpur,JGS,1,"1_1_1_2_14_964,230",2021,2021-09-18,261,,0,-18.40702019470936,125259,-11.010812081498543,125259,-7.396208113210826,125259
Jagatsinghpur,JGS,1,"1_1_1_2_14_965,230",2021,2021-09-18,261,,0,-16.421846328686424,10328,-10.555322237713838,10328,-5.866524090972597,10328
Jagatsinghpur,JGS,1,"1_1_1_2_14_957,231",2021,2021-09-18,261,,0,-17.07839061777321,535010,-10.106644060177494,535010,-6.9717465575956705,535010
Jagatsinghpur,JGS,1,"1_1_1_2_14_958,231",2021,2021-09-18,261,,0,-17.60155340940923,649727,-10.563133132914796,649727,-7.038420276494433,649727
Jagatsinghpur,JGS,1,"1_1_1_2_14_959,231",2021,2021-09-18,261,,0,-17.970805938595923,544379,-11.503759553102551,544379,-6.467046385493342,544379
Jagatsinghpur,JGS,1,"1_1_1_2_14_960,231",2021,2021-09-18,261,,0,-17.218915722939887,525591,-10.425367439985807,525591,-6.7935482829540454,525591
Jagatsinghpur,JGS,1,"1_1_1_2_14_961,231",2021,2021-09-18,261,,0,-16.63743118621824,638601,-10.1538701239697,638601,-6.483561062248581,638601
Jagatsinghpur,JGS,1,"1_1_1_2_14_962,231",2021,2021-09-18,261,,0,-16.83090498026166,661478,-10.054203638172785,661478,-6.776701342088863,661478
Jagatsinghpur,JGS,1,"1_1_1_2_14_963,231",2021,2021-09-18,261,,0,-16.57553032956155,623890,-9.256078022704395,623890,-7.319452306857132,623890
Jagatsinghpur,JGS,1,"1_1_1_2_14_964,231",2021,2021-09-18,261,,0,-16.387550833705088,543323,-8.611735315533721,543323,-7.775815518171389,543323
Jagatsinghpur,JGS,1,"1_1_1_2_15_961,226",2021,2021-09-28,271,0.6285807716818089,10965,,0,,0,,0
Jagatsinghpur,JGS,1,"1_1_1_2_15_959,227",2021,2021-09-28,271,0.6679102498008924,445904,-16.250544815497566,510204,-9.371662938913278,510204,-6.878881876584298,510204
Jagatsinghpur,JGS,1,"1_1_1_2_15_960,227",2021,2021-09-28,271,0.7103118183512073,402480,-15.730444808356834,304761,-9.326036496672659,304761,-6.404408311684255,304761
Jagatsinghpur,JGS,1,"1_1_1_2_15_961,227",2021,2021-09-28,271,0.6648673563644288,400287,,0,,0,,0
Jagatsinghpur,JGS,1,"1_1_1_2_15_962,227",2021,2021-09-28,271,0.617736510164,223,,0,,0,,0
Jagatsinghpur,JGS,1,"1_1_1_2_15_958,228",2021,2021-09-28,271,0.6641631127749116,551103,-15.991813390614423,657750,-9.207310614640399,657750,-6.784502775974035,657750
Jagatsinghpur,JGS,1,"1_1_1_2_15_959,228",2021,2021-09-28,271,0.6420490639290095,535721,-15.98494873707428,653265,-9.310579561356912,653265,-6.674369175717385,653265
Jagatsinghpur,JGS,1,"1_1_1_2_15_960,228",2021,2021-09-28,271,0.6364534832112752,548057,-16.142421980681007,563225,-9.583103249014435,563225,-6.5593187316665205,563225
Jagatsinghpur,JGS,1,"1_1_1_2_15_961,228",2021,2021-09-28,271,0.5434289047286105,396934,,0,,0,,0
Jagatsinghpur,JGS,1,"1_1_1_2_15_962,228",2021,2021-09-28,271,0.5676391577406703,129738,,0,,0,,0
Jagatsinghpur,JGS,1,"1_1_1_2_15_958,229",2021,2021-09-28,271,0.6522072438274265,530576,-15.744819327289246,604467,-9.241309606660618,604467,-6.503509720628603,604467
Jagatsinghpur,JGS,1,"1_1_1_2_15_959,229",2021,2021-09-28,271,0.6686394657822583,527637,-15.979909332638229,604967,-9.034782528398864,604967,-6.945126804239347,604967
Jagatsinghpur,JGS,1,"1_1_1_2_15_960,229",2021,2021-09-28,271,0.45121612184550847,484227,-17.427967228913964,719884,-10.82527919151727,719884,-6.602688037396702,719884
Jagatsinghpur,JGS,1,"1_1_1_2_15_961,229",2021,2021-09-28,271,0.5473334681604888,472143,-17.04234742235909,25063,-10.119082849792592,25063,-6.923264572566473,25063
Jagatsinghpur,JGS,1,"1_1_1_2_15_962,229",2021,2021-09-28,271,0.5575725681616329,305856,,0,,0,,0
Jagatsinghpur,JGS,1,"1_1_1_2_15_963,229",2021,2021-09-28,271,0.6523131958964273,48207,,0,,0,,0
Jagatsinghpur,JGS,1,"1_1_1_2_15_964,229",2021,2021-09-28,271,,0,,0,,0,,0
Jagatsinghpur,JGS,1,"1_1_1_2_15_957,230",2021,2021-09-28,271,0.7118110252929197,455392,-15.65070509522663,620511,-9.234979299572444,620511,-6.415725795654189,620511
Jagatsinghpur,JGS,1,"1_1_1_2_15_958,230",2021,2021-09-28,271,0.6762784804753044,468784,-15.905190073366878,574078,-9.11406562296707,574078,-6.791124450399846,574078
Jagatsinghpur,JGS,1,"1_1_1_2_15_959,230",2021,2021-09-28,271,0.6791234940385263,533221,-16.049037339644208,640106,-8.94797429119021,640106,-7.101063048454021,640106
Jagatsinghpur,JGS,1,"1_1_1_2_15_960,230",2021,2021-09-28,271,0.6606709807165004,587727,-15.481458160204971,679387,-8.64148887079796,679387,-6.839969289407004,679387
Jagatsinghpur,JGS,1,"1_1_1_2_15_961,230",2021,2021-09-28,271,0.6517704934732778,591526,-15.380739490953246,142925,-8.529894115541897,142925,-6.850845375411365,142925
Jagatsinghpur,JGS,1,"1_1_1_2_15_962,230",2021,2021-09-28,271,0.6655554664354474,551200,,0,,0,,0
Jagatsinghpur,JGS,1,"1_1_1_2_15_963,230",2021,2021-09-28,271,0.6396969028614449,461846,,0,,0,,0
Jagatsinghpur,JGS,1,"1_1_1_2_15_964,230",2021,2021-09-28,271,0.5997559786544471,95045,,0,,0,,0
Jagatsinghpur,JGS,1,"1_1_1_2_15_965,230",2021,2021-09-28,271,0.6350629944635069,8599,,0,,0,,0
Jagatsinghpur,JGS,1,"1_1_1_2_15_957,231",2021,2021-09-28,271,0.7010961639931961,327712,-15.841469668139185,535010,-9.00363638127935,535010,-6.837833286859846,535010
Jagatsinghpur,JGS,1,"1_1_1_2_15_958,231",2021,2021-09-28,271,0.6698752066205148,538306,-15.645887800252446,649727,-8.959590153336709,649727,-6.686297646915727,649727
Jagatsinghpur,JGS,1,"1_1_1_2_15_959,231",2021,2021-09-28,271,0.6668197366506114,414270,-15.502220577307288,544379,-9.041242736317612,544379,-6.460977840989682,544379
Jagatsinghpur,JGS,1,"1_1_1_2_15_960,231",2021,2021-09-28,271,0.651170814945026,465503,-15.356956619782705,525094,-8.584023450711804,525094,-6.77293316907092,525094
Jagatsinghpur,JGS,1,"1_1_1_2_15_961,231",2021,2021-09-28,271,0.6415196498851915,565239,-15.503535541348485,261744,-8.95427512297295,261744,-6.549260418375573,261744
Jagatsinghpur,JGS,1,"1_1_1_2_15_962,231",2021,2021-09-28,271,0.6352376900192088,559799,,0,,0,,0
Jagatsinghpur,JGS,1,"1_1_1_2_15_963,231",2021,2021-09-28,271,0.6287616596386517,506422,,0,,0,,0
Jagatsinghpur,JGS,1,"1_1_1_2_15_964,231",2021,2021-09-28,271,0.6519510770937473,443367,,0,,0,,0
Jagatsinghpur,JGS,1,"1_1_1_2_16_961,226",2021,2021-10-08,281,,0,-16.60115600571602,12383,-9.693060446720695,12383,-6.908095558995297,12383
Jagatsinghpur,JGS,1,"1_1_1_2_16_959,227",2021,2021-10-08,281,0.24886204834915215,41495,-16.425542481804317,510204,-9.61317528174719,510204,-6.812367200057109,510204
Jagatsinghpur,JGS,1,"1_1_1_2_16_960,227",2021,2021-10-08,281,0.23354845034608726,27164,-16.475583295742645,432279,-10.295446573093423,432279,-6.180136722649218,432279
Jagatsinghpur,JGS,1,"1_1_1_2_16_961,227",2021,2021-10-08,281,,0,-16.842090542363607,447583,-9.983017887282006,447583,-6.859072655081624,447583
Jagatsinghpur,JGS,1,"1_1_1_2_16_962,227",2021,2021-10-08,281,,0,-20.613543833098753,786,-13.551328542228756,786,-7.0622152908700375,786
Jagatsinghpur,JGS,1,"1_1_1_2_16_958,228",2021,2021-10-08,281,0.2868462632798399,5817,-16.523719847199434,657750,-9.89433063571427,657750,-6.629389211485148,657750
Jagatsinghpur,JGS,1,"1_1_1_2_16_959,228",2021,2021-10-08,281,0.24033627560109458,9681,-16.402410899519772,653265,-9.897878274304583,653265,-6.504532625215142,653265
Jagatsinghpur,JGS,1,"1_1_1_2_16_960,228",2021,2021-10-08,281,0.2395426464487422,40494,-16.32838216282354,693526,-9.62028380616635,693526,-6.708098356657114,693526
Jagatsinghpur,JGS,1,"1_1_1_2_16_961,228",2021,2021-10-08,281,0.2018024114647297,594,-16.836136142448755,728813,-8.963103903208777,728813,-7.873032239239972,728813
Jagatsinghpur,JGS,1,"1_1_1_2_16_962,228",2021,2021-10-08,281,0.197415580420591,4651,-19.241683264476755,246956,-11.380894445148579,246956,-7.860788819328083,246956
Jagatsinghpur,JGS,1,"1_1_1_2_16_958,229",2021,2021-10-08,281,0.3402817361198969,14873,-16.608569865347636,604467,-10.19023974548624,604467,-6.418330119861377,604467
Jagatsinghpur,JGS,1,"1_1_1_2_16_959,229",2021,2021-10-08,281,0.296081130278524,2220,-16.451765674787413,604967,-9.591751947937608,604967,-6.860013726849784,604967
Jagatsinghpur,JGS,1,"1_1_1_2_16_960,229",2021,2021-10-08,281,-0.02898660585210643,30988,-16.602363014970106,733746,-9.595452489945803,733746,-7.0069105250242805,733746
Jagatsinghpur,JGS,1,"1_1_1_2_16_961,229",2021,2021-10-08,281,0.4206031619911187,234,-16.20340660394627,778594,-9.054874809319616,778594,-7.148531794626671,778594
Jagatsinghpur,JGS,1,"1_1_1_2_16_962,229",2021,2021-10-08,281,0.20976108145937628,1128,-17.372503771622945,513858,-9.978241962542466,513858,-7.39426180908046,513858
Jagatsinghpur,JGS,1,"1_1_1_2_16_963,229",2021,2021-10-08,281,0.27631890088190686,808,-16.311760476657938,55675,-9.57180000367032,55675,-6.739960472987679,55675
Jagatsinghpur,JGS,1,"1_1_1_2_16_964,229",2021,2021-10-08,281,,0,,0,,0,,0
Jagatsinghpur,JGS,1,"1_1_1_2_16_957,230",2021,2021-10-08,281,0.4056260457057996,10337,-16.787887861684307,620511,-10.459595558239494,620511,-6.328292303444851,620511
Jagatsinghpur,JGS,1,"1_1_1_2_16_958,230",2021,2021-10-08,281,0.4372566444444164,10118,-16.807514287037808,574078,-10.24967348063904,574078,-6.557840806398787,574078
Jagatsinghpur,JGS,1,"1_1_1_2_16_959,230",2021,2021-10-08,281,0.4764034290840517,723,-16.553852214093105,640106,-9.437233231744704,640106,-7.116618982348401,640106
Jagatsinghpur,JGS,1,"1_1_1_2_16_960,230",2021,2021-10-08,281,0.18201352630551895,3599,-15.988726619036393,679387,-8.972390331955273,679387,-7.016336287081097,679387
Jagatsinghpur,JGS,1,"1_1_1_2_16_961,230",2021,2021-10-08,281,0.4660440405004499,1472,-16.285531864235193,712352,-9.045727590659922,712352,-7.239804273575261,712352
Jagatsinghpur,JGS,1,"1_1_1_2_16_962,230",2021,2021-10-08,281,,0,-15.932723309229202,741892,-8.945603817179567,741892,-6.987119492049658,741892
Jagatsinghpur,JGS,1,"1_1_1_2_16_963,230",2021,2021-10-08,281,0.23274112599998867,1152,-15.606380188090482,601275,-9.124815602555596,601275,-6.481564585534936,601275
Jagatsinghpur,JGS,1,"1_1_1_2_16_964,230",2021,2021-10-08,281,0.2166054399687416,3011,-17.60697628868297,125259,-10.581099883804063,125259,-7.0258764048789155,125259
Jagatsinghpur,JGS,1,"1_1_1_2_16_965,230",2021,2021-10-08,281,0.30775563800564515,719,-17.242623268389274,10328,-11.312964443469472,10328,-5.929658824919775,10328
Jagatsinghpur,JGS,1,"1_1_1_2_16_957,231",2021,2021-10-08,281,0.38633741278876393,27537,-16.875153469028962,535010,-9.985544381308971,535010,-6.889609087719981,535010
Jagatsinghpur,JGS,1,"1_1_1_2_16_958,231",2021,2021-10-08,281,0.5472737509907208,17335,-16.681737672840764,649727,-10.029779051362333,649727,-6.651958621478427,649727
Jagatsinghpur,JGS,1,"1_1_1_2_16_959,231",2021,2021-10-08,281,0.6985860420555889,99218,-16.425209334018003,544379,-9.950111424890286,544379,-6.475097909127672,544379
Jagatsinghpur,JGS,1,"1_1_1_2_16_960,231",2021,2021-10-08,281,0.43319655979879157,13742,-16.105219885348596,525591,-9.466052800613909,525591,-6.639167084734713,525591
Jagatsinghpur,JGS,1,"1_1_1_2_16_961,231",2021,2021-10-08,281,0.40816110560028857,11379,-16.153551949994007,638601,-9.683375189238605,638601,-6.470176760755443,638601
Jagatsinghpur,JGS,1,"1_1_1_2_16_962,231",2021,2021-10-08,281,,0,-16.115491479495624,661478,-10.110521382676193,661478,-6.004970096819402,661478
Jagatsinghpur,JGS,1,"1_1_1_2_16_963,231",2021,2021-10-08,281,0.33060824125220073,949,-15.85787491448006,623890,-9.598652562008127,623890,-6.259222352471936,623890
Jagatsinghpur,JGS,1,"1_1_1_2_16_964,231",2021,2021-10-08,281,0.34829278683855247,794,-16.408552591640085,543323,-9.34101024469394,543323,-7.0675423469461505,543323
Jagatsinghpur,JGS,1,"1_1_1_2_17_961,226",2021,2021-10-18,291,0.7432284180230434,11712,-16.881826694101047,12383,-9.137863035331568,12383,-7.743963658769456,12383
Jagatsinghpur,JGS,1,"1_1_1_2_17_959,227",2021,2021-10-18,291,0.7567054230706991,508197,-16.182292100574365,510204,-9.454743945281134,510204,-6.727548155293232,510204
Jagatsinghpur,JGS,1,"1_1_1_2_17_960,227",2021,2021-10-18,291,0.766448336003489,422903,-16.37784871408067,432279,-10.236104449804996,432279,-6.141744264275626,432279
Jagatsinghpur,JGS,1,"1_1_1_2_17_961,227",2021,2021-10-18,291,0.7373039851013449,379286,-17.448098625079396,447583,-9.59587292797401,447583,-7.852225697105329,447583
Jagatsinghpur,JGS,1,"1_1_1_2_17_962,227",2021,2021-10-18,291,0.6072997897840006,151,-19.71684899492066,786,-12.566862717112977,786,-7.149986277807684,786
Jagatsinghpur,JGS,1,"1_1_1_2_17_958,228",2021,2021-10-18,291,0.7221425403706055,655570,-16.302656376342334,657750,-9.58370204629059,657750,-6.718954330051718,657750
Jagatsinghpur,JGS,1,"1_1_1_2_17_959,228",2021,2021-10-18,291,0.7439039434387335,652835,-16.39286342780957,653265,-9.993923968314464,653265,-6.398939459495089,653265
Jagatsinghpur,JGS,1,"1_1_1_2_17_960,228",2021,2021-10-18,291,0.7458396720555868,671557,-16.47193667739062,693526,-9.886012682386559,693526,-6.585923995004087,693526
Jagatsinghpur,JGS,1,"1_1_1_2_17_961,228",2021,2021-10-18,291,0.6866052193353015,550707,-17.52967059846916,728813,-9.026069166910776,728813,-8.503601431558428,728813
Jagatsinghpur,JGS,1,"1_1_1_2_17_962,228",2021,2021-10-18,291,0.5881999813209672,100358,-19.19741123917532,246956,-10.700652861635344,246956,-8.496758377539908,246956
Jagatsinghpur,JGS,1,"1_1_1_2_17_958,229",2021,2021-10-18,291,0.691055498273052,602748,-16.31901582511288,604467,-9.580043583972378,604467,-6.73897224114047,604467
Jagatsinghpur,JGS,1,"1_1_1_2_17_959,229",2021,2021-10-18,291,0.7567609296461536,604365,-16.3455298462963,604967,-9.318793893317153,604967,-7.026735952979119,604967
Jagatsinghpur,JGS,1,"1_1_1_2_17_960,229",2021,2021-10-18,291,0.6244536211949404,647732,-16.85882985118609,733746,-9.723080676691064,733746,-7.135749174495093,733746
Jagatsinghpur,JGS,1,"1_1_1_2_17_961,229",2021,2021-10-18,291,0.6691932046788512,543907,-16.7026941420732,778594,-9.413887114502282,778594,-7.28880702757091,778594
Jagatsinghpur,JGS,1,"1_1_1_2_17_962,229",2021,2021-10-18,291,0.6163704726570044,313435,-17.729416796792858,513858,-9.76627405247625,513858,-7.963142744316669,513858
Jagatsinghpur,JGS,1,"1_1_1_2_17_963,229",2021,2021-10-18,291,0.6447641852452197,49016,-16.85945909686783,55675,-8.959034540231658,55675,-7.900424556636062,55675
Jagatsinghpur,JGS,1,"1_1_1_2_17_964,229",2021,2021-10-18,291,,0,,0,,0,,0
Jagatsinghpur,JGS,1,"1_1_1_2_17_957,230",2021,2021-10-18,291,0.7079619448261227,618428,-16.599322661364283,620511,-10.037332821819868,620511,-6.561989839544405,620511
Jagatsinghpur,JGS,1,"1_1_1_2_17_958,230",2021,2021-10-18,291,0.7300104018601457,572381,-16.67854041798131,574078,-9.790585736873496,574078,-6.887954681107846,574078
Jagatsinghpur,JGS,1,"1_1_1_2_17_959,230",2021,2021-10-18,291,0.766606294679177,639206,-16.465052717113593,640106,-9.14160875469113,640106,-7.323443962422435,640106
Jagatsinghpur,JGS,1,"1_1_1_2_17_960,230",2021,2021-10-18,291,0.7210054331973607,666683,-16.167719714477858,679387,-8.85919047733186,679387,-7.3085292371459945,679387
Jagatsinghpur,JGS,1,"1_1_1_2_17_961,230",2021,2021-10-18,291,0.7377260108815784,702701,-16.47303605565752,712352,-9.175444552996055,712352,-7.297591502661478,712352
Jagatsinghpur,JGS,1,"1_1_1_2_17_962,230",2021,2021-10-18,291,0.7066777455857924,699646,-16.415961553306143,741892,-9.21258491440953,741892,-7.203376638896613,741892
Jagatsinghpur,JGS,1,"1_1_1_2_17_963,230",2021,2021-10-18,291,0.7009822283240855,561807,-16.10972787922678,601275,-9.197937113216879,601275,-6.911790766009879,601275
Jagatsinghpur,JGS,1,"1_1_1_2_17_964,230",2021,2021-10-18,291,0.6156361688098267,97274,-17.16225039368676,125259,-9.740041182636784,125259,-7.4222092110499664,125259
Jagatsinghpur,JGS,1,"1_1_1_2_17_965,230",2021,2021-10-18,291,0.6089794639312481,7298,-16.472109439313087,10328,-10.322261081164678,10328,-6.149848358148413,10328
Jagatsinghpur,JGS,1,"1_1_1_2_17_957,231",2021,2021-10-18,291,0.7074015559190813,534419,-16.54275156293649,535010,-9.52332301529684,535010,-7.019428547639667,535010
Jagatsinghpur,JGS,1,"1_1_1_2_17_958,231",2021,2021-10-18,291,0.7439794893522385,646718,-16.600174423890014,649727,-9.66938170597179,649727,-6.930792717918263,649727
Jagatsinghpur,JGS,1,"1_1_1_2_17_959,231",2021,2021-10-18,291,0.7441036334275769,543095,-16.563614597689295,544379,-9.976595478267269,544379,-6.587019119422065,544379
Jagatsinghpur,JGS,1,"1_1_1_2_17_960,231",2021,2021-10-18,291,0.7171601805671128,523524,-16.095047353436062,525591,-9.234608083423867,525591,-6.8604392700122405,525591
Jagatsinghpur,JGS,1,"1_1_1_2_17_961,231",2021,2021-10-18,291,0.7005933114007763,632380,-16.277795525580668,638601,-9.593149871478042,638601,-6.684645654102657,638601
Jagatsinghpur,JGS,1,"1_1_1_2_17_962,231",2021,2021-10-18,291,0.6927628117969409,630214,-16.38311181654402,661478,-9.776718771792181,661478,-6.606393044751867,661478
Jagatsinghpur,JGS,1,"1_1_1_2_17_963,231",2021,2021-10-18,291,0.720922495690169,594284,-16.39448999915962,623890,-9.513890263452057,623890,-6.8805997357075555,623890
Jagatsinghpur,JGS,1,"1_1_1_2_17_964,231",2021,2021-10-18,291,0.747601645612334,517826,-16.211081286601676,543323,-9.147856086980031,543323,-7.063225199621581,543323
Jagatsinghpur,JGS,1,"1_1_1_2_18_961,226",2021,2021-10-28,301,,0,-16.499855240286955,12383,-10.223043218458105,12383,-6.276812021828833,12383
Jagatsinghpur,JGS,1,"1_1_1_2_18_959,227",2021,2021-10-28,301,0.5225629111979226,48884,-16.897327744204812,510204,-10.552824719168557,510204,-6.344503025036287,510204
Jagatsinghpur,JGS,1,"1_1_1_2_18_960,227",2021,2021-10-28,301,0.472241862998828,32256,-17.001008301881022,432279,-11.407008778279467,432279,-5.593999523601497,432279
Jagatsinghpur,JGS,1,"1_1_1_2_18_961,227",2021,2021-10-28,301,,0,-16.12667971235142,447583,-9.956970106449576,447583,-6.169709605901896,447583
Jagatsinghpur,JGS,1,"1_1_1_2_18_962,227",2021,2021-10-28,301,,0,-19.837640879605356,786,-12.981331495625387,786,-6.856309383979967,786
Jagatsinghpur,JGS,1,"1_1_1_2_18_958,228",2021,2021-10-28,301,0.4784013294213797,94228,-17.10878922429819,657750,-11.050821658012067,657750,-6.057967566286119,657750
Jagatsinghpur,JGS,1,"1_1_1_2_18_959,228",2021,2021-10-28,301,0.5163966146058804,79360,-17.075942174747563,653265,-11.179741457080416,653265,-5.896200717667109,653265
Jagatsinghpur,JGS,1,"1_1_1_2_18_960,228",2021,2021-10-28,301,0.5254759279333754,50943,-16.88192700842199,693526,-10.725820067183207,693526,-6.156106941238816,693526
Jagatsinghpur,JGS,1,"1_1_1_2_18_961,228",2021,2021-10-28,301,,0,-16.67013769522236,728813,-9.343832502872432,728813,-7.326305192349918,728813
Jagatsinghpur,JGS,1,"1_1_1_2_18_962,228",2021,2021-10-28,301,,0,-18.58384726870699,246956,-11.104625562554435,246956,-7.479221706152583,246956
Jagatsinghpur,JGS,1,"1_1_1_2_18_958,229",2021,2021-10-28,301,0.5403717269104686,228481,-17.231995647588658,604467,-11.27438094314409,604467,-5.957614704444584,604467
Jagatsinghpur,JGS,1,"1_1_1_2_18_959,229",2021,2021-10-28,301,0.4733179779602576,48854,-17.08156468852362,604967,-10.887354608797061,604967,-6.194210079726555,604967
Jagatsinghpur,JGS,1,"1_1_1_2_18_960,229",2021,2021-10-28,301,0.5555577789220882,152220,-16.984934665091053,733746,-10.186869959176487,733746,-6.798064705914637,733746
Jagatsinghpur,JGS,1,"1_1_1_2_18_961,229",2021,2021-10-28,301,0.6982477306226316,24789,-16.321651769259656,778594,-9.81544234298543,778594,-6.506209426274235,778594
Jagatsinghpur,JGS,1,"1_1_1_2_18_962,229",2021,2021-10-28,301,,0,-16.852428216798106,513858,-10.22328159020511,513858,-6.629146626593017,513858
Jagatsinghpur,JGS,1,"1_1_1_2_18_963,229",2021,2021-10-28,301,,0,-15.448027317153894,55675,-9.189867416858526,55675,-6.258159900295408,55675
Jagatsinghpur,JGS,1,"1_1_1_2_18_964,229",2021,2021-10-28,301,,0,,0,,0,,0
Jagatsinghpur,JGS,1,"1_1_1_2_18_957,230",2021,2021-10-28,301,0.6828452934141788,453277,-17.486281352501944,620511,-11.68421515357092,620511,-5.8020661989309845,620511
Jagatsinghpur,JGS,1,"1_1_1_2_18_958,230",2021,2021-10-28,301,0.641865240343812,504432,-17.298517354512054,574078,-11.291313022627111,574078,-6.0072043318849495,574078
Jagatsinghpur,JGS,1,"1_1_1_2_18_959,230",2021,2021-10-28,301,0.56405269762393,93567,-16.90185104227423,640106,-10.530634754791798,640106,-6.371216287482439,640106
Jagatsinghpur,JGS,1,"1_1_1_2_18_960,230",2021,2021-10-28,301,0.604760134654355,306939,-16.7186202348711,679387,-10.062623639103258,679387,-6.655996595767923,679387
Jagatsinghpur,JGS,1,"1_1_1_2_18_961,230",2021,2021-10-28,301,0.6420955131843404,106770,-16.61668125732587,712352,-10.015026164081611,712352,-6.6016550932442195,712352
Jagatsinghpur,JGS,1,"1_1_1_2_18_962,230",2021,2021-10-28,301,,0,-16.310920680502765,741892,-10.064973142711006,741892,-6.245947537791709,741892
Jagatsinghpur,JGS,1,"1_1_1_2_18_963,230",2021,2021-10-28,301,,0,-15.85520410441025,601275,-9.840111345278368,601275,-6.015092759131933,601275
Jagatsinghpur,JGS,1,"1_1_1_2_18_964,230",2021,2021-10-28,301,,0,-16.72935294455059,125259,-10.090623218094134,125259,-6.638729726456522,125259
Jagatsinghpur,JGS,1,"1_1_1_2_18_965,230",2021,2021-10-28,301,,0,-16.82739169217702,10328,-11.004028490274697,10328,-5.823363201902311,10328
Jagatsinghpur,JGS,1,"1_1_1_2_18_957,231",2021,2021-10-28,301,0.6258037249531082,319734,-17.43835635497915,521173,-11.165559709141194,521173,-6.272796645837972,521173
Jagatsinghpur,JGS,1,"1_1_1_2_18_958,231",2021,2021-10-28,301,0.6557008970268554,590417,-17.21719716027721,649727,-11.09735360668655,649727,-6.119843553590602,649727
Jagatsinghpur,JGS,1,"1_1_1_2_18_959,231",2021,2021-10-28,301,0.6071622016179462,373482,-17.185758046681645,544379,-11.368651491655976,544379,-5.817106555025655,544379
Jagatsinghpur,JGS,1,"1_1_1_2_18_960,231",2021,2021-10-28,301,0.5996250743120408,434813,-16.685373877406832,525591,-10.645409936527749,525591,-6.039963940879097,525591
Jagatsinghpur,JGS,1,"1_1_1_2_18_961,231",2021,2021-10-28,301,0.5900738503031998,208061,-16.43053292071056,638601,-10.584562753068793,638601,-5.845970167641782,638601
Jagatsinghpur,JGS,1,"1_1_1_2_18_962,231",2021,2021-10-28,301,,0,-16.21947769663863,661478,-10.447233100067056,661478,-5.772244596571571,661478
Jagatsinghpur,JGS,1,"1_1_1_2_18_963,231",2021,2021-10-28,301,,0,-15.916022763787174,623890,-10.226454038493236,623890,-5.689568725293873,623890
Jagatsinghpur,JGS,1,"1_1_1_2_18_964,231",2021,2021-10-28,301,,0,-15.442978070207161,543323,-9.651639750312118,543323,-5.791338319895056,543323
Jagatsinghpur,JGS,1,"1_1_1_2_19_961,226",2021,2021-11-07,311,0.6983335121854191,10512,-15.612275102230225,12383,-9.173418096365904,12383,-6.438857005864346,12383
Jagatsinghpur,JGS,1,"1_1_1_2_19_959,227",2021,2021-11-07,311,0.7452772924947481,504967,-15.774870504780067,510204,-9.758976062965829,510204,-6.015894441814207,510204
Jagatsinghpur,JGS,1,"1_1_1_2_19_960,227",2021,2021-11-07,311,0.7194675710648392,417202,-15.44069970374135,432279,-9.636785408367459,432279,-5.803914295373933,432279
Jagatsinghpur,JGS,1,"1_1_1_2_19_961,227",2021,2021-11-07,311,0.6776991982865584,375055,-14.882809723950766,447583,-9.234966220631245,447583,-5.6478435033195415,447583
Jagatsinghpur,JGS,1,"1_1_1_2_19_962,227",2021,2021-11-07,311,0.5376779752244034,144,-19.11087989341973,786,-12.510611945586728,786,-6.600267947833001,786
Jagatsinghpur,JGS,1,"1_1_1_2_19_958,228",2021,2021-11-07,311,0.7106685774704475,654611,-15.839555907358502,657750,-10.196313833461327,657750,-5.643242073897227,657750
Jagatsinghpur,JGS,1,"1_1_1_2_19_959,228",2021,2021-11-07,311,0.7165302060843515,649033,-15.68223715730432,653265,-9.960056999278962,653265,-5.722180158025375,653265
Jagatsinghpur,JGS,1,"1_1_1_2_19_960,228",2021,2021-11-07,311,0.7570804207188605,669053,-15.679008982587309,693526,-9.79774954593115,693526,-5.881259436656129,693526
Jagatsinghpur,JGS,1,"1_1_1_2_19_961,228",2021,2021-11-07,311,0.6688912233551061,607121,-15.344003942798047,728813,-8.873356079969282,728813,-6.470647862828748,728813
Jagatsinghpur,JGS,1,"1_1_1_2_19_962,228",2021,2021-11-07,311,0.5003830965327455,94442,-18.25021213390826,246956,-11.207752365762776,246956,-7.042459768145415,246956
Jagatsinghpur,JGS,1,"1_1_1_2_19_958,229",2021,2021-11-07,311,0.6997255501871276,596167,-16.10269624861163,604467,-10.356205695956355,604467,-5.746490552655264,604467
Jagatsinghpur,JGS,1,"1_1_1_2_19_959,229",2021,2021-11-07,311,0.7519441139907576,600698,-15.802937401329592,604967,-9.876697776855469,604967,-5.926239624474119,604967
Jagatsinghpur,JGS,1,"1_1_1_2_19_960,229",2021,2021-11-07,311,0.6991231540962466,620891,-16.077138295650524,733746,-9.640901503488804,733746,-6.436236792161733,733746
Jagatsinghpur,JGS,1,"1_1_1_2_19_961,229",2021,2021-11-07,311,0.6828004179559454,631078,-15.345387479487371,778594,-9.100518886838692,778594,-6.244868592648718,778594
Jagatsinghpur,JGS,1,"1_1_1_2_19_962,229",2021,2021-11-07,311,0.6070090607532598,328195,-16.221341799616052,513858,-9.821854296833202,513858,-6.399487502782848,513858
Jagatsinghpur,JGS,1,"1_1_1_2_19_963,229",2021,2021-11-07,311,0.624156050206708,44086,-15.395531958668908,55675,-9.086554942161007,55675,-6.308977016507918,55675
Jagatsinghpur,JGS,1,"1_1_1_2_19_964,229",2021,2021-11-07,311,,0,,0,,0,,0
Jagatsinghpur,JGS,1,"1_1_1_2_19_957,230",2021,2021-11-07,311,0.7013681295417801,619184,-16.21318975959251,620511,-10.639852202983377,620511,-5.5733375566091,620511
Jagatsinghpur,JGS,1,"1_1_1_2_19_958,230",2021,2021-11-07,311,0.7380647045026405,572976,-16.09726126619418,574078,-10.328238220204284,574078,-5.769023045989949,574078
Jagatsinghpur,JGS,1,"1_1_1_2_19_959,230",2021,2021-11-07,311,0.7748208611766002,636876,-15.621706651421874,640106,-9.986852411968608,640106,-5.634854239453258,640106
Jagatsinghpur,JGS,1,"1_1_1_2_19_960,230",2021,2021-11-07,311,0.754541718066524,659988,-15.282993729651572,679387,-9.543095110360364,679387,-5.73989861929121,679387
Jagatsinghpur,JGS,1,"1_1_1_2_19_961,230",2021,2021-11-07,311,0.7602398500044091,702458,-15.240557820993148,712352,-9.403559943243806,712352,-5.836997877749319,712352
Jagatsinghpur,JGS,1,"1_1_1_2_19_962,230",2021,2021-11-07,311,0.7086620155533696,705695,-15.110515497056612,741892,-9.426839453968393,741892,-5.683676043088211,741892
Jagatsinghpur,JGS,1,"1_1_1_2_19_963,230",2021,2021-11-07,311,0.6947749907220281,549989,-14.784876823408242,601275,-9.028379569277936,601275,-5.756497254130279,601275
Jagatsinghpur,JGS,1,"1_1_1_2_19_964,230",2021,2021-11-07,311,0.6093302299808718,92852,-16.520576529606632,125259,-9.934773822888468,125259,-6.585802706718164,125259
Jagatsinghpur,JGS,1,"1_1_1_2_19_965,230",2021,2021-11-07,311,0.6001717494697218,5440,-16.755724817388135,10328,-10.751724062615331,10328,-6.004000754772806,10328
Jagatsinghpur,JGS,1,"1_1_1_2_19_957,231",2021,2021-11-07,311,0.7036920385390053,534308,-16.112913846986814,520844,-10.3272414805105,520844,-5.785672366476239,520844
Jagatsinghpur,JGS,1,"1_1_1_2_19_958,231",2021,2021-11-07,311,0.7377096537707158,646840,-15.933186306525576,649727,-10.346747401699405,649727,-5.586438904826145,649727
Jagatsinghpur,JGS,1,"1_1_1_2_19_959,231",2021,2021-11-07,311,0.7429475167240605,536313,-15.79099160948667,544379,-10.287087979738759,544379,-5.503903629747892,544379
Jagatsinghpur,JGS,1,"1_1_1_2_19_960,231",2021,2021-11-07,311,0.7227075216140832,514698,-15.430831053145793,525591,-9.821521982309958,525591,-5.609309070835811,525591
Jagatsinghpur,JGS,1,"1_1_1_2_19_961,231",2021,2021-11-07,311,0.6965337906626314,623112,-15.32698568215824,638601,-9.718923143147572,638601,-5.608062539010691,638601
Jagatsinghpur,JGS,1,"1_1_1_2_19_962,231",2021,2021-11-07,311,0.6666032550080933,638092,-15.329845391114453,661478,-9.530815813841219,661478,-5.799029577273271,661478
Jagatsinghpur,JGS,1,"1_1_1_2_19_963,231",2021,2021-11-07,311,0.7007342740585965,593484,-15.067887745659654,623890,-9.45629831711511,623890,-5.611589428544483,623890
Jagatsinghpur,JGS,1,"1_1_1_2_19_964,231",2021,2021-11-07,311,0.6904690674121109,502656,-14.430323655662656,543323,-9.085107565592148,543323,-5.345216090070469,543323
Jagatsinghpur,JGS,1,"1_1_1_2_20_961,226",2021,2021-11-17,321,0.32766688047378606,352,-15.665942165266378,12383,-9.854642401729338,12383,-5.811299763536985,12383
Jagatsinghpur,JGS,1,"1_1_1_2_20_959,227",2021,2021-11-17,321,0.647752386040096,500579,-15.224708500466587,510204,-9.359344753526571,510204,-5.8653637469399955,510204
Jagatsinghpur,JGS,1,"1_1_1_2_20_960,227",2021,2021-11-17,321,0.5891691356929426,282664,-15.18484172261654,432279,-9.524159007960218,432279,-5.66068271465629,432279
Jagatsinghpur,JGS,1,"1_1_1_2_20_961,227",2021,2021-11-17,321,0.3301555044180293,18545,-15.36326263022562,447583,-9.611273832666093,447583,-5.751988797559504,447583
Jagatsinghpur,JGS,1,"1_1_1_2_20_962,227",2021,2021-11-17,321,0.24053067279358706,3,-20.27746115709698,786,-13.01365840398609,786,-7.263802753110905,786
Jagatsinghpur,JGS,1,"1_1_1_2_20_958,228",2021,2021-11-17,321,0.5979637258470905,655332,-15.362312467723966,657750,-9.698132127562868,657750,-5.664180340161162,657750
Jagatsinghpur,JGS,1,"1_1_1_2_20_959,228",2021,2021-11-17,321,0.6141032229528876,642690,-14.946123337871098,653265,-9.096812283864011,653265,-5.849311054007072,653265
Jagatsinghpur,JGS,1,"1_1_1_2_20_960,228",2021,2021-11-17,321,0.6628575517040298,557594,-15.049257488404068,693526,-9.317965317669259,693526,-5.7312921707347995,693526
Jagatsinghpur,JGS,1,"1_1_1_2_20_961,228",2021,2021-11-17,321,0.3129148008737011,18077,-15.364410565517156,728813,-8.873917757352485,728813,-6.490492808164659,728813
Jagatsinghpur,JGS,1,"1_1_1_2_20_962,228",2021,2021-11-17,321,0.17985505650591108,12777,-18.74261199567086,246956,-11.328397106446591,246956,-7.414214889224282,246956
Jagatsinghpur,JGS,1,"1_1_1_2_20_958,229",2021,2021-11-17,321,0.6031255327236342,602430,-15.711533179492598,604467,-9.928756010225166,604467,-5.78277716926745,604467
Jagatsinghpur,JGS,1,"1_1_1_2_20_959,229",2021,2021-11-17,321,0.6508613387456936,599259,-14.978747466612665,604967,-9.112752048053272,604967,-5.865995418559415,604967
Jagatsinghpur,JGS,1,"1_1_1_2_20_960,229",2021,2021-11-17,321,0.634386149011451,586094,-15.563892762121071,733746,-9.177026418718464,733746,-6.3868663434025645,733746
Jagatsinghpur,JGS,1,"1_1_1_2_20_961,229",2021,2021-11-17,321,0.5766419699603038,136211,-15.238148912771438,778594,-8.910094816093357,778594,-6.328054096678056,778594
Jagatsinghpur,JGS,1,"1_1_1_2_20_962,229",2021,2021-11-17,321,0.272822944126833,22071,-16.726550548300334,513858,-9.847208043312262,513858,-6.879342504988087,513858
Jagatsinghpur,JGS,1,"1_1_1_2_20_963,229",2021,2021-11-17,321,0.2689857469434002,1952,-16.450597632584426,55675,-9.289697993075102,55675,-7.160899639509303,55675
Jagatsinghpur,JGS,1,"1_1_1_2_20_964,229",2021,2021-11-17,321,,0,,0,,0,,0
Jagatsinghpur,JGS,1,"1_1_1_2_20_957,230",2021,2021-11-17,321,0.6371931660029801,615258,-15.405158836333314,620511,-9.792268060056866,620511,-5.612890776276449,620511
Jagatsinghpur,JGS,1,"1_1_1_2_20_958,230",2021,2021-11-17,321,0.6734168298133216,573681,-15.318391011934144,574078,-9.65191480344433,574078,-5.6664762084898195,574078
Jagatsinghpur,JGS,1,"1_1_1_2_20_959,230",2021,2021-11-17,321,0.6966257891171176,635452,-14.576871994587524,640106,-8.983043547369984,640106,-5.59382844721752,640106
Jagatsinghpur,JGS,1,"1_1_1_2_20_960,230",2021,2021-11-17,321,0.6693353857441766,655609,-14.341209989912375,679387,-8.698410465068049,679387,-5.642799524844353,679387
Jagatsinghpur,JGS,1,"1_1_1_2_20_961,230",2021,2021-11-17,321,0.5984541518648407,408212,-14.690735064847047,712352,-9.1471407131162,712352,-5.5435943517308806,712352
Jagatsinghpur,JGS,1,"1_1_1_2_20_962,230",2021,2021-11-17,321,0.5189200347173435,236351,-14.421212369144808,741892,-8.743424024006243,741892,-5.677788345138538,741892
Jagatsinghpur,JGS,1,"1_1_1_2_20_963,230",2021,2021-11-17,321,0.492205968396729,34670,-14.611320133498033,601275,-8.671158646647294,601275,-5.940161486850743,601275
Jagatsinghpur,JGS,1,"1_1_1_2_20_964,230",2021,2021-11-17,321,0.2867908850597764,8891,-17.53348222076358,125259,-10.32716540527917,125259,-7.206316815484368,125259
Jagatsinghpur,JGS,1,"1_1_1_2_20_965,230",2021,2021-11-17,321,0.2599362003634545,935,-16.774089421001857,10328,-11.1112505349511,10328,-5.66283888605073,10328
Jagatsinghpur,JGS,1,"1_1_1_2_20_957,231",2021,2021-11-17,321,0.6619405533072616,531162,-15.437970969302892,535010,-9.561237395024593,535010,-5.876733574278323,535010
Jagatsinghpur,JGS,1,"1_1_1_2_20_958,231",2021,2021-11-17,321,0.6661855174420952,648575,-15.00122919760056,649727,-9.468156203533137,649727,-5.533072994067412,649727
Jagatsinghpur,JGS,1,"1_1_1_2_20_959,231",2021,2021-11-17,321,0.670140260860157,533857,-15.00677149176502,544379,-9.525290763477336,544379,-5.481480728287673,544379
Jagatsinghpur,JGS,1,"1_1_1_2_20_960,231",2021,2021-11-17,321,0.6733186212734276,507859,-15.000702089813176,525591,-9.3933391708753,525591,-5.60736291893788,525591
Jagatsinghpur,JGS,1,"1_1_1_2_20_961,231",2021,2021-11-17,321,0.6231208792666495,374099,-15.19808452278894,638601,-9.513206854553937,638601,-5.684877668235044,638601
Jagatsinghpur,JGS,1,"1_1_1_2_20_962,231",2021,2021-11-17,321,0.47436176800576196,117341,-15.580638381522684,661478,-9.814189354485682,661478,-5.766449027036959,661478
Jagatsinghpur,JGS,1,"1_1_1_2_20_963,231",2021,2021-11-17,321,0.45435146217295697,50511,-14.966576749573106,623890,-9.469005163051,623890,-5.497571586522093,623890
Jagatsinghpur,JGS,1,"1_1_1_2_20_964,231",2021,2021-11-17,321,0.35785628576311523,24290,-14.736811039286087,543323,-9.460729035391305,543323,-5.276082003894816,543323
Jagatsinghpur,JGS,1,"1_1_1_2_21_961,226",2021,2021-11-27,331,0.48126941472693846,3523,,0,,0,,0
Jagatsinghpur,JGS,1,"1_1_1_2_21_959,227",2021,2021-11-27,331,0.5670777926703278,478833,-14.706377583732932,510204,-9.376034028628068,510204,-5.330343555104895,510204
Jagatsinghpur,JGS,1,"1_1_1_2_21_960,227",2021,2021-11-27,331,0.5066568622367321,362077,-14.444849808809023,304760,-9.111995975445977,304760,-5.33285383336306,304760
Jagatsinghpur,JGS,1,"1_1_1_2_21_961,227",2021,2021-11-27,331,0.4345273642666848,215372,,0,,0,,0
Jagatsinghpur,JGS,1,"1_1_1_2_21_962,227",2021,2021-11-27,331,0.4295509987222323,75,,0,,0,,0
Jagatsinghpur,JGS,1,"1_1_1_2_21_958,228",2021,2021-11-27,331,0.5323781526617642,652184,-14.932652214345522,657750,-9.678827617902726,657750,-5.253824596442786,657750
Jagatsinghpur,JGS,1,"1_1_1_2_21_959,228",2021,2021-11-27,331,0.5157371421684247,586100,-14.432291099058537,653265,-9.01502657381309,653265,-5.417264525245425,653265
Jagatsinghpur,JGS,1,"1_1_1_2_21_960,228",2021,2021-11-27,331,0.5660362923449631,631854,-14.29021269486161,563229,-9.035873350853338,563229,-5.254339344008292,563229
Jagatsinghpur,JGS,1,"1_1_1_2_21_961,228",2021,2021-11-27,331,0.5207909217377182,351644,,0,,0,,0
Jagatsinghpur,JGS,1,"1_1_1_2_21_962,228",2021,2021-11-27,331,0.39783795530017224,27333,,0,,0,,0
Jagatsinghpur,JGS,1,"1_1_1_2_21_958,229",2021,2021-11-27,331,0.5552468347283058,600004,-15.315055032432433,604467,-9.911952865170942,604467,-5.403102167261466,604467
Jagatsinghpur,JGS,1,"1_1_1_2_21_959,229",2021,2021-11-27,331,0.5571143494693002,555808,-14.34167502792256,604967,-9.022519687213846,604967,-5.319155340708691,604967
Jagatsinghpur,JGS,1,"1_1_1_2_21_960,229",2021,2021-11-27,331,0.5765624303595656,573051,-14.389083585721071,719945,-8.856673360003976,719945,-5.532410225717116,719945
Jagatsinghpur,JGS,1,"1_1_1_2_21_961,229",2021,2021-11-27,331,0.5467911619504678,474029,-14.061098210642937,25114,-8.59600036522666,25114,-5.465097845416302,25114
Jagatsinghpur,JGS,1,"1_1_1_2_21_962,229",2021,2021-11-27,331,0.5094393271199892,141226,,0,,0,,0
Jagatsinghpur,JGS,1,"1_1_1_2_21_963,229",2021,2021-11-27,331,0.5303699285249024,20118,,0,,0,,0
Jagatsinghpur,JGS,1,"1_1_1_2_21_964,229",2021,2021-11-27,331,,0,,0,,0,,0
Jagatsinghpur,JGS,1,"1_1_1_2_21_957,230",2021,2021-11-27,331,0.5584594320087101,577935,-15.029810807848483,620511,-9.671513384510048,620511,-5.35829742333844,620511
Jagatsinghpur,JGS,1,"1_1_1_2_21_958,230",2021,2021-11-27,331,0.5613361668840151,565937,-14.896207730812465,574078,-9.622323331947124,574078,-5.2738843988653565,574078
Jagatsinghpur,JGS,1,"1_1_1_2_21_959,230",2021,2021-11-27,331,0.5624955844879908,582599,-13.897208982058684,640106,-8.726713149126663,640106,-5.17049583293203,640106
Jagatsinghpur,JGS,1,"1_1_1_2_21_960,230",2021,2021-11-27,331,0.5627851660860158,611373,-13.632669942941165,679387,-8.494938722902978,679387,-5.137731220038175,679387
Jagatsinghpur,JGS,1,"1_1_1_2_21_961,230",2021,2021-11-27,331,0.56066548702976,657759,-13.51845642453123,142964,-8.365618074442583,142964,-5.152838350088619,142964
Jagatsinghpur,JGS,1,"1_1_1_2_21_962,230",2021,2021-11-27,331,0.5349029202836566,540798,,0,,0,,0
Jagatsinghpur,JGS,1,"1_1_1_2_21_963,230",2021,2021-11-27,331,0.5243207832148655,392731,,0,,0,,0
Jagatsinghpur,JGS,1,"1_1_1_2_21_964,230",2021,2021-11-27,331,0.5185714443768421,64200,,0,,0,,0
Jagatsinghpur,JGS,1,"1_1_1_2_21_965,230",2021,2021-11-27,331,0.48091905474622315,3110,,0,,0,,0
Jagatsinghpur,JGS,1,"1_1_1_2_21_957,231",2021,2021-11-27,331,0.5605912196496093,514220,-15.154760732191926,535010,-9.491857292870549,535010,-5.662903439321363,535010
Jagatsinghpur,JGS,1,"1_1_1_2_21_958,231",2021,2021-11-27,331,0.5550694567485643,635341,-14.491145231706565,649727,-9.276475671070045,649727,-5.21466956063645,649727
Jagatsinghpur,JGS,1,"1_1_1_2_21_959,231",2021,2021-11-27,331,0.5514696558867641,485884,-14.394408496943269,544379,-9.151107033098402,544379,-5.2433014638448565,544379
Jagatsinghpur,JGS,1,"1_1_1_2_21_960,231",2021,2021-11-27,331,0.5564212033760612,446546,-14.568563515463822,525103,-9.244893535079322,525103,-5.323669980384554,525103
Jagatsinghpur,JGS,1,"1_1_1_2_21_961,231",2021,2021-11-27,331,0.538987280601514,488658,-14.704472504850807,261846,-9.16153351304642,261846,-5.542938991804369,261846
Jagatsinghpur,JGS,1,"1_1_1_2_21_962,231",2021,2021-11-27,331,0.5088581773116946,501305,,0,,0,,0
Jagatsinghpur,JGS,1,"1_1_1_2_21_963,231",2021,2021-11-27,331,0.5102860206886175,465512,,0,,0,,0
Jagatsinghpur,JGS,1,"1_1_1_2_21_964,231",2021,2021-11-27,331,0.4457515638731551,292586,,0,,0,,0
Jagatsinghpur,JGS,1,"1_1_1_2_22_961,226",2021,2021-12-07,341,0.3896883382454961,6741,-14.091061490584675,12383,-8.901648337673649,12383,-5.189413152911063,12383
Jagatsinghpur,JGS,1,"1_1_1_2_22_959,227",2021,2021-12-07,341,0.4302505295507371,195183,-14.026156786665844,510204,-8.714029711155025,510204,-5.312127075510803,510204
Jagatsinghpur,JGS,1,"1_1_1_2_22_960,227",2021,2021-12-07,341,0.43546817960129003,258648,-14.605165851972796,432279,-9.253588525309208,432279,-5.351577326663581,432279
Jagatsinghpur,JGS,1,"1_1_1_2_22_961,227",2021,2021-12-07,341,0.3367479050261706,125972,-17.475606757454226,447583,-11.296510759322834,447583,-6.17909599813143,447583
Jagatsinghpur,JGS,1,"1_1_1_2_22_962,227",2021,2021-12-07,341,0.2856995837550032,162,-20.300408517032807,786,-13.892908068810598,786,-6.407500448222206,786
Jagatsinghpur,JGS,1,"1_1_1_2_22_958,228",2021,2021-12-07,341,0.4402726137540498,590192,-13.793465752625368,657750,-8.942881142257942,657750,-4.850584610367411,657750
Jagatsinghpur,JGS,1,"1_1_1_2_22_959,228",2021,2021-12-07,341,0.4420619065087162,330439,-13.98169706260288,653265,-8.896693043497928,653265,-5.085004019104946,653265
Jagatsinghpur,JGS,1,"1_1_1_2_22_960,228",2021,2021-12-07,341,0.4760077486811094,496980,-13.943364977126171,693526,-8.89137057807789,693526,-5.051994399048273,693526
Jagatsinghpur,JGS,1,"1_1_1_2_22_961,228",2021,2021-12-07,341,0.3926274234914127,246711,-18.001297266069592,728813,-11.247314082033416,728813,-6.753983184036133,728813
Jagatsinghpur,JGS,1,"1_1_1_2_22_962,228",2021,2021-12-07,341,0.08907185918286183,70521,-23.40705538953728,246956,-15.709956346082244,246956,-7.697099043454934,246956
Jagatsinghpur,JGS,1,"1_1_1_2_22_958,229",2021,2021-12-07,341,0.4701503716163273,555937,-14.048380562508852,604467,-9.04638450260306,604467,-5.001996059905777,604467
Jagatsinghpur,JGS,1,"1_1_1_2_22_959,229",2021,2021-12-07,341,0.4605379195665006,444918,-13.602947502892949,604967,-8.610941962044404,604967,-4.992005540848547,604967
Jagatsinghpur,JGS,1,"1_1_1_2_22_960,229",2021,2021-12-07,341,0.4398383698851817,295005,-15.535511163812538,733746,-9.443994412254453,733746,-6.091516751558074,733746
Jagatsinghpur,JGS,1,"1_1_1_2_22_961,229",2021,2021-12-07,341,0.36988445761048117,275937,-17.801771591215342,778594,-10.898193816293189,778594,-6.903577774922126,778594
Jagatsinghpur,JGS,1,"1_1_1_2_22_962,229",2021,2021-12-07,341,0.18895730583761836,128796,-21.06280338502678,513858,-13.462364292411634,513858,-7.600439092615136,513858
Jagatsinghpur,JGS,1,"1_1_1_2_22_963,229",2021,2021-12-07,341,0.19850737087843928,15539,-24.76071055265822,55675,-16.20927995950622,55675,-8.551430593152036,55675
Jagatsinghpur,JGS,1,"1_1_1_2_22_964,229",2021,2021-12-07,341,,0,,0,,0,,0
Jagatsinghpur,JGS,1,"1_1_1_2_22_957,230",2021,2021-12-07,341,0.38309906968685414,190030,-14.025289733240559,620511,-9.335886844936484,620511,-4.689402888304051,620511
Jagatsinghpur,JGS,1,"1_1_1_2_22_958,230",2021,2021-12-07,341,0.44058864250010077,495958,-13.877125021606151,574078,-9.137802412919093,574078,-4.739322608687015,574078
Jagatsinghpur,JGS,1,"1_1_1_2_22_959,230",2021,2021-12-07,341,0.4388986706365108,478447,-13.323860682434342,640106,-8.561632610943844,640106,-4.762228071490482,640106
Jagatsinghpur,JGS,1,"1_1_1_2_22_960,230",2021,2021-12-07,341,0.4665116745741248,403951,-13.74757212345787,679387,-8.791665446761865,679387,-4.955906676695981,679387
Jagatsinghpur,JGS,1,"1_1_1_2_22_961,230",2021,2021-12-07,341,0.5003890250015627,436496,-14.307034205348346,712352,-9.341890418641036,712352,-4.9651437867072845,712352
Jagatsinghpur,JGS,1,"1_1_1_2_22_962,230",2021,2021-12-07,341,0.4932191307231867,322297,-15.458892783540282,741892,-9.963911474660826,741892,-5.4949813088794555,741892
Jagatsinghpur,JGS,1,"1_1_1_2_22_963,230",2021,2021-12-07,341,0.436770085868091,194942,-17.801841454180334,601275,-11.537003290707661,601275,-6.264838163472659,601275
Jagatsinghpur,JGS,1,"1_1_1_2_22_964,230",2021,2021-12-07,341,0.41466175895965596,37696,-20.482702925811818,125259,-13.061282766357406,125259,-7.421420159454414,125259
Jagatsinghpur,JGS,1,"1_1_1_2_22_965,230",2021,2021-12-07,341,0.5469655046342167,4629,-17.70674407798274,10328,-11.909201712166025,10328,-5.7975423658166925,10328
Jagatsinghpur,JGS,1,"1_1_1_2_22_957,231",2021,2021-12-07,341,0.3783260600058699,64920,-14.213636240798067,535010,-9.157900472148015,535010,-5.055735768650068,535010
Jagatsinghpur,JGS,1,"1_1_1_2_22_958,231",2021,2021-12-07,341,0.38799281866441054,328620,-13.665640984506636,649727,-9.081911016094265,649727,-4.583729968412383,649727
Jagatsinghpur,JGS,1,"1_1_1_2_22_959,231",2021,2021-12-07,341,0.42750563008982295,463075,-13.771655263567926,544379,-8.974919076010364,544379,-4.796736187557569,544379
Jagatsinghpur,JGS,1,"1_1_1_2_22_960,231",2021,2021-12-07,341,0.4622160070549655,420121,-13.925993325122365,525591,-8.94535834415449,525591,-4.980634980967813,525591
Jagatsinghpur,JGS,1,"1_1_1_2_22_961,231",2021,2021-12-07,341,0.4991047024056866,447185,-14.674668918332124,638601,-9.444909653855616,638601,-5.229759264476508,638601
Jagatsinghpur,JGS,1,"1_1_1_2_22_962,231",2021,2021-12-07,341,0.5090212976377914,389814,-15.689437001306455,661478,-10.037029888821653,661478,-5.652407112484817,661478
Jagatsinghpur,JGS,1,"1_1_1_2_22_963,231",2021,2021-12-07,341,0.4636605015321095,380275,-15.770921431728874,623890,-10.195562745478062,623890,-5.57535868625085,623890
Jagatsinghpur,JGS,1,"1_1_1_2_22_964,231",2021,2021-12-07,341,0.3875074482296062,225391,-15.263952541551673,543323,-10.035318654392979,543323,-5.2286338871587335,543323
Jagatsinghpur,JGS,1,"1_1_1_2_23_961,226",2021,2021-12-17,351,0.28046912594939516,12383,-14.632425279552493,12383,-9.7515286571263,12383,-4.880896622426164,12383
Jagatsinghpur,JGS,1,"1_1_1_2_23_959,227",2021,2021-12-17,351,0.39400544868058485,510204,-14.673197884827118,510204,-9.308427519739508,510204,-5.3647703650876295,510204
Jagatsinghpur,JGS,1,"1_1_1_2_23_960,227",2021,2021-12-17,351,0.3531694777736393,432187,-15.019608213970516,432279,-9.511989684787794,432279,-5.507618529182711,432279
Jagatsinghpur,JGS,1,"1_1_1_2_23_961,227",2021,2021-12-17,351,0.2785669702187464,447567,-15.329536180760739,447583,-10.031829915892546,447583,-5.297706264868223,447583
Jagatsinghpur,JGS,1,"1_1_1_2_23_962,227",2021,2021-12-17,351,0.1873932024705053,786,-20.251293310060014,786,-13.960172310872807,786,-6.291120999187232,786
Jagatsinghpur,JGS,1,"1_1_1_2_23_958,228",2021,2021-12-17,351,0.370946385278064,657750,-14.934643185671023,657750,-9.743462147903648,657750,-5.1911810377673735,657750
Jagatsinghpur,JGS,1,"1_1_1_2_23_959,228",2021,2021-12-17,351,0.36528698687949057,653263,-14.61845013182264,653265,-9.233493850901137,653265,-5.384956280921504,653265
Jagatsinghpur,JGS,1,"1_1_1_2_23_960,228",2021,2021-12-17,351,0.3731111424125842,693526,-13.995758667092751,693526,-9.101086114903904,693526,-4.894672552188895,693526
Jagatsinghpur,JGS,1,"1_1_1_2_23_961,228",2021,2021-12-17,351,0.3081325653217262,728813,-14.844937721495176,728813,-9.594936080204535,728813,-5.250001641290644,728813
Jagatsinghpur,JGS,1,"1_1_1_2_23_962,228",2021,2021-12-17,351,0.25961804087239165,246956,-18.549236843549185,246956,-12.10188861050739,246956,-6.4473482330417875,246956
Jagatsinghpur,JGS,1,"1_1_1_2_23_958,229",2021,2021-12-17,351,0.4041908458478772,604467,-15.156198701214318,604467,-9.771755605549792,604467,-5.384443095664538,604467
Jagatsinghpur,JGS,1,"1_1_1_2_23_959,229",2021,2021-12-17,351,0.36630390388612233,604967,-14.147923196199036,604967,-9.00579873621884,604967,-5.142124459980223,604967
Jagatsinghpur,JGS,1,"1_1_1_2_23_960,229",2021,2021-12-17,351,0.4135482261925505,733746,-14.405909745232732,733746,-9.097376161464982,733746,-5.308533583767741,733746
Jagatsinghpur,JGS,1,"1_1_1_2_23_961,229",2021,2021-12-17,351,0.3617047092565786,778594,-14.616854582295275,778594,-9.426373275717964,778594,-5.190481306577317,778594
Jagatsinghpur,JGS,1,"1_1_1_2_23_962,229",2021,2021-12-17,351,0.32577658179936714,513858,-16.27040623544581,513858,-10.648946962977108,513858,-5.62145927246872,513858
Jagatsinghpur,JGS,1,"1_1_1_2_23_963,229",2021,2021-12-17,351,0.41356585932832113,55675,-15.78160998493462,55675,-9.851164491999786,55675,-5.930445492934875,55675
Jagatsinghpur,JGS,1,"1_1_1_2_23_964,229",2021,2021-12-17,351,,0,,0,,0,,0
Jagatsinghpur,JGS,1,"1_1_1_2_23_957,230",2021,2021-12-17,351,0.3745610275179235,620511,-15.140119665212419,620511,-9.995838354634108,620511,-5.144281310578329,620511
Jagatsinghpur,JGS,1,"1_1_1_2_23_958,230",2021,2021-12-17,351,0.37117096779333747,574078,-14.819031160815028,574078,-9.72758049236751,574078,-5.091450668447518,574078
Jagatsinghpur,JGS,1,"1_1_1_2_23_959,230",2021,2021-12-17,351,0.34667113045472436,640106,-13.773567976757747,640106,-8.87281130172822,640106,-4.900756675029494,640106
Jagatsinghpur,JGS,1,"1_1_1_2_23_960,230",2021,2021-12-17,351,0.3644406711467734,679387,-13.812375152823158,679387,-8.99059615929724,679387,-4.8217789935258715,679387
Jagatsinghpur,JGS,1,"1_1_1_2_23_961,230",2021,2021-12-17,351,0.363907664196603,712352,-14.04533234872587,712352,-9.39451984632904,712352,-4.650812502396839,712352
Jagatsinghpur,JGS,1,"1_1_1_2_23_962,230",2021,2021-12-17,351,0.3406938996762041,741892,-14.081121575161422,741892,-9.54344361994495,741892,-4.537677955216467,741892
Jagatsinghpur,JGS,1,"1_1_1_2_23_963,230",2021,2021-12-17,351,0.3513961920803334,601275,-14.982379438338963,601275,-9.604795820725588,601275,-5.377583617613355,601275
Jagatsinghpur,JGS,1,"1_1_1_2_23_964,230",2021,2021-12-17,351,0.3682747842030581,125204,-18.18221256994916,125259,-11.17362315953222,125259,-7.008589410416882,125259
Jagatsinghpur,JGS,1,"1_1_1_2_23_965,230",2021,2021-12-17,351,0.40424083164566255,10282,-16.878033659987384,10328,-11.3582395932819,10328,-5.519794066705498,10328
Jagatsinghpur,JGS,1,"1_1_1_2_23_957,231",2021,2021-12-17,351,0.3854580869330046,535010,-15.06486830642652,535010,-9.820569522605732,535010,-5.244298783820763,535010
Jagatsinghpur,JGS,1,"1_1_1_2_23_958,231",2021,2021-12-17,351,0.3617323321109927,649727,-14.50901262711817,649727,-9.67645414205001,649727,-4.832558485068142,649727
Jagatsinghpur,JGS,1,"1_1_1_2_23_959,231",2021,2021-12-17,351,0.3772199676875104,544379,-14.644626766116136,544379,-9.553138247016062,544379,-5.091488519100138,544379
Jagatsinghpur,JGS,1,"1_1_1_2_23_960,231",2021,2021-12-17,351,0.3898820730251452,525591,-14.630386334487735,525591,-9.422380420815026,525591,-5.208005913672684,525591
Jagatsinghpur,JGS,1,"1_1_1_2_23_961,231",2021,2021-12-17,351,0.3953462705827079,638601,-14.812887944736167,638601,-9.607574815254043,638601,-5.205313129482114,638601
Jagatsinghpur,JGS,1,"1_1_1_2_23_962,231",2021,2021-12-17,351,0.3836066823476193,661478,-15.299513305917632,661478,-9.99913078765065,661478,-5.300382518266984,661478
Jagatsinghpur,JGS,1,"1_1_1_2_23_963,231",2021,2021-12-17,351,0.36326219902973245,623819,-14.7507142784566,623890,-9.846860739073167,623890,-4.903853539383443,623890
Jagatsinghpur,JGS,1,"1_1_1_2_23_964,231",2021,2021-12-17,351,0.3113006366896654,543072,-14.8390058421719,543323,-9.88529225092054,543323,-4.953713591251337,543323
Jagatsinghpur,JGS,1,"1_1_2_0_961,226",2022,2022-05-01,121,0.2116703432502703,12313,,0,,0,,0
Jagatsinghpur,JGS,1,"1_1_2_0_959,227",2022,2022-05-01,121,0.3138831507275959,510204,-19.09225134934675,510204,-10.546001254577607,510204,-8.546250094769126,510204
Jagatsinghpur,JGS,1,"1_1_2_0_960,227",2022,2022-05-01,121,0.30982657707556266,432158,-18.209874647752738,317620,-10.181210045417254,317620,-8.028664602335525,317620
Jagatsinghpur,JGS,1,"1_1_2_0_961,227",2022,2022-05-01,121,0.2501389052894572,446726,,0,,0,,0
Jagatsinghpur,JGS,1,"1_1_2_0_962,227",2022,2022-05-01,121,0.2344611688884219,702,,0,,0,,0
Jagatsinghpur,JGS,1,"1_1_2_0_958,228",2022,2022-05-01,121,0.35544849414909024,657750,-18.39871928693446,657750,-10.506864801975022,657750,-7.891854484959458,657750
Jagatsinghpur,JGS,1,"1_1_2_0_959,228",2022,2022-05-01,121,0.3184915190612088,653265,-18.54292813256853,653265,-10.333122586442363,653265,-8.209805546126153,653265
Jagatsinghpur,JGS,1,"1_1_2_0_960,228",2022,2022-05-01,121,0.29501027122488443,693516,-18.002891188677932,584492,-9.943361749131583,584492,-8.059529439546425,584492
Jagatsinghpur,JGS,1,"1_1_2_0_961,228",2022,2022-05-01,121,0.2538500965425422,728354,,0,,0,,0
Jagatsinghpur,JGS,1,"1_1_2_0_962,228",2022,2022-05-01,121,0.26669794337768166,241414,,0,,0,,0
Jagatsinghpur,JGS,1,"1_1_2_0_958,229",2022,2022-05-01,121,0.36894893318041333,604467,-18.171938231766106,604467,-10.299901148214014,604467,-7.872037083552077,604467
Jagatsinghpur,JGS,1,"1_1_2_0_959,229",2022,2022-05-01,121,0.3045084613424917,604967,-18.740383713567486,604967,-10.3275090956915,604967,-8.412874617876014,604967
Jagatsinghpur,JGS,1,"1_1_2_0_960,229",2022,2022-05-01,121,0.31665140837956357,733744,-17.921708550898497,728087,-10.002593611794088,728087,-7.919114939104386,728087
Jagatsinghpur,JGS,1,"1_1_2_0_961,229",2022,2022-05-01,121,0.2695175809898663,777908,-17.263117818578312,40395,-9.313176357052418,40395,-7.949941461525943,40395
Jagatsinghpur,JGS,1,"1_1_2_0_962,229",2022,2022-05-01,121,0.2510961839316818,509712,,0,,0,,0
Jagatsinghpur,JGS,1,"1_1_2_0_963,229",2022,2022-05-01,121,0.2807155166050335,55551,,0,,0,,0
Jagatsinghpur,JGS,1,"1_1_2_0_964,229",2022,2022-05-01,121,,0,,0,,0,,0
Jagatsinghpur,JGS,1,"1_1_2_0_957,230",2022,2022-05-01,121,0.3703398015123551,620505,-17.80899772049671,620511,-9.825229241474313,620511,-7.983768479022402,620511
Jagatsinghpur,JGS,1,"1_1_2_0_958,230",2022,2022-05-01,121,0.31464354743092654,574078,-18.857151104924654,574078,-10.454439993684788,574078,-8.402711111239814,574078
Jagatsinghpur,JGS,1,"1_1_2_0_959,230",2022,2022-05-01,121,0.31346229513793034,640106,-18.160712081645325,640106,-9.760536404146903,640106,-8.400175677498432,640106
Jagatsinghpur,JGS,1,"1_1_2_0_960,230",2022,2022-05-01,121,0.3314014810582696,679387,-17.609708584631573,679387,-9.609584868840841,679387,-8.000123715790698,679387
Jagatsinghpur,JGS,1,"1_1_2_0_961,230",2022,2022-05-01,121,0.31491731936629563,712341,-17.50705944797388,162019,-9.615490481851579,162019,-7.891568966122193,162019
Jagatsinghpur,JGS,1,"1_1_2_0_962,230",2022,2022-05-01,121,0.2712349033675154,741636,,0,,0,,0
Jagatsinghpur,JGS,1,"1_1_2_0_963,230",2022,2022-05-01,121,0.31627686358907736,599103,,0,,0,,0
Jagatsinghpur,JGS,1,"1_1_2_0_964,230",2022,2022-05-01,121,0.3603162961155815,122794,,0,,0,,0
Jagatsinghpur,JGS,1,"1_1_2_0_965,230",2022,2022-05-01,121,0.30370419847884544,9457,,0,,0,,0
Jagatsinghpur,JGS,1,"1_1_2_0_957,231",2022,2022-05-01,121,0.3453112929658689,535010,-18.55604137679868,535010,-10.176595692681708,535010,-8.37944568411693,535010
Jagatsinghpur,JGS,1,"1_1_2_0_958,231",2022,2022-05-01,121,0.31651588429724703,649727,-18.548494856021165,649727,-10.050345570363895,649727,-8.498149285657249,649727
Jagatsinghpur,JGS,1,"1_1_2_0_959,231",2022,2022-05-01,121,0.31552663661629554,544379,-18.420881202129745,544379,-9.90089458660441,544379,-8.519986615525363,544379
Jagatsinghpur,JGS,1,"1_1_2_0_960,231",2022,2022-05-01,121,0.30721193473498154,525591,-18.97090967061916,525158,-10.289442995988267,525158,-8.681466674630945,525158
Jagatsinghpur,JGS,1,"1_1_2_0_961,231",2022,2022-05-01,121,0.32853396898211046,638592,-18.663350148857315,278327,-10.197090041671874,278327,-8.466260107185409,278327
Jagatsinghpur,JGS,1,"1_1_2_0_962,231",2022,2022-05-01,121,0.30331458622803126,661407,,0,,0,,0
Jagatsinghpur,JGS,1,"1_1_2_0_963,231",2022,2022-05-01,121,0.3097493741101961,623348,,0,,0,,0
Jagatsinghpur,JGS,1,"1_1_2_0_964,231",2022,2022-05-01,121,0.30550641011173774,539321,,0,,0,,0
Jagatsinghpur,JGS,1,"1_1_2_1_961,226",2022,2022-05-11,131,,0,-22.387688937184084,12383,-13.43297928362652,12383,-8.954709653557462,12383
Jagatsinghpur,JGS,1,"1_1_2_1_959,227",2022,2022-05-11,131,0.29624303196578944,481762,-17.85411317743217,510204,-10.473332837003184,510204,-7.380780340429055,510204
Jagatsinghpur,JGS,1,"1_1_2_1_960,227",2022,2022-05-11,131,0.29512639379666555,246198,-18.681903866176796,432279,-11.224513261582024,432279,-7.457390604594781,432279
Jagatsinghpur,JGS,1,"1_1_2_1_961,227",2022,2022-05-11,131,,0,-19.399230428711554,447583,-11.265693796272723,447583,-8.133536632438865,447583
Jagatsinghpur,JGS,1,"1_1_2_1_962,227",2022,2022-05-11,131,,0,-18.98682905680149,786,-11.533424910608062,786,-7.453404146193437,786
Jagatsinghpur,JGS,1,"1_1_2_1_958,228",2022,2022-05-11,131,0.3052246828126237,638910,-17.78852267407622,657750,-10.682249003144014,657750,-7.106273670932259,657750
Jagatsinghpur,JGS,1,"1_1_2_1_959,228",2022,2022-05-11,131,0.28180991975106556,641712,-18.552970675476562,653265,-10.915122356048217,653265,-7.637848319428339,653265
Jagatsinghpur,JGS,1,"1_1_2_1_960,228",2022,2022-05-11,131,0.2892447720583158,543466,-17.4817136156483,693526,-10.237188625572111,693526,-7.2445249900762505,693526
Jagatsinghpur,JGS,1,"1_1_2_1_961,228",2022,2022-05-11,131,0.4367923105761237,5882,-18.952668536379,728813,-11.134759499420866,728813,-7.817909036958083,728813
Jagatsinghpur,JGS,1,"1_1_2_1_962,228",2022,2022-05-11,131,,0,-20.18800621430551,246956,-12.310895257260709,246956,-7.8771109570447795,246956
Jagatsinghpur,JGS,1,"1_1_2_1_958,229",2022,2022-05-11,131,0.3155297031010783,548484,-17.603846710021227,604467,-10.53277395347529,604467,-7.071072756545923,604467
Jagatsinghpur,JGS,1,"1_1_2_1_959,229",2022,2022-05-11,131,0.2694242451750587,596222,-18.265461184850135,604967,-10.602665703152933,604967,-7.662795481697194,604967
Jagatsinghpur,JGS,1,"1_1_2_1_960,229",2022,2022-05-11,131,0.2914857865176834,688407,-17.510048615109685,733746,-10.295218041329179,733746,-7.214830573780479,733746
Jagatsinghpur,JGS,1,"1_1_2_1_961,229",2022,2022-05-11,131,0.38001855037532967,53373,-18.010576066310836,778594,-11.272117697386726,778594,-6.738458368924166,778594
Jagatsinghpur,JGS,1,"1_1_2_1_962,229",2022,2022-05-11,131,,0,-21.096970811498263,513858,-13.147443118524912,513858,-7.949527692973323,513858
Jagatsinghpur,JGS,1,"1_1_2_1_963,229",2022,2022-05-11,131,,0,-19.007965469773527,55675,-11.84296501336656,55675,-7.16500045640696,55675
Jagatsinghpur,JGS,1,"1_1_2_1_964,229",2022,2022-05-11,131,,0,,0,,0,,0
Jagatsinghpur,JGS,1,"1_1_2_1_957,230",2022,2022-05-11,131,0.39901905139245575,601950,-17.04069757144368,620511,-10.305642233917403,620511,-6.735055337526246,620511
Jagatsinghpur,JGS,1,"1_1_2_1_958,230",2022,2022-05-11,131,0.28876393675889256,407628,-17.732910279726767,574078,-10.372608363043371,574078,-7.360301916683508,574078
Jagatsinghpur,JGS,1,"1_1_2_1_959,230",2022,2022-05-11,131,0.2666368337070656,462073,-17.53401828505374,640106,-10.116027879735974,640106,-7.4179904053178145,640106
Jagatsinghpur,JGS,1,"1_1_2_1_960,230",2022,2022-05-11,131,0.27553337903624264,630472,-17.584900822477465,679387,-10.187904350309196,679387,-7.396996472168282,679387
Jagatsinghpur,JGS,1,"1_1_2_1_961,230",2022,2022-05-11,131,0.32542721030928706,217272,-16.730101978529,712352,-9.980836129612008,712352,-6.749265848916986,712352
Jagatsinghpur,JGS,1,"1_1_2_1_962,230",2022,2022-05-11,131,,0,-19.68754323618161,741892,-11.84930449152039,741892,-7.838238744661226,741892
Jagatsinghpur,JGS,1,"1_1_2_1_963,230",2022,2022-05-11,131,,0,-18.407838781983987,601275,-11.338791608133493,601275,-7.06904717385054,601275
Jagatsinghpur,JGS,1,"1_1_2_1_964,230",2022,2022-05-11,131,,0,-17.57867937001107,125259,-10.772540622807442,125259,-6.806138747203634,125259
Jagatsinghpur,JGS,1,"1_1_2_1_965,230",2022,2022-05-11,131,,0,-19.272865865505356,10328,-13.233019824209821,10328,-6.039846041295507,10328
Jagatsinghpur,JGS,1,"1_1_2_1_957,231",2022,2022-05-11,131,0.3974215796587032,531355,-17.642055448447397,535010,-10.597274611339966,535010,-7.044780837107503,535010
Jagatsinghpur,JGS,1,"1_1_2_1_958,231",2022,2022-05-11,131,0.3043487679923302,579477,-17.557525457371714,649727,-10.25899992423944,649727,-7.298525533132271,649727
Jagatsinghpur,JGS,1,"1_1_2_1_959,231",2022,2022-05-11,131,0.30491123045254637,111507,-17.55284400605066,544379,-10.101087096060764,544379,-7.451756909989909,544379
Jagatsinghpur,JGS,1,"1_1_2_1_960,231",2022,2022-05-11,131,0.2810290084893762,316984,-18.773176548158418,525591,-11.029767201003565,525591,-7.743409347154877,525591
Jagatsinghpur,JGS,1,"1_1_2_1_961,231",2022,2022-05-11,131,0.30847064001141844,282222,-18.2426818834586,638601,-10.914828141472428,638601,-7.327853741986162,638601
Jagatsinghpur,JGS,1,"1_1_2_1_962,231",2022,2022-05-11,131,,0,-18.153615269839904,661478,-10.960796124437579,661478,-7.192819145402305,661478
Jagatsinghpur,JGS,1,"1_1_2_1_963,231",2022,2022-05-11,131,,0,-19.204615664134522,623890,-11.415166478079502,623890,-7.7894491860550445,623890
Jagatsinghpur,JGS,1,"1_1_2_1_964,231",2022,2022-05-11,131,,0,-17.938303430130418,543323,-11.087912763191241,543323,-6.8503906669391625,543323
Jagatsinghpur,JGS,1,"1_1_2_2_961,226",2022,2022-05-21,141,0.2068402303252479,8558,,0,,0,,0
Jagatsinghpur,JGS,1,"1_1_2_2_959,227",2022,2022-05-21,141,0.268890093001877,510204,-19.77006600805434,510204,-11.162439557986643,510204,-8.60762645006766,510204
Jagatsinghpur,JGS,1,"1_1_2_2_960,227",2022,2022-05-21,141,0.2709968054872387,424174,-18.93956612468146,304392,-10.877114676912747,304392,-8.062451447768762,304392
Jagatsinghpur,JGS,1,"1_1_2_2_961,227",2022,2022-05-21,141,0.2542540130147046,251377,,0,,0,,0
Jagatsinghpur,JGS,1,"1_1_2_2_962,227",2022,2022-05-21,141,0.24215800616712796,42,,0,,0,,0
Jagatsinghpur,JGS,1,"1_1_2_2_958,228",2022,2022-05-21,141,0.2849306793071716,657750,-19.066145943302445,657750,-11.049848949347085,657750,-8.01629699395531,657750
Jagatsinghpur,JGS,1,"1_1_2_2_959,228",2022,2022-05-21,141,0.2489889355984309,653265,-19.426430004710305,653265,-10.906845619065585,653265,-8.519584385644732,653265
Jagatsinghpur,JGS,1,"1_1_2_2_960,228",2022,2022-05-21,141,0.2532969331370505,676828,-18.8226243612333,562732,-10.659270153918857,562732,-8.163354207314487,562732
Jagatsinghpur,JGS,1,"1_1_2_2_961,228",2022,2022-05-21,141,0.24817149581007986,611649,,0,,0,,0
Jagatsinghpur,JGS,1,"1_1_2_2_962,228",2022,2022-05-21,141,0.266609543103037,35946,,0,,0,,0
Jagatsinghpur,JGS,1,"1_1_2_2_958,229",2022,2022-05-21,141,0.31389575650972296,604467,-18.800973827752436,604467,-10.985551917065779,604467,-7.815421910686731,604467
Jagatsinghpur,JGS,1,"1_1_2_2_959,229",2022,2022-05-21,141,0.2589980337284303,604967,-19.590728954890064,604967,-10.98901079156317,604967,-8.601718163326932,604967
Jagatsinghpur,JGS,1,"1_1_2_2_960,229",2022,2022-05-21,141,0.2633903432180712,727278,-18.811028644451486,719633,-10.864900249548093,719633,-7.946128394903438,719633
Jagatsinghpur,JGS,1,"1_1_2_2_961,229",2022,2022-05-21,141,0.2558493506860682,594507,-18.52147404806713,24689,-10.891081225109014,24689,-7.630392822958061,24689
Jagatsinghpur,JGS,1,"1_1_2_2_962,229",2022,2022-05-21,141,0.22806289466216076,135855,,0,,0,,0
Jagatsinghpur,JGS,1,"1_1_2_2_963,229",2022,2022-05-21,141,0.2700060962714624,46884,,0,,0,,0
Jagatsinghpur,JGS,1,"1_1_2_2_964,229",2022,2022-05-21,141,,0,,0,,0,,0
Jagatsinghpur,JGS,1,"1_1_2_2_957,230",2022,2022-05-21,141,0.440477983308147,620511,-17.852965433018777,620511,-10.654494938814935,620511,-7.198470494203848,620511
Jagatsinghpur,JGS,1,"1_1_2_2_958,230",2022,2022-05-21,141,0.31762865338546775,574078,-19.03207241897677,574078,-10.896938205634035,574078,-8.135134213342742,574078
Jagatsinghpur,JGS,1,"1_1_2_2_959,230",2022,2022-05-21,141,0.2801530458206958,640106,-19.00696699107173,640106,-10.633954808682189,640106,-8.373012182389587,640106
Jagatsinghpur,JGS,1,"1_1_2_2_960,230",2022,2022-05-21,141,0.23658688552215656,679387,-18.931850586819017,679387,-10.63947690533452,679387,-8.29237368148447,679387
Jagatsinghpur,JGS,1,"1_1_2_2_961,230",2022,2022-05-21,141,0.2626373559541994,516458,-18.65901453542767,142351,-10.677707707394177,142351,-7.981306828033621,142351
Jagatsinghpur,JGS,1,"1_1_2_2_962,230",2022,2022-05-21,141,0.24741852869960296,355778,,0,,0,,0
Jagatsinghpur,JGS,1,"1_1_2_2_963,230",2022,2022-05-21,141,0.2873966298064566,476105,,0,,0,,0
Jagatsinghpur,JGS,1,"1_1_2_2_964,230",2022,2022-05-21,141,0.35589397781812226,52886,,0,,0,,0
Jagatsinghpur,JGS,1,"1_1_2_2_965,230",2022,2022-05-21,141,0.2630423654838531,6418,,0,,0,,0
Jagatsinghpur,JGS,1,"1_1_2_2_957,231",2022,2022-05-21,141,0.44037080916628707,535010,-18.512349581363722,535010,-11.000402002989027,535010,-7.511947578374663,535010
Jagatsinghpur,JGS,1,"1_1_2_2_958,231",2022,2022-05-21,141,0.3159937280654675,649727,-18.85928314195572,649727,-10.693680962769308,649727,-8.165602179186342,649727
Jagatsinghpur,JGS,1,"1_1_2_2_959,231",2022,2022-05-21,141,0.28838588959648126,544378,-18.88906347350705,544379,-10.531366038091535,544379,-8.357697435415556,544379
Jagatsinghpur,JGS,1,"1_1_2_2_960,231",2022,2022-05-21,141,0.2598838105371221,525591,-19.54815654069174,525128,-11.028604033326786,525128,-8.519552507364855,525128
Jagatsinghpur,JGS,1,"1_1_2_2_961,231",2022,2022-05-21,141,0.25320373656408096,359531,-19.66765617177562,261244,-11.298389657721756,261244,-8.36926651405395,261244
Jagatsinghpur,JGS,1,"1_1_2_2_962,231",2022,2022-05-21,141,0.28521145043221896,559312,,0,,0,,0
Jagatsinghpur,JGS,1,"1_1_2_2_963,231",2022,2022-05-21,141,0.29476121921039516,614372,,0,,0,,0
Jagatsinghpur,JGS,1,"1_1_2_2_964,231",2022,2022-05-21,141,0.2984904761384066,450513,,0,,0,,0
Jagatsinghpur,JGS,1,"1_1_2_3_961,226",2022,2022-05-31,151,-0.03782805883636077,75,-19.955804657015133,12383,-11.314865815881639,12383,-8.640938841133464,12383
Jagatsinghpur,JGS,1,"1_1_2_3_959,227",2022,2022-05-31,151,0.19241766242860417,125756,-20.364332178381954,510204,-12.42901491438566,510204,-7.93531726399628,510204
Jagatsinghpur,JGS,1,"1_1_2_3_960,227",2022,2022-05-31,151,0.2186444137999576,170781,-20.007355260147246,432279,-12.324165591726635,432279,-7.6831896684206615,432279
Jagatsinghpur,JGS,1,"1_1_2_3_961,227",2022,2022-05-31,151,0.25872121618308863,379547,-20.588478216009843,447583,-12.0212661183988,447583,-8.56721209761105,447583
Jagatsinghpur,JGS,1,"1_1_2_3_962,227",2022,2022-05-31,151,0.2739508328059669,209,-20.671788272858574,786,-12.53324792247243,786,-8.138540350386108,786
Jagatsinghpur,JGS,1,"1_1_2_3_958,228",2022,2022-05-31,151,0.1680040242137147,290301,-19.67527384189465,657750,-12.368386187510605,657750,-7.306887654384077,657750
Jagatsinghpur,JGS,1,"1_1_2_3_959,228",2022,2022-05-31,151,0.12251632572137043,244089,-20.30825202599215,653265,-12.465493007600665,653265,-7.842759018391477,653265
Jagatsinghpur,JGS,1,"1_1_2_3_960,228",2022,2022-05-31,151,0.19714845259906824,314976,-19.696526869983234,693526,-11.86936659101235,693526,-7.827160278970916,693526
Jagatsinghpur,JGS,1,"1_1_2_3_961,228",2022,2022-05-31,151,0.2216331800161292,538342,-21.036459823964645,728813,-12.34163101258089,728813,-8.694828811383784,728813
Jagatsinghpur,JGS,1,"1_1_2_3_962,228",2022,2022-05-31,151,0.2676006017107748,139354,-21.124604883599037,246956,-13.068740262734988,246956,-8.055864620864059,246956
Jagatsinghpur,JGS,1,"1_1_2_3_958,229",2022,2022-05-31,151,0.23537302913083047,420816,-19.582664394214977,604467,-12.405496418230152,604467,-7.177167975984856,604467
Jagatsinghpur,JGS,1,"1_1_2_3_959,229",2022,2022-05-31,151,0.20336735302691203,445675,-20.511614015977518,604967,-12.566670064526134,604967,-7.944943951451388,604967
Jagatsinghpur,JGS,1,"1_1_2_3_960,229",2022,2022-05-31,151,0.22197178741961066,555234,-19.70371161918456,733746,-12.187204504966086,733746,-7.516507114218405,733746
Jagatsinghpur,JGS,1,"1_1_2_3_961,229",2022,2022-05-31,151,0.22593291203463578,614338,-20.45834104189484,778594,-12.541400529155055,778594,-7.916940512739803,778594
Jagatsinghpur,JGS,1,"1_1_2_3_962,229",2022,2022-05-31,151,0.24029729842699327,288020,-21.496009049186142,513858,-13.434697913358194,513858,-8.06131113582798,513858
Jagatsinghpur,JGS,1,"1_1_2_3_963,229",2022,2022-05-31,151,0.30876390020659417,46125,-20.013964811162772,55675,-12.697678172828114,55675,-7.316286638334668,55675
Jagatsinghpur,JGS,1,"1_1_2_3_964,229",2022,2022-05-31,151,,0,,0,,0,,0
Jagatsinghpur,JGS,1,"1_1_2_3_957,230",2022,2022-05-31,151,0.38237267791108015,337588,-17.302203148850847,620511,-10.891398073471008,620511,-6.410805075379841,620511
Jagatsinghpur,JGS,1,"1_1_2_3_958,230",2022,2022-05-31,151,0.2261031026597124,175497,-19.502731090760506,574078,-12.064082936737554,574078,-7.438648154022957,574078
Jagatsinghpur,JGS,1,"1_1_2_3_959,230",2022,2022-05-31,151,0.22792992192212166,382713,-19.85740092930853,640106,-12.110880621291132,640106,-7.746520308017432,640106
Jagatsinghpur,JGS,1,"1_1_2_3_960,230",2022,2022-05-31,151,0.2008431093811125,461155,-20.054734281906267,679387,-12.089600657068207,679387,-7.965133624838007,679387
Jagatsinghpur,JGS,1,"1_1_2_3_961,230",2022,2022-05-31,151,0.22167874160467516,504541,-19.988555664406093,712352,-12.063384806909616,712352,-7.925170857496548,712352
Jagatsinghpur,JGS,1,"1_1_2_3_962,230",2022,2022-05-31,151,0.19847899375807562,524088,-21.090791330431273,741892,-12.740945167436445,741892,-8.34984616299477,741892
Jagatsinghpur,JGS,1,"1_1_2_3_963,230",2022,2022-05-31,151,0.24839962882657574,198958,-19.788077409908393,601275,-12.312170315423039,601275,-7.475907094485333,601275
Jagatsinghpur,JGS,1,"1_1_2_3_964,230",2022,2022-05-31,151,0.25455934604953806,20928,-18.096889078108344,125259,-11.607967696026535,125259,-6.488921382081836,125259
Jagatsinghpur,JGS,1,"1_1_2_3_965,230",2022,2022-05-31,151,0.17246413424627874,1195,-18.345639343428818,10328,-11.847131460509512,10328,-6.4985078829193,10328
Jagatsinghpur,JGS,1,"1_1_2_3_957,231",2022,2022-05-31,151,0.40457808835103753,445142,-18.01789157662009,523806,-11.292816443139406,523806,-6.725075133480648,523806
Jagatsinghpur,JGS,1,"1_1_2_3_958,231",2022,2022-05-31,151,0.27513198016214213,498027,-18.37581660159685,649727,-11.011257164060781,649727,-7.364559437536029,649727
Jagatsinghpur,JGS,1,"1_1_2_3_959,231",2022,2022-05-31,151,0.20991570080656277,197601,-19.13448812111311,544379,-11.466472882091361,544379,-7.668015239021748,544379
Jagatsinghpur,JGS,1,"1_1_2_3_960,231",2022,2022-05-31,151,0.18825252816318494,237676,-20.392981202179637,525591,-12.409563030655091,525591,-7.983418171524486,525591
Jagatsinghpur,JGS,1,"1_1_2_3_961,231",2022,2022-05-31,151,0.18836761221988668,202944,-20.371617402843576,638601,-12.333035785385809,638601,-8.038581617457828,638601
Jagatsinghpur,JGS,1,"1_1_2_3_962,231",2022,2022-05-31,151,0.24928796997655245,95358,-20.349917807904554,661478,-12.29730463822662,661478,-8.052613169677949,661478
Jagatsinghpur,JGS,1,"1_1_2_3_963,231",2022,2022-05-31,151,0.1933328475394908,93855,-19.40488669642258,623890,-11.56380027318116,623890,-7.841086423241438,623890
Jagatsinghpur,JGS,1,"1_1_2_3_964,231",2022,2022-05-31,151,0.1583326903063394,13362,-19.366353435389755,543323,-11.696395549065242,543323,-7.669957886324495,543323
Jagatsinghpur,JGS,1,"1_1_2_4_961,226",2022,2022-06-10,161,0.14925432043009573,12380,-20.190715158077197,12383,-11.67961995429677,12383,-8.511095203780402,12383
Jagatsinghpur,JGS,1,"1_1_2_4_959,227",2022,2022-06-10,161,0.23705116646787452,510182,-20.288377054743346,510204,-12.023467777808905,510204,-8.264909276934437,510204
Jagatsinghpur,JGS,1,"1_1_2_4_960,227",2022,2022-06-10,161,0.22193426815270403,432217,-19.908623843945822,432279,-12.013293790558324,432279,-7.8953300533874655,432279
Jagatsinghpur,JGS,1,"1_1_2_4_961,227",2022,2022-06-10,161,0.21519447625334776,447343,-20.769661960977945,447583,-12.305496285499455,447583,-8.464165675478604,447583
Jagatsinghpur,JGS,1,"1_1_2_4_962,227",2022,2022-06-10,161,0.19770901982606162,703,-20.850273572050078,786,-12.389825062176506,786,-8.460448509873563,786
Jagatsinghpur,JGS,1,"1_1_2_4_958,228",2022,2022-06-10,161,0.2328390683447619,594857,-19.379468827393953,657750,-11.610845755494887,657750,-7.768623071899072,657750
Jagatsinghpur,JGS,1,"1_1_2_4_959,228",2022,2022-06-10,161,0.20950275749403163,625893,-20.012032124146145,653265,-11.773258046188692,653265,-8.238774077957395,653265
Jagatsinghpur,JGS,1,"1_1_2_4_960,228",2022,2022-06-10,161,0.2170665672515441,688884,-19.42163865372121,693526,-11.419358564717133,693526,-8.002280089004042,693526
Jagatsinghpur,JGS,1,"1_1_2_4_961,228",2022,2022-06-10,161,0.19639485575462606,721097,-21.119558641693803,728813,-12.497573710006266,728813,-8.621984931687527,728813
Jagatsinghpur,JGS,1,"1_1_2_4_962,228",2022,2022-06-10,161,0.2184001016324406,245720,-21.402994898249368,246956,-13.370239482151518,246956,-8.032755416097828,246956
Jagatsinghpur,JGS,1,"1_1_2_4_958,229",2022,2022-06-10,161,0.25147162501206627,550509,-19.37758499851431,604467,-11.794625079198259,604467,-7.582959919316034,604467
Jagatsinghpur,JGS,1,"1_1_2_4_959,229",2022,2022-06-10,161,0.21968553474412295,535255,-20.172118081681717,604967,-11.843119769958832,604967,-8.328998311722874,604967
Jagatsinghpur,JGS,1,"1_1_2_4_960,229",2022,2022-06-10,161,0.21643084755797942,645113,-19.225932202973837,733746,-11.476623267632979,733746,-7.749308935340861,733746
Jagatsinghpur,JGS,1,"1_1_2_4_961,229",2022,2022-06-10,161,0.19717425028556396,691451,-20.558108498502,778594,-12.695585495572173,778594,-7.86252300292979,778594
Jagatsinghpur,JGS,1,"1_1_2_4_962,229",2022,2022-06-10,161,0.2048811119756471,495924,-21.73728067757353,513858,-13.658218857648574,513858,-8.079061819924984,513858
Jagatsinghpur,JGS,1,"1_1_2_4_963,229",2022,2022-06-10,161,0.2494248122657132,55638,-20.237734856107707,55675,-13.005561826391762,55675,-7.232173029715979,55675
Jagatsinghpur,JGS,1,"1_1_2_4_964,229",2022,2022-06-10,161,,0,,0,,0,,0
Jagatsinghpur,JGS,1,"1_1_2_4_957,230",2022,2022-06-10,161,0.3598730441401834,507411,-18.34442940864279,620511,-11.533297630592884,620511,-6.811131778049954,620511
Jagatsinghpur,JGS,1,"1_1_2_4_958,230",2022,2022-06-10,161,0.27526724880427417,573389,-19.52713965681678,574078,-11.775678475941223,574078,-7.751461180875545,574078
Jagatsinghpur,JGS,1,"1_1_2_4_959,230",2022,2022-06-10,161,0.231904333939952,634442,-19.499800775308568,640106,-11.454283140014935,640106,-8.04551763529368,640106
Jagatsinghpur,JGS,1,"1_1_2_4_960,230",2022,2022-06-10,161,0.20428739105582963,679387,-19.564694921049938,679387,-11.36799427536434,679387,-8.196700645685633,679387
Jagatsinghpur,JGS,1,"1_1_2_4_961,230",2022,2022-06-10,161,0.2091722455036973,630310,-20.055301370644724,712352,-12.140641716025504,712352,-7.914659654619182,712352
Jagatsinghpur,JGS,1,"1_1_2_4_962,230",2022,2022-06-10,161,0.20806493607534235,740125,-21.23400092278114,741892,-12.89365279837508,741892,-8.340348124406045,741892
Jagatsinghpur,JGS,1,"1_1_2_4_963,230",2022,2022-06-10,161,0.25379581575625826,601238,-20.05207179740889,601275,-12.596284954898424,601275,-7.455786842510449,601275
Jagatsinghpur,JGS,1,"1_1_2_4_964,230",2022,2022-06-10,161,0.3246844303772579,124219,-18.508339720165484,125259,-12.12142735861942,125259,-6.386912361546054,125259
Jagatsinghpur,JGS,1,"1_1_2_4_965,230",2022,2022-06-10,161,0.25860597209694935,9297,-18.25186353326801,10328,-12.085859704325156,10328,-6.166003828942823,10328
Jagatsinghpur,JGS,1,"1_1_2_4_957,231",2022,2022-06-10,161,0.31966231977207776,327922,-19.016976413608862,535010,-11.930839509904004,535010,-7.08613690370484,535010
Jagatsinghpur,JGS,1,"1_1_2_4_958,231",2022,2022-06-10,161,0.2662809277584238,544775,-19.23147690379325,649727,-11.488060235819823,649727,-7.743416667973434,649727
Jagatsinghpur,JGS,1,"1_1_2_4_959,231",2022,2022-06-10,161,0.24380964617551845,401438,-19.319238956199577,544379,-11.35573131178189,544379,-7.963507644417736,544379
Jagatsinghpur,JGS,1,"1_1_2_4_960,231",2022,2022-06-10,161,0.21417223902424176,436903,-20.068510401441664,525591,-11.804232049158394,525591,-8.264278352283261,525591
Jagatsinghpur,JGS,1,"1_1_2_4_961,231",2022,2022-06-10,161,0.2221390625746412,527419,-20.323813315641043,638601,-12.17085657902578,638601,-8.152956736615264,638601
Jagatsinghpur,JGS,1,"1_1_2_4_962,231",2022,2022-06-10,161,0.2351737120884749,654879,-20.669638362796388,661478,-12.603636468500744,661478,-8.066001894295598,661478
Jagatsinghpur,JGS,1,"1_1_2_4_963,231",2022,2022-06-10,161,0.2520739255357932,608154,-19.837800412464127,623890,-12.068201057525858,623890,-7.769599354938251,623890
Jagatsinghpur,JGS,1,"1_1_2_4_964,231",2022,2022-06-10,161,0.27115881301153794,501298,-19.917344939857692,543323,-12.306983202386998,543323,-7.610361737470688,543323
Jagatsinghpur,JGS,1,"1_1_2_5_961,226",2022,2022-06-20,171,0.2661511461353964,36,-20.116415591282017,12383,-11.447002672228072,12383,-8.669412919053915,12383
Jagatsinghpur,JGS,1,"1_1_2_5_959,227",2022,2022-06-20,171,0.23592789448038126,157554,-20.28621142001862,510204,-11.832241136268843,510204,-8.453970283749827,510204
Jagatsinghpur,JGS,1,"1_1_2_5_960,227",2022,2022-06-20,171,0.23357234921384362,78676,-19.937285612187342,432279,-11.807516313105152,432279,-8.129769299082199,432279
Jagatsinghpur,JGS,1,"1_1_2_5_961,227",2022,2022-06-20,171,0.2310972356317568,593,-20.630584450563042,447583,-11.972150320630755,447583,-8.658434129932221,447583
Jagatsinghpur,JGS,1,"1_1_2_5_962,227",2022,2022-06-20,171,,0,-21.20092013595549,786,-12.898352479081419,786,-8.302567656874063,786
Jagatsinghpur,JGS,1,"1_1_2_5_958,228",2022,2022-06-20,171,0.27847745447701266,340750,-19.179372716678785,657750,-11.283270511599161,657750,-7.896102205079708,657750
Jagatsinghpur,JGS,1,"1_1_2_5_959,228",2022,2022-06-20,171,0.24278987431147245,396256,-19.818920803392515,653265,-11.44774136804456,653265,-8.371179435347969,653265
Jagatsinghpur,JGS,1,"1_1_2_5_960,228",2022,2022-06-20,171,0.2931212326357786,180235,-18.919565565917008,693526,-10.932931420041976,693526,-7.986634145875028,693526
Jagatsinghpur,JGS,1,"1_1_2_5_961,228",2022,2022-06-20,171,0.05003195448080078,8,-20.863741456137745,728813,-12.099711006949804,728813,-8.764030449188002,728813
Jagatsinghpur,JGS,1,"1_1_2_5_962,228",2022,2022-06-20,171,-0.03606623408368564,58,-20.57263133523603,246956,-12.538031099050002,246956,-8.034600236185975,246956
Jagatsinghpur,JGS,1,"1_1_2_5_958,229",2022,2022-06-20,171,0.3447618785124615,335980,-18.158834183163385,604467,-10.451564028036115,604467,-7.707270155127288,604467
Jagatsinghpur,JGS,1,"1_1_2_5_959,229",2022,2022-06-20,171,0.29013108433005336,114468,-19.030524033191753,604967,-10.79108152984967,604967,-8.239442503341996,604967
Jagatsinghpur,JGS,1,"1_1_2_5_960,229",2022,2022-06-20,171,0.2710957130943477,43829,-18.468173220466532,733746,-10.697870127411434,733746,-7.770303093055104,733746
Jagatsinghpur,JGS,1,"1_1_2_5_961,229",2022,2022-06-20,171,0.38365033626556394,50,-18.938130193816207,778594,-11.289128980735361,778594,-7.64900121308088,778594
Jagatsinghpur,JGS,1,"1_1_2_5_962,229",2022,2022-06-20,171,0.20434966642815663,1075,-20.398377261472,513858,-12.480638989400733,513858,-7.917738272071207,513858
Jagatsinghpur,JGS,1,"1_1_2_5_963,229",2022,2022-06-20,171,-0.10340562858618796,8,-18.276393315435538,55675,-11.399601280148497,55675,-6.876792035287034,55675
Jagatsinghpur,JGS,1,"1_1_2_5_964,229",2022,2022-06-20,171,,0,,0,,0,,0
Jagatsinghpur,JGS,1,"1_1_2_5_957,230",2022,2022-06-20,171,0.4141123344938761,401293,-17.37185615878612,620511,-10.504875691163464,620511,-6.866980467622624,620511
Jagatsinghpur,JGS,1,"1_1_2_5_958,230",2022,2022-06-20,171,0.3295799017752282,265055,-18.52122617588798,574078,-10.807845896450576,574078,-7.71338027943737,574078
Jagatsinghpur,JGS,1,"1_1_2_5_959,230",2022,2022-06-20,171,0.23668691000797526,298932,-18.745647105156863,640106,-10.717304809022112,640106,-8.028342296134747,640106
Jagatsinghpur,JGS,1,"1_1_2_5_960,230",2022,2022-06-20,171,0.20309285108445668,326276,-18.85440618115948,679387,-10.646332544653179,679387,-8.208073636506269,679387
Jagatsinghpur,JGS,1,"1_1_2_5_961,230",2022,2022-06-20,171,0.2473782936456561,74773,-18.73384805225495,712352,-11.014964316181745,712352,-7.71888373607318,712352
Jagatsinghpur,JGS,1,"1_1_2_5_962,230",2022,2022-06-20,171,-0.012859457665506531,34,-20.093295666748617,741892,-11.872754318274199,741892,-8.220541348474388,741892
Jagatsinghpur,JGS,1,"1_1_2_5_963,230",2022,2022-06-20,171,0.23278638983976738,643,-18.84821722531518,601275,-11.522637806497679,601275,-7.325579418817537,601275
Jagatsinghpur,JGS,1,"1_1_2_5_964,230",2022,2022-06-20,171,0.4331579329270237,53,-18.100788305275618,125259,-11.598680886390278,125259,-6.502107418885372,125259
Jagatsinghpur,JGS,1,"1_1_2_5_965,230",2022,2022-06-20,171,0.48112142083778603,30,-17.8846085507844,10328,-11.825287804228303,10328,-6.0593207465561445,10328
Jagatsinghpur,JGS,1,"1_1_2_5_957,231",2022,2022-06-20,171,0.40654043782431964,454274,-17.755253333688,535010,-10.666783032612576,535010,-7.088470301075455,535010
Jagatsinghpur,JGS,1,"1_1_2_5_958,231",2022,2022-06-20,171,0.33226465290672297,497004,-18.580582567649497,649727,-10.761212931580856,649727,-7.819369636068628,649727
Jagatsinghpur,JGS,1,"1_1_2_5_959,231",2022,2022-06-20,171,0.2788076725897204,291024,-18.577930944108232,544379,-10.573621329600774,544379,-8.004309614507422,544379
Jagatsinghpur,JGS,1,"1_1_2_5_960,231",2022,2022-06-20,171,0.24034755805567679,305835,-18.80380330330803,525591,-10.574159641410747,525591,-8.229643661897345,525591
Jagatsinghpur,JGS,1,"1_1_2_5_961,231",2022,2022-06-20,171,0.2538616048887031,134893,-19.584115300738798,638601,-11.279596183152949,638601,-8.30451911758588,638601
Jagatsinghpur,JGS,1,"1_1_2_5_962,231",2022,2022-06-20,171,-0.05479406696015402,23,-19.998955431252625,661478,-11.83421636268077,661478,-8.164739068571807,661478
Jagatsinghpur,JGS,1,"1_1_2_5_963,231",2022,2022-06-20,171,0.26088118876809113,3610,-19.44118342988856,623890,-11.606844087921555,623890,-7.834339341967003,623890
Jagatsinghpur,JGS,1,"1_1_2_5_964,231",2022,2022-06-20,171,0.2845838564316645,1304,-19.463456916857513,543323,-11.838602311589826,543323,-7.624854605267683,543323
Jagatsinghpur,JGS,1,"1_1_2_6_961,226",2022,2022-06-30,181,,0,,0,,0,,0
Jagatsinghpur,JGS,1,"1_1_2_6_959,227",2022,2022-06-30,181,-0.09857446248335987,4291,-17.11926501352734,510204,-8.512593853809646,510204,-8.606671159717697,510204
Jagatsinghpur,JGS,1,"1_1_2_6_960,227",2022,2022-06-30,181,0.37123926600807455,20618,-17.381028681336097,300924,-8.659088358004922,300924,-8.721940323331143,300924
Jagatsinghpur,JGS,1,"1_1_2_6_961,227",2022,2022-06-30,181,0.15011668214448456,2408,,0,,0,,0
Jagatsinghpur,JGS,1,"1_1_2_6_962,227",2022,2022-06-30,181,0.1879659436324912,299,,0,,0,,0
Jagatsinghpur,JGS,1,"1_1_2_6_958,228",2022,2022-06-30,181,0.09518452916109946,22198,-15.249634999225101,657750,-7.42547068719151,657750,-7.824164312033574,657750
Jagatsinghpur,JGS,1,"1_1_2_6_959,228",2022,2022-06-30,181,-0.09269604625507885,5066,-15.631058854652203,653265,-7.5091615944692345,653265,-8.121897260182946,653265
Jagatsinghpur,JGS,1,"1_1_2_6_960,228",2022,2022-06-30,181,0.3526269994697258,38864,-14.821392939396876,557185,-7.133778232972413,557185,-7.6876147064244424,557185
Jagatsinghpur,JGS,1,"1_1_2_6_961,228",2022,2022-06-30,181,0.2615706244155114,75424,,0,,0,,0
Jagatsinghpur,JGS,1,"1_1_2_6_962,228",2022,2022-06-30,181,0.3144028105091636,49074,,0,,0,,0
Jagatsinghpur,JGS,1,"1_1_2_6_958,229",2022,2022-06-30,181,-0.10788359126685419,11064,-15.06702504886506,604467,-7.786551581469919,604467,-7.2804734673951845,604467
Jagatsinghpur,JGS,1,"1_1_2_6_959,229",2022,2022-06-30,181,0.20061823104854326,7689,-15.051300042488988,604967,-7.458867082850897,604967,-7.592432959638104,604967
Jagatsinghpur,JGS,1,"1_1_2_6_960,229",2022,2022-06-30,181,0.4281895730807181,177761,-14.757431063008775,716971,-7.482730001603489,716971,-7.274701061405296,716971
Jagatsinghpur,JGS,1,"1_1_2_6_961,229",2022,2022-06-30,181,0.4198535920572827,203249,-14.107044808007863,21127,-7.614273099983646,21127,-6.4927717080242004,21127
Jagatsinghpur,JGS,1,"1_1_2_6_962,229",2022,2022-06-30,181,0.4076878998866571,51420,,0,,0,,0
Jagatsinghpur,JGS,1,"1_1_2_6_963,229",2022,2022-06-30,181,0.5528346394154602,6165,,0,,0,,0
Jagatsinghpur,JGS,1,"1_1_2_6_964,229",2022,2022-06-30,181,,0,,0,,0,,0
Jagatsinghpur,JGS,1,"1_1_2_6_957,230",2022,2022-06-30,181,-0.07965153458161152,307,-15.190164012386827,620511,-8.235827532345747,620511,-6.954336480041093,620511
Jagatsinghpur,JGS,1,"1_1_2_6_958,230",2022,2022-06-30,181,0.05828723566566937,1079,-15.509123533774464,574078,-7.839871813431664,574078,-7.669251720342788,574078
Jagatsinghpur,JGS,1,"1_1_2_6_959,230",2022,2022-06-30,181,0.38181593394977215,64497,-15.099119190424306,640106,-7.217482638432727,640106,-7.88163655199159,640106
Jagatsinghpur,JGS,1,"1_1_2_6_960,230",2022,2022-06-30,181,0.37242206640128334,247037,-14.790877700955875,679387,-6.997506543732532,679387,-7.793371157223356,679387
Jagatsinghpur,JGS,1,"1_1_2_6_961,230",2022,2022-06-30,181,0.3917541621362296,310266,-14.396205444381003,137022,-6.9021886285234135,137022,-7.494016815857632,137022
Jagatsinghpur,JGS,1,"1_1_2_6_962,230",2022,2022-06-30,181,0.37681736321690257,267408,,0,,0,,0
Jagatsinghpur,JGS,1,"1_1_2_6_963,230",2022,2022-06-30,181,0.49589096456028336,95365,,0,,0,,0
Jagatsinghpur,JGS,1,"1_1_2_6_964,230",2022,2022-06-30,181,0.4944942596751097,21422,,0,,0,,0
Jagatsinghpur,JGS,1,"1_1_2_6_965,230",2022,2022-06-30,181,0.5329094951443243,1506,,0,,0,,0
Jagatsinghpur,JGS,1,"1_1_2_6_957,231",2022,2022-06-30,181,,0,-15.344589282346162,535010,-8.174574540841187,535010,-7.170014741504983,535010
Jagatsinghpur,JGS,1,"1_1_2_6_958,231",2022,2022-06-30,181,,0,-15.958757937802686,649727,-7.885240410464603,649727,-8.073517527338108,649727
Jagatsinghpur,JGS,1,"1_1_2_6_959,231",2022,2022-06-30,181,0.48074239166628085,3442,-14.838130099028525,544379,-6.9328602966105874,544379,-7.9052698024179735,544379
Jagatsinghpur,JGS,1,"1_1_2_6_960,231",2022,2022-06-30,181,0.4050822655481305,147859,-15.131127710482136,525033,-7.17108629116639,525033,-7.960041419315772,525033
Jagatsinghpur,JGS,1,"1_1_2_6_961,231",2022,2022-06-30,181,0.3298424294757076,158084,-15.24368798285821,256781,-6.914245394433976,256781,-8.329442588424245,256781
Jagatsinghpur,JGS,1,"1_1_2_6_962,231",2022,2022-06-30,181,0.38073922130945176,77003,,0,,0,,0
Jagatsinghpur,JGS,1,"1_1_2_6_963,231",2022,2022-06-30,181,0.35980929799306055,184030,,0,,0,,0
Jagatsinghpur,JGS,1,"1_1_2_6_964,231",2022,2022-06-30,181,0.42558138068289125,80052,,0,,0,,0
Jagatsinghpur,JGS,1,"1_1_2_7_961,226",2022,2022-07-10,191,,0,-17.94167248355317,12383,-10.084180894158715,12383,-7.857491589394404,12383
Jagatsinghpur,JGS,1,"1_1_2_7_959,227",2022,2022-07-10,191,,0,-15.743162906655195,510204,-8.671225534987158,510204,-7.071937371668061,510204
Jagatsinghpur,JGS,1,"1_1_2_7_960,227",2022,2022-07-10,191,,0,-16.449563175954257,432279,-9.370238548259287,432279,-7.079324627694953,432279
Jagatsinghpur,JGS,1,"1_1_2_7_961,227",2022,2022-07-10,191,,0,-15.92648806755915,447583,-8.956757480500457,447583,-6.969730587058717,447583
Jagatsinghpur,JGS,1,"1_1_2_7_962,227",2022,2022-07-10,191,,0,-19.413767165803872,786,-12.003097722413342,786,-7.410669443390542,786
Jagatsinghpur,JGS,1,"1_1_2_7_958,228",2022,2022-07-10,191,,0,-15.714988399999568,657750,-8.936324918051541,657750,-6.778663481948027,657750
Jagatsinghpur,JGS,1,"1_1_2_7_959,228",2022,2022-07-10,191,,0,-15.57130102978163,653265,-8.537078203543697,653265,-7.034222826237954,653265
Jagatsinghpur,JGS,1,"1_1_2_7_960,228",2022,2022-07-10,191,,0,-15.087652146568896,693526,-8.563084054804337,693526,-6.524568091764554,693526
Jagatsinghpur,JGS,1,"1_1_2_7_961,228",2022,2022-07-10,191,,0,-16.405751541438725,728813,-9.456811234886047,728813,-6.948940306552652,728813
Jagatsinghpur,JGS,1,"1_1_2_7_962,228",2022,2022-07-10,191,,0,-18.777596194925334,246956,-11.702193334912476,246956,-7.075402860012896,246956
Jagatsinghpur,JGS,1,"1_1_2_7_958,229",2022,2022-07-10,191,,0,-15.592023504043585,604467,-9.232847178732465,604467,-6.359176325311169,604467
Jagatsinghpur,JGS,1,"1_1_2_7_959,229",2022,2022-07-10,191,,0,-15.707946070850909,604967,-8.828424835846207,604967,-6.8795212350047334,604967
Jagatsinghpur,JGS,1,"1_1_2_7_960,229",2022,2022-07-10,191,,0,-15.50507346430225,733746,-8.968441240278128,733746,-6.5366322240241335,733746
Jagatsinghpur,JGS,1,"1_1_2_7_961,229",2022,2022-07-10,191,,0,-16.593016008100882,778594,-9.797549936143323,778594,-6.795466071957608,778594
Jagatsinghpur,JGS,1,"1_1_2_7_962,229",2022,2022-07-10,191,,0,-18.74536140765998,513858,-11.4822364040652,513858,-7.263125003594822,513858
Jagatsinghpur,JGS,1,"1_1_2_7_963,229",2022,2022-07-10,191,,0,-16.795864632162854,55675,-10.457007052166707,55675,-6.338857579996201,55675
Jagatsinghpur,JGS,1,"1_1_2_7_964,229",2022,2022-07-10,191,,0,,0,,0,,0
Jagatsinghpur,JGS,1,"1_1_2_7_957,230",2022,2022-07-10,191,,0,-15.203390849560444,620511,-9.082994831691167,620511,-6.12039601786924,620511
Jagatsinghpur,JGS,1,"1_1_2_7_958,230",2022,2022-07-10,191,,0,-15.343262599360639,574078,-8.856021793895948,574078,-6.487240805464716,574078
Jagatsinghpur,JGS,1,"1_1_2_7_959,230",2022,2022-07-10,191,,0,-16.088771908033998,640106,-9.287250477891098,640106,-6.801521430142905,640106
Jagatsinghpur,JGS,1,"1_1_2_7_960,230",2022,2022-07-10,191,,0,-15.991924846679947,679387,-9.039042622645287,679387,-6.952882224034724,679387
Jagatsinghpur,JGS,1,"1_1_2_7_961,230",2022,2022-07-10,191,,0,-15.252904871926278,712352,-8.90174277654553,712352,-6.351162095380734,712352
Jagatsinghpur,JGS,1,"1_1_2_7_962,230",2022,2022-07-10,191,,0,-16.55369457645815,741892,-9.85640004814036,741892,-6.697294528317821,741892
Jagatsinghpur,JGS,1,"1_1_2_7_963,230",2022,2022-07-10,191,,0,-16.409573028793385,601275,-9.930030785507007,601275,-6.479542243286401,601275
Jagatsinghpur,JGS,1,"1_1_2_7_964,230",2022,2022-07-10,191,,0,-17.364301307278065,125259,-11.028633363511819,125259,-6.335667943766285,125259
Jagatsinghpur,JGS,1,"1_1_2_7_965,230",2022,2022-07-10,191,,0,-18.405604448512282,10328,-11.72721412048864,10328,-6.678390328023617,10328
Jagatsinghpur,JGS,1,"1_1_2_7_957,231",2022,2022-07-10,191,,0,-15.817814075211764,535010,-9.378980771152765,535010,-6.438833304059031,535010
Jagatsinghpur,JGS,1,"1_1_2_7_958,231",2022,2022-07-10,191,,0,-15.501180568038757,649727,-8.661226558910759,649727,-6.839954009128004,649727
Jagatsinghpur,JGS,1,"1_1_2_7_959,231",2022,2022-07-10,191,,0,-15.562523095628118,544379,-8.944936105420929,544379,-6.617586990207187,544379
Jagatsinghpur,JGS,1,"1_1_2_7_960,231",2022,2022-07-10,191,,0,-15.383364628107296,525591,-8.551254550486632,525591,-6.832110077620678,525591
Jagatsinghpur,JGS,1,"1_1_2_7_961,231",2022,2022-07-10,191,,0,-15.682841162708128,638601,-8.674216278196422,638601,-7.008624884511766,638601
Jagatsinghpur,JGS,1,"1_1_2_7_962,231",2022,2022-07-10,191,,0,-16.513052191895152,661478,-9.801059746249658,661478,-6.71199244564545,661478
Jagatsinghpur,JGS,1,"1_1_2_7_963,231",2022,2022-07-10,191,,0,-16.265431457174866,623890,-9.60105998445377,623890,-6.664371472721099,623890
Jagatsinghpur,JGS,1,"1_1_2_7_964,231",2022,2022-07-10,191,,0,-17.574786562588063,543323,-10.564930359649722,543323,-7.009856202938324,543323
Jagatsinghpur,JGS,1,"1_1_2_8_961,226",2022,2022-07-20,201,0.37265886616531413,2423,-22.55111062312514,12383,-12.357418240257998,12383,-10.193692382867061,12383
Jagatsinghpur,JGS,1,"1_1_2_8_959,227",2022,2022-07-20,201,0.5358059294434334,197607,-15.713528380328098,510204,-8.91354990518134,510204,-6.7999784751467445,510204
Jagatsinghpur,JGS,1,"1_1_2_8_960,227",2022,2022-07-20,201,0.40577806356676743,302238,-17.37464486107444,432279,-9.986849439439377,432279,-7.387795421635056,432279
Jagatsinghpur,JGS,1,"1_1_2_8_961,227",2022,2022-07-20,201,0.26113022918192874,316110,-20.51329220831984,447583,-11.724002031843613,447583,-8.78929017647622,447583
Jagatsinghpur,JGS,1,"1_1_2_8_962,227",2022,2022-07-20,201,0.4451110411074854,93,-18.971807238114064,786,-10.55357044962785,786,-8.4182367884862,786
Jagatsinghpur,JGS,1,"1_1_2_8_958,228",2022,2022-07-20,201,0.4887045876694523,255422,-16.130326921776692,657750,-9.227693831231294,657750,-6.902633090545378,657750
Jagatsinghpur,JGS,1,"1_1_2_8_959,228",2022,2022-07-20,201,0.3908321523078529,347092,-16.712448050108026,653265,-9.529129603570896,653265,-7.183318446537138,653265
Jagatsinghpur,JGS,1,"1_1_2_8_960,228",2022,2022-07-20,201,0.37522486916828424,263474,-16.816595993267324,693526,-9.647267236188979,693526,-7.1693287570783335,693526
Jagatsinghpur,JGS,1,"1_1_2_8_961,228",2022,2022-07-20,201,0.19311882271052433,411859,-20.788309752462666,728813,-11.742613181961788,728813,-9.045696570500889,728813
Jagatsinghpur,JGS,1,"1_1_2_8_962,228",2022,2022-07-20,201,0.17153872556708555,24957,-21.772389027369737,246956,-11.310214675319665,246956,-10.462174352050035,246956
Jagatsinghpur,JGS,1,"1_1_2_8_958,229",2022,2022-07-20,201,0.3906614871125065,287836,-16.7145776559272,604467,-9.646941586891575,604467,-7.067636069035625,604467
Jagatsinghpur,JGS,1,"1_1_2_8_959,229",2022,2022-07-20,201,0.32409997541973895,313464,-18.036269211450737,604967,-10.316190030793521,604967,-7.720079180657227,604967
Jagatsinghpur,JGS,1,"1_1_2_8_960,229",2022,2022-07-20,201,0.3005029152176197,358691,-17.71581804285561,733746,-10.115810731077541,733746,-7.600007311778094,733746
Jagatsinghpur,JGS,1,"1_1_2_8_961,229",2022,2022-07-20,201,0.2858230447237493,150168,-20.254483502116837,778594,-10.062253494127035,778594,-10.192230007989814,778594
Jagatsinghpur,JGS,1,"1_1_2_8_962,229",2022,2022-07-20,201,0.22281014632329826,4832,-22.171190504217268,513858,-11.225830030476846,513858,-10.945360473740354,513858
Jagatsinghpur,JGS,1,"1_1_2_8_963,229",2022,2022-07-20,201,0.627211896655588,1027,-20.100364065974084,55675,-9.745729543820769,55675,-10.354634522153313,55675
Jagatsinghpur,JGS,1,"1_1_2_8_964,229",2022,2022-07-20,201,,0,,0,,0,,0
Jagatsinghpur,JGS,1,"1_1_2_8_957,230",2022,2022-07-20,201,0.4539114085855197,292445,-16.342996448425716,620511,-9.706350300494908,620511,-6.636646147930814,620511
Jagatsinghpur,JGS,1,"1_1_2_8_958,230",2022,2022-07-20,201,0.41685837439661255,308307,-16.594930609457716,574078,-9.634235939557833,574078,-6.960694669899889,574078
Jagatsinghpur,JGS,1,"1_1_2_8_959,230",2022,2022-07-20,201,0.25067388163830645,372505,-18.496160901185192,640106,-10.692387784118107,640106,-7.803773117067154,640106
Jagatsinghpur,JGS,1,"1_1_2_8_960,230",2022,2022-07-20,201,0.303670506100576,349485,-18.192149687195606,679387,-10.451141367138051,679387,-7.741008320057557,679387
Jagatsinghpur,JGS,1,"1_1_2_8_961,230",2022,2022-07-20,201,0.35322064923991126,182880,-17.818917741210246,712352,-9.716977486066716,712352,-8.101940255143571,712352
Jagatsinghpur,JGS,1,"1_1_2_8_962,230",2022,2022-07-20,201,0.3304272223093447,94838,-19.392532402432945,741892,-10.206126933623551,741892,-9.186405468809417,741892
Jagatsinghpur,JGS,1,"1_1_2_8_963,230",2022,2022-07-20,201,0.17929498943625172,1576,-19.22741289789389,601275,-9.608860697999981,601275,-9.618552199893859,601275
Jagatsinghpur,JGS,1,"1_1_2_8_964,230",2022,2022-07-20,201,0.4587851665127018,3394,-17.92683584754746,125259,-10.290221928948569,125259,-7.636613918598851,125259
Jagatsinghpur,JGS,1,"1_1_2_8_965,230",2022,2022-07-20,201,0.3267984895881051,6721,-16.61451966679421,10328,-10.729881618165383,10328,-5.884638048628807,10328
Jagatsinghpur,JGS,1,"1_1_2_8_957,231",2022,2022-07-20,201,0.38463518352666537,190042,-17.33880513529951,535010,-10.1096585876257,535010,-7.229146547673777,535010
Jagatsinghpur,JGS,1,"1_1_2_8_958,231",2022,2022-07-20,201,0.3652145973221599,359836,-17.366371415980595,649727,-9.91456010172983,649727,-7.451811314250753,649727
Jagatsinghpur,JGS,1,"1_1_2_8_959,231",2022,2022-07-20,201,0.399388175659951,352089,-16.533655819816595,544379,-9.354323862591048,544379,-7.179331957225555,544379
Jagatsinghpur,JGS,1,"1_1_2_8_960,231",2022,2022-07-20,201,0.4308654752369718,325777,-16.427031176051162,525591,-9.239443065015218,525591,-7.18758811103594,525591
Jagatsinghpur,JGS,1,"1_1_2_8_961,231",2022,2022-07-20,201,0.45890628033098524,464471,-16.615800997758868,638601,-9.3793824045643,638601,-7.236418593194582,638601
Jagatsinghpur,JGS,1,"1_1_2_8_962,231",2022,2022-07-20,201,0.42779626295377116,362187,-17.81278132390753,661478,-9.819479743799603,661478,-7.993301580107954,661478
Jagatsinghpur,JGS,1,"1_1_2_8_963,231",2022,2022-07-20,201,0.4063533307997931,210343,-16.688605714062078,623890,-9.325786923031142,623890,-7.362818791030888,623890
Jagatsinghpur,JGS,1,"1_1_2_8_964,231",2022,2022-07-20,201,0.2572439942066937,101460,-19.281402591841392,543323,-11.130461539665005,543323,-8.150941052176368,543323
Jagatsinghpur,JGS,1,"1_1_2_9_961,226",2022,2022-07-30,211,0.48973080744228226,12225,-18.865937982496483,12383,-9.08009470171766,12383,-9.785843280778757,12383
Jagatsinghpur,JGS,1,"1_1_2_9_959,227",2022,2022-07-30,211,0.5455459244549705,221086,-16.732093219223653,510204,-10.60131269871598,510204,-6.130780520507655,510204
Jagatsinghpur,JGS,1,"1_1_2_9_960,227",2022,2022-07-30,211,0.43821109337964387,207870,-17.11242611766216,432279,-10.420506541502933,432279,-6.691919576159209,432279
Jagatsinghpur,JGS,1,"1_1_2_9_961,227",2022,2022-07-30,211,0.3059840048988913,180299,-18.799319279417784,447583,-10.598804518451155,447583,-8.200514760966648,447583
Jagatsinghpur,JGS,1,"1_1_2_9_962,227",2022,2022-07-30,211,0.16479741048905083,735,-20.66770759431052,786,-13.102895141148785,786,-7.564812453161735,786
Jagatsinghpur,JGS,1,"1_1_2_9_958,228",2022,2022-07-30,211,0.42197630029466826,513942,-17.737771458453672,657750,-10.951003346833236,657750,-6.786768111620445,657750
Jagatsinghpur,JGS,1,"1_1_2_9_959,228",2022,2022-07-30,211,0.4332203234744009,607984,-17.61407884692529,653265,-10.63596827763101,653265,-6.978110569294284,653265
Jagatsinghpur,JGS,1,"1_1_2_9_960,228",2022,2022-07-30,211,0.41009409550898684,490949,-17.876561117013193,693526,-10.867079437841742,693526,-7.009481679171449,693526
Jagatsinghpur,JGS,1,"1_1_2_9_961,228",2022,2022-07-30,211,0.24289139863297504,394526,-19.692640597719354,728813,-11.558899599521075,728813,-8.133740998198297,728813
Jagatsinghpur,JGS,1,"1_1_2_9_962,228",2022,2022-07-30,211,0.22808746632467508,103953,-21.669316203737022,246956,-12.755476286491774,246956,-8.913839917245257,246956
Jagatsinghpur,JGS,1,"1_1_2_9_958,229",2022,2022-07-30,211,0.3908814369640197,524302,-18.452824262800156,604467,-11.421519618286014,604467,-7.031304644514115,604467
Jagatsinghpur,JGS,1,"1_1_2_9_959,229",2022,2022-07-30,211,0.323882348596969,442503,-19.206166671257485,604967,-11.555532268349435,604967,-7.650634402908035,604967
Jagatsinghpur,JGS,1,"1_1_2_9_960,229",2022,2022-07-30,211,0.25687770554434314,407548,-19.35117918154699,733746,-11.64293333048859,733746,-7.708245851058413,733746
Jagatsinghpur,JGS,1,"1_1_2_9_961,229",2022,2022-07-30,211,0.31180915329634884,282789,-18.898897269632258,778594,-10.752666587143983,778594,-8.146230682488248,778594
Jagatsinghpur,JGS,1,"1_1_2_9_962,229",2022,2022-07-30,211,0.32774276389195256,217545,-19.75455716655722,513858,-11.861424721502052,513858,-7.893132445055112,513858
Jagatsinghpur,JGS,1,"1_1_2_9_963,229",2022,2022-07-30,211,0.6284509876879119,24520,-16.997357949304902,55675,-10.229172374489304,55675,-6.768185574815657,55675
Jagatsinghpur,JGS,1,"1_1_2_9_964,229",2022,2022-07-30,211,,0,,0,,0,,0
Jagatsinghpur,JGS,1,"1_1_2_9_957,230",2022,2022-07-30,211,0.3853938729969988,462174,-18.058669506880825,620511,-11.309782840287612,620511,-6.74888666659318,620511
Jagatsinghpur,JGS,1,"1_1_2_9_958,230",2022,2022-07-30,211,0.4064172210825689,442468,-17.817402923607016,574078,-10.821189554380483,574078,-6.996213369226541,574078
Jagatsinghpur,JGS,1,"1_1_2_9_959,230",2022,2022-07-30,211,0.2557611802616725,346540,-19.652993993604838,640106,-11.905236297930346,640106,-7.747757695674552,640106
Jagatsinghpur,JGS,1,"1_1_2_9_960,230",2022,2022-07-30,211,0.2720490045648031,444456,-19.38907074012372,679387,-11.678046641174017,679387,-7.71102409894969,679387
Jagatsinghpur,JGS,1,"1_1_2_9_961,230",2022,2022-07-30,211,0.3211752914970919,398252,-19.037745894173316,712352,-11.545140557994788,712352,-7.492605336178494,712352
Jagatsinghpur,JGS,1,"1_1_2_9_962,230",2022,2022-07-30,211,0.3795377673216038,387154,-18.33576216407543,741892,-10.732364438495182,741892,-7.603397725580227,741892
Jagatsinghpur,JGS,1,"1_1_2_9_963,230",2022,2022-07-30,211,0.508820035716308,393088,-17.474517592498866,601275,-10.024990278743916,601275,-7.4495273137549605,601275
Jagatsinghpur,JGS,1,"1_1_2_9_964,230",2022,2022-07-30,211,0.55355317166024,69311,-17.465985323162766,125259,-10.841029367943166,125259,-6.624955955219619,125259
Jagatsinghpur,JGS,1,"1_1_2_9_965,230",2022,2022-07-30,211,0.577656987426256,123,-16.895669597574027,10328,-11.188400490243323,10328,-5.7072691073306645,10328
Jagatsinghpur,JGS,1,"1_1_2_9_957,231",2022,2022-07-30,211,0.31246584398077093,384385,-19.09757841532394,522768,-12.060645219677415,522768,-7.036933195646496,522768
Jagatsinghpur,JGS,1,"1_1_2_9_958,231",2022,2022-07-30,211,0.30355272396693983,462121,-19.120924160218138,649727,-11.783454577108781,649727,-7.3374695831093755,649727
Jagatsinghpur,JGS,1,"1_1_2_9_959,231",2022,2022-07-30,211,0.36837307732292707,315621,-18.125627956539887,544379,-10.992161580585876,544379,-7.133466375954035,544379
Jagatsinghpur,JGS,1,"1_1_2_9_960,231",2022,2022-07-30,211,0.466015549036043,472287,-17.1372776291094,525591,-10.176103468646568,525591,-6.961174160462843,525591
Jagatsinghpur,JGS,1,"1_1_2_9_961,231",2022,2022-07-30,211,0.544379517701677,455355,-16.415395874027706,638601,-9.546182914976427,638601,-6.869212959051286,638601
Jagatsinghpur,JGS,1,"1_1_2_9_962,231",2022,2022-07-30,211,0.49812554859797015,383310,-16.790292465690307,661478,-9.6742351239203,661478,-7.116057341770038,661478
Jagatsinghpur,JGS,1,"1_1_2_9_963,231",2022,2022-07-30,211,0.48273579248418663,350775,-16.121381829291895,623890,-9.70377273028542,623890,-6.417609099006509,623890
Jagatsinghpur,JGS,1,"1_1_2_9_964,231",2022,2022-07-30,211,0.3781138690641564,236031,-17.895171120258794,543323,-10.776536834450614,543323,-7.118634285808106,543323
Jagatsinghpur,JGS,1,"1_1_2_10_961,226",2022,2022-08-09,221,,0,-25.502351892407166,12383,-13.66984597884729,12383,-11.832505913559837,12383
Jagatsinghpur,JGS,1,"1_1_2_10_959,227",2022,2022-08-09,221,,0,-18.914215192962402,510204,-11.47531434615054,510204,-7.438900846811875,510204
Jagatsinghpur,JGS,1,"1_1_2_10_960,227",2022,2022-08-09,221,,0,-22.212295190444916,432279,-14.446224753086717,432279,-7.766070437358222,432279
Jagatsinghpur,JGS,1,"1_1_2_10_961,227",2022,2022-08-09,221,,0,-26.184358911303008,447583,-15.610329985569395,447583,-10.574028925733657,447583
Jagatsinghpur,JGS,1,"1_1_2_10_962,227",2022,2022-08-09,221,,0,-20.68866427164086,786,-14.158814803114604,786,-6.529849468526251,786
Jagatsinghpur,JGS,1,"1_1_2_10_958,228",2022,2022-08-09,221,,0,-19.830405430080994,657750,-12.28502166090173,657750,-7.545383769179263,657750
Jagatsinghpur,JGS,1,"1_1_2_10_959,228",2022,2022-08-09,221,,0,-21.192230919835534,653265,-13.354647661767608,653265,-7.8375832580679345,653265
Jagatsinghpur,JGS,1,"1_1_2_10_960,228",2022,2022-08-09,221,,0,-21.82830658864417,693526,-13.93643267163029,693526,-7.891873917013964,693526
Jagatsinghpur,JGS,1,"1_1_2_10_961,228",2022,2022-08-09,221,,0,-26.604584491855878,728813,-16.744675320327424,728813,-9.859909171528377,728813
Jagatsinghpur,JGS,1,"1_1_2_10_962,228",2022,2022-08-09,221,,0,-25.51779565469617,246956,-15.210083814316562,246956,-10.307711840379639,246956
Jagatsinghpur,JGS,1,"1_1_2_10_958,229",2022,2022-08-09,221,,0,-19.934735544829273,604467,-12.401625949080023,604467,-7.533109595749299,604467
Jagatsinghpur,JGS,1,"1_1_2_10_959,229",2022,2022-08-09,221,,0,-21.762386754872903,604967,-13.940664714517588,604967,-7.821722040355299,604967
Jagatsinghpur,JGS,1,"1_1_2_10_960,229",2022,2022-08-09,221,,0,-22.346478523752403,733746,-14.31475645257517,733746,-8.031722071177231,733746
Jagatsinghpur,JGS,1,"1_1_2_10_961,229",2022,2022-08-09,221,,0,-25.579191632226756,778594,-14.896762544424833,778594,-10.682429087801971,778594
Jagatsinghpur,JGS,1,"1_1_2_10_962,229",2022,2022-08-09,221,,0,-26.636389752234383,513858,-16.301658567953343,513858,-10.334731184281132,513858
Jagatsinghpur,JGS,1,"1_1_2_10_963,229",2022,2022-08-09,221,,0,-24.402823348801807,55675,-11.604572845076603,55675,-12.798250503725106,55675
Jagatsinghpur,JGS,1,"1_1_2_10_964,229",2022,2022-08-09,221,,0,,0,,0,,0
Jagatsinghpur,JGS,1,"1_1_2_10_957,230",2022,2022-08-09,221,,0,-20.04482181064183,620511,-12.797053687090289,620511,-7.247768123551526,620511
Jagatsinghpur,JGS,1,"1_1_2_10_958,230",2022,2022-08-09,221,,0,-20.67165013744587,574078,-13.26057187809159,574078,-7.4110782593543165,574078
Jagatsinghpur,JGS,1,"1_1_2_10_959,230",2022,2022-08-09,221,,0,-21.87862482736226,640106,-13.946312729231472,640106,-7.9323120981307245,640106
Jagatsinghpur,JGS,1,"1_1_2_10_960,230",2022,2022-08-09,221,,0,-21.79580135165221,679387,-13.906236628260237,679387,-7.8895647233920085,679387
Jagatsinghpur,JGS,1,"1_1_2_10_961,230",2022,2022-08-09,221,,0,-23.8347519474591,712352,-14.94257604061743,712352,-8.892175906841713,712352
Jagatsinghpur,JGS,1,"1_1_2_10_962,230",2022,2022-08-09,221,,0,-25.45195171976783,741892,-15.078978177254154,741892,-10.372973542513721,741892
Jagatsinghpur,JGS,1,"1_1_2_10_963,230",2022,2022-08-09,221,,0,-23.087011646451312,601275,-12.334763562104252,601275,-10.752248084347015,601275
Jagatsinghpur,JGS,1,"1_1_2_10_964,230",2022,2022-08-09,221,,0,-19.58142533694611,125259,-10.957170809373427,125259,-8.624254527572695,125259
Jagatsinghpur,JGS,1,"1_1_2_10_965,230",2022,2022-08-09,221,,0,-16.941276815474865,10328,-11.04448462170429,10328,-5.89679219377056,10328
Jagatsinghpur,JGS,1,"1_1_2_10_957,231",2022,2022-08-09,221,,0,-20.393736277111685,535010,-13.048327294797812,535010,-7.345408982313891,535010
Jagatsinghpur,JGS,1,"1_1_2_10_958,231",2022,2022-08-09,221,,0,-20.94829738592949,649727,-13.154941362168257,649727,-7.793356023761247,649727
Jagatsinghpur,JGS,1,"1_1_2_10_959,231",2022,2022-08-09,221,,0,-20.25175048982601,544379,-12.568938915490795,544379,-7.6828115743351635,544379
Jagatsinghpur,JGS,1,"1_1_2_10_960,231",2022,2022-08-09,221,,0,-19.887844662246916,525591,-12.041141202479219,525591,-7.846703459767654,525591
Jagatsinghpur,JGS,1,"1_1_2_10_961,231",2022,2022-08-09,221,,0,-21.809621084328555,638601,-13.322423194586204,638601,-8.487197889742374,638601
Jagatsinghpur,JGS,1,"1_1_2_10_962,231",2022,2022-08-09,221,,0,-24.120026645069274,661478,-14.788985687642972,661478,-9.331040957426376,661478
Jagatsinghpur,JGS,1,"1_1_2_10_963,231",2022,2022-08-09,221,,0,-23.866194819173586,623890,-14.551984360996954,623890,-9.314210458176643,623890
Jagatsinghpur,JGS,1,"1_1_2_10_964,231",2022,2022-08-09,221,,0,-24.365459543145366,543323,-15.038109467443531,543323,-9.327350075701865,543323
Jagatsinghpur,JGS,1,"1_1_2_11_961,226",2022,2022-08-19,231,0.40935799936297107,2376,-18.51700305152568,12383,-8.714976064632735,12383,-9.802026986893015,12383
Jagatsinghpur,JGS,1,"1_1_2_11_959,227",2022,2022-08-19,231,0.3525827453823853,94648,-19.99672003182083,510204,-12.492372303347228,510204,-7.504347728473602,510204
Jagatsinghpur,JGS,1,"1_1_2_11_960,227",2022,2022-08-19,231,0.20976815601660553,75287,-19.99120963524477,432279,-12.59079714046221,432279,-7.400412494782531,432279
Jagatsinghpur,JGS,1,"1_1_2_11_961,227",2022,2022-08-19,231,0.20238240710199845,33874,-19.491117290909102,447583,-11.204296535206415,447583,-8.286820755702644,447583
Jagatsinghpur,JGS,1,"1_1_2_11_962,227",2022,2022-08-19,231,,0,-21.46557875653693,786,-13.50214376394286,786,-7.963434992594071,786
Jagatsinghpur,JGS,1,"1_1_2_11_958,228",2022,2022-08-19,231,0.3031073023474672,195266,-19.913538694899817,657750,-12.205905742095158,657750,-7.707632952804668,657750
Jagatsinghpur,JGS,1,"1_1_2_11_959,228",2022,2022-08-19,231,0.15603263929514444,142990,-21.134468436381432,653265,-13.84241470394509,653265,-7.292053732436263,653265
Jagatsinghpur,JGS,1,"1_1_2_11_960,228",2022,2022-08-19,231,0.14805057981218614,287288,-20.33916249162926,693526,-12.94006088957168,693526,-7.399101602057616,693526
Jagatsinghpur,JGS,1,"1_1_2_11_961,228",2022,2022-08-19,231,0.21031873089937012,21892,-20.169894289879682,728813,-11.56572393523863,728813,-8.604170354641031,728813
Jagatsinghpur,JGS,1,"1_1_2_11_962,228",2022,2022-08-19,231,0.31641898288137504,71157,-20.30141457613779,246956,-12.429428371114197,246956,-7.871986205023637,246956
Jagatsinghpur,JGS,1,"1_1_2_11_958,229",2022,2022-08-19,231,0.336744777495033,252876,-19.666478895994114,604467,-12.247712589713279,604467,-7.418766306280869,604467
Jagatsinghpur,JGS,1,"1_1_2_11_959,229",2022,2022-08-19,231,0.24196273830382986,139744,-20.795928217551573,604967,-12.74140245798518,604967,-8.054525759566374,604967
Jagatsinghpur,JGS,1,"1_1_2_11_960,229",2022,2022-08-19,231,0.19621433413180747,210896,-20.343571856266855,733746,-12.55449918112199,733746,-7.7890726751449115,733746
Jagatsinghpur,JGS,1,"1_1_2_11_961,229",2022,2022-08-19,231,0.21727209131874728,91114,-18.676353823386187,778594,-10.79519168480113,778594,-7.881162138585002,778594
Jagatsinghpur,JGS,1,"1_1_2_11_962,229",2022,2022-08-19,231,0.2879233457514173,28026,-19.205488071940536,513858,-11.644954043312213,513858,-7.56053402862827,513858
Jagatsinghpur,JGS,1,"1_1_2_11_963,229",2022,2022-08-19,231,0.43827586938724195,326,-17.02803640959556,55675,-10.251121609843155,55675,-6.776914799752414,55675
Jagatsinghpur,JGS,1,"1_1_2_11_964,229",2022,2022-08-19,231,,0,,0,,0,,0
Jagatsinghpur,JGS,1,"1_1_2_11_957,230",2022,2022-08-19,231,0.3554171458017318,497291,-19.01245792051764,620511,-11.3020294596102,620511,-7.710428460907478,620511
Jagatsinghpur,JGS,1,"1_1_2_11_958,230",2022,2022-08-19,231,0.21889432273105594,257793,-20.325350839573854,574078,-12.688273351059713,574078,-7.637077488514175,574078
Jagatsinghpur,JGS,1,"1_1_2_11_959,230",2022,2022-08-19,231,0.1913610946041127,204807,-20.860786583175653,640106,-12.718972349350105,640106,-8.141814233825592,640106
Jagatsinghpur,JGS,1,"1_1_2_11_960,230",2022,2022-08-19,231,0.2654458966867391,208527,-20.146299916461686,679387,-12.056586710516834,679387,-8.089713205944882,679387
Jagatsinghpur,JGS,1,"1_1_2_11_961,230",2022,2022-08-19,231,0.1850953524016224,116675,-19.930881223580936,712352,-11.726991056626623,712352,-8.203890166954293,712352
Jagatsinghpur,JGS,1,"1_1_2_11_962,230",2022,2022-08-19,231,-0.03641707144561224,58,-19.219584146697283,741892,-10.67033620968267,741892,-8.549247937014572,741892
Jagatsinghpur,JGS,1,"1_1_2_11_963,230",2022,2022-08-19,231,0.5079726955888155,10331,-18.81480290064333,601275,-9.78984856152116,601275,-9.02495433912214,601275
Jagatsinghpur,JGS,1,"1_1_2_11_964,230",2022,2022-08-19,231,0.44941432959531935,16472,-17.397747639765896,125259,-10.414239944006392,125259,-6.983507695759504,125259
Jagatsinghpur,JGS,1,"1_1_2_11_965,230",2022,2022-08-19,231,0.32161040951772896,7210,-16.420043931834066,10328,-11.112523599530192,10328,-5.307520332303878,10328
Jagatsinghpur,JGS,1,"1_1_2_11_957,231",2022,2022-08-19,231,0.30443999389649434,317562,-19.777852415993905,535010,-11.867755623549986,535010,-7.910096792443921,535010
Jagatsinghpur,JGS,1,"1_1_2_11_958,231",2022,2022-08-19,231,0.2545723736033122,588544,-20.141853233883502,649727,-12.099840799340091,649727,-8.042012434543425,649727
Jagatsinghpur,JGS,1,"1_1_2_11_959,231",2022,2022-08-19,231,0.18738471938016865,378595,-20.08620297152632,544379,-12.254988581632213,544379,-7.8312143898941695,544379
Jagatsinghpur,JGS,1,"1_1_2_11_960,231",2022,2022-08-19,231,0.25667898198130107,353137,-19.4727472810601,525591,-11.666083444422329,525591,-7.806663836637755,525591
Jagatsinghpur,JGS,1,"1_1_2_11_961,231",2022,2022-08-19,231,0.19670537819825057,228922,-19.79661628479463,638601,-11.930572854633201,638601,-7.866043430161429,638601
Jagatsinghpur,JGS,1,"1_1_2_11_962,231",2022,2022-08-19,231,0.018845747400291542,33788,-19.9612855177729,661478,-11.366166654246612,661478,-8.595118863526231,661478
Jagatsinghpur,JGS,1,"1_1_2_11_963,231",2022,2022-08-19,231,-0.08196435632095202,138430,-20.3501503817338,623890,-11.705756266449805,623890,-8.64439411528388,623890
Jagatsinghpur,JGS,1,"1_1_2_11_964,231",2022,2022-08-19,231,-0.06366071893909825,362799,-19.013169023436667,543323,-11.567659138515706,543323,-7.445509884920949,543323
Jagatsinghpur,JGS,1,"1_1_2_12_961,226",2022,2022-08-29,241,0.49607569126739803,9277,,0,,0,,0
Jagatsinghpur,JGS,1,"1_1_2_12_959,227",2022,2022-08-29,241,0.3864105795871743,376170,-18.34886491396095,510204,-10.514562378711759,510204,-7.834302535249171,510204
Jagatsinghpur,JGS,1,"1_1_2_12_960,227",2022,2022-08-29,241,0.36820058571815306,322769,-17.816600474100674,297195,-10.066227599553267,297195,-7.750372874547398,297195
Jagatsinghpur,JGS,1,"1_1_2_12_961,227",2022,2022-08-29,241,0.39452474506615426,300506,,0,,0,,0
Jagatsinghpur,JGS,1,"1_1_2_12_962,227",2022,2022-08-29,241,0.5460130721330643,46,,0,,0,,0
Jagatsinghpur,JGS,1,"1_1_2_12_958,228",2022,2022-08-29,241,0.4395084560988479,620650,-18.05081794787462,657750,-10.373704648838624,657750,-7.6771132990360265,657750
Jagatsinghpur,JGS,1,"1_1_2_12_959,228",2022,2022-08-29,241,0.32899975938038656,583080,-18.175522731824426,653265,-9.936838714630525,653265,-8.238684017193876,653265
Jagatsinghpur,JGS,1,"1_1_2_12_960,228",2022,2022-08-29,241,0.34284400527620396,436258,-17.896690755823297,550544,-9.995451385814745,550544,-7.901239370008612,550544
Jagatsinghpur,JGS,1,"1_1_2_12_961,228",2022,2022-08-29,241,0.34553603911947134,366909,,0,,0,,0
Jagatsinghpur,JGS,1,"1_1_2_12_962,228",2022,2022-08-29,241,0.5313354151827794,56549,,0,,0,,0
Jagatsinghpur,JGS,1,"1_1_2_12_958,229",2022,2022-08-29,241,0.4939663245657028,567061,-17.809835419708524,604467,-10.301002957777131,604467,-7.508832461931442,604467
Jagatsinghpur,JGS,1,"1_1_2_12_959,229",2022,2022-08-29,241,0.40355834266750246,518147,-18.854699946439034,604967,-10.59456686282896,604967,-8.260133083610098,604967
Jagatsinghpur,JGS,1,"1_1_2_12_960,229",2022,2022-08-29,241,0.34823380523222575,569937,-18.60653293794486,714100,-11.308806280376068,714100,-7.297726657568816,714100
Jagatsinghpur,JGS,1,"1_1_2_12_961,229",2022,2022-08-29,241,0.4286957401242014,462326,-19.5272936431868,17514,-12.443158689477297,17514,-7.084134953709476,17514
Jagatsinghpur,JGS,1,"1_1_2_12_962,229",2022,2022-08-29,241,0.5296593083345376,323004,,0,,0,,0
Jagatsinghpur,JGS,1,"1_1_2_12_963,229",2022,2022-08-29,241,0.6691724722075452,39947,,0,,0,,0
Jagatsinghpur,JGS,1,"1_1_2_12_964,229",2022,2022-08-29,241,,0,,0,,0,,0
Jagatsinghpur,JGS,1,"1_1_2_12_957,230",2022,2022-08-29,241,0.4995598425400174,608141,-18.15180375133356,620511,-10.418816196312694,620511,-7.732987555020868,620511
Jagatsinghpur,JGS,1,"1_1_2_12_958,230",2022,2022-08-29,241,0.3763718352176326,538359,-18.729596230979492,574078,-10.62703554065613,574078,-8.10256069032338,574078
Jagatsinghpur,JGS,1,"1_1_2_12_959,230",2022,2022-08-29,241,0.3359013557465737,592080,-19.18548835051146,640106,-10.898694552759544,640106,-8.286793797751898,640106
Jagatsinghpur,JGS,1,"1_1_2_12_960,230",2022,2022-08-29,241,0.39489961512600685,536157,-18.570610048641623,679387,-10.751913414531566,679387,-7.818696634109996,679387
Jagatsinghpur,JGS,1,"1_1_2_12_961,230",2022,2022-08-29,241,0.356810881773656,402968,-18.893374310782814,131150,-11.527777345054165,131150,-7.3655969657285905,131150
Jagatsinghpur,JGS,1,"1_1_2_12_962,230",2022,2022-08-29,241,0.444714868010388,395788,,0,,0,,0
Jagatsinghpur,JGS,1,"1_1_2_12_963,230",2022,2022-08-29,241,0.5970112070163993,237781,,0,,0,,0
Jagatsinghpur,JGS,1,"1_1_2_12_964,230",2022,2022-08-29,241,0.599139884169517,108906,,0,,0,,0
Jagatsinghpur,JGS,1,"1_1_2_12_965,230",2022,2022-08-29,241,0.5329977520127075,9368,,0,,0,,0
Jagatsinghpur,JGS,1,"1_1_2_12_957,231",2022,2022-08-29,241,0.4173824193442795,498427,-19.030037873277614,535010,-11.172371522748428,535010,-7.857666350529201,535010
Jagatsinghpur,JGS,1,"1_1_2_12_958,231",2022,2022-08-29,241,0.4050158516230719,629521,-18.977679403799677,649727,-11.012164491572317,649727,-7.965514912227374,649727
Jagatsinghpur,JGS,1,"1_1_2_12_959,231",2022,2022-08-29,241,0.38985743160011405,535065,-18.702968140231135,544379,-10.647064199620452,544379,-8.05590394061068,544379
Jagatsinghpur,JGS,1,"1_1_2_12_960,231",2022,2022-08-29,241,0.44254706164033275,502543,-17.47478039492762,525591,-9.822102641237633,525591,-7.6526777536900115,525591
Jagatsinghpur,JGS,1,"1_1_2_12_961,231",2022,2022-08-29,241,0.4112240311289248,509837,-17.387720427210745,252203,-9.867556335184766,252203,-7.520164092026088,252203
Jagatsinghpur,JGS,1,"1_1_2_12_962,231",2022,2022-08-29,241,0.39248012337848664,421409,,0,,0,,0
Jagatsinghpur,JGS,1,"1_1_2_12_963,231",2022,2022-08-29,241,0.3351452468420146,268713,,0,,0,,0
Jagatsinghpur,JGS,1,"1_1_2_12_964,231",2022,2022-08-29,241,0.39488804601842126,242808,,0,,0,,0
Jagatsinghpur,JGS,1,"1_1_2_13_961,226",2022,2022-09-08,251,,0,,0,,0,,0
Jagatsinghpur,JGS,1,"1_1_2_13_959,227",2022,2022-09-08,251,,0,-19.907091317165676,510204,-12.644956326518733,510204,-7.262134990646928,510204
Jagatsinghpur,JGS,1,"1_1_2_13_960,227",2022,2022-09-08,251,,0,-19.098178387305317,299736,-12.334757233034924,299736,-6.763421154270384,299736
Jagatsinghpur,JGS,1,"1_1_2_13_961,227",2022,2022-09-08,251,,0,,0,,0,,0
Jagatsinghpur,JGS,1,"1_1_2_13_962,227",2022,2022-09-08,251,,0,,0,,0,,0
Jagatsinghpur,JGS,1,"1_1_2_13_958,228",2022,2022-09-08,251,,0,-18.341299867989527,657750,-10.989457057582147,657750,-7.3518428104073825,657750
Jagatsinghpur,JGS,1,"1_1_2_13_959,228",2022,2022-09-08,251,,0,-20.184882496842917,653265,-13.225209083824309,653265,-6.959673413018703,653265
Jagatsinghpur,JGS,1,"1_1_2_13_960,228",2022,2022-09-08,251,,0,-19.940465789827496,555105,-13.472305831411138,555105,-6.468159958416321,555105
Jagatsinghpur,JGS,1,"1_1_2_13_961,228",2022,2022-09-08,251,,0,,0,,0,,0
Jagatsinghpur,JGS,1,"1_1_2_13_962,228",2022,2022-09-08,251,,0,,0,,0,,0
Jagatsinghpur,JGS,1,"1_1_2_13_958,229",2022,2022-09-08,251,,0,-17.637720321458232,604467,-10.412577412889995,604467,-7.2251429085682215,604467
Jagatsinghpur,JGS,1,"1_1_2_13_959,229",2022,2022-09-08,251,,0,-19.409214327887792,604967,-11.842401836804587,604967,-7.566812491083215,604967
Jagatsinghpur,JGS,1,"1_1_2_13_960,229",2022,2022-09-08,251,,0,-19.717940904830463,716047,-13.021537611399062,716047,-6.696403293431372,716047
Jagatsinghpur,JGS,1,"1_1_2_13_961,229",2022,2022-09-08,251,,0,-20.26342924762082,19900,-14.39011539089669,19900,-5.87331385672418,19900
Jagatsinghpur,JGS,1,"1_1_2_13_962,229",2022,2022-09-08,251,,0,,0,,0,,0
Jagatsinghpur,JGS,1,"1_1_2_13_963,229",2022,2022-09-08,251,,0,,0,,0,,0
Jagatsinghpur,JGS,1,"1_1_2_13_964,229",2022,2022-09-08,251,,0,,0,,0,,0
Jagatsinghpur,JGS,1,"1_1_2_13_957,230",2022,2022-09-08,251,,0,-17.856271595270922,620511,-10.357423427129355,620511,-7.498848168141613,620511
Jagatsinghpur,JGS,1,"1_1_2_13_958,230",2022,2022-09-08,251,,0,-18.764680672482655,574078,-10.777547706332728,574078,-7.987132966149864,574078
Jagatsinghpur,JGS,1,"1_1_2_13_959,230",2022,2022-09-08,251,,0,-19.61992823997006,640106,-11.71972016612661,640106,-7.900208073843431,640106
Jagatsinghpur,JGS,1,"1_1_2_13_960,230",2022,2022-09-08,251,,0,-19.198816796801026,679387,-12.113639296784047,679387,-7.085177500016933,679387
Jagatsinghpur,JGS,1,"1_1_2_13_961,230",2022,2022-09-08,251,,0,-19.630534610245427,135136,-13.174521069438919,135136,-6.4560135408064845,135136
Jagatsinghpur,JGS,1,"1_1_2_13_962,230",2022,2022-09-08,251,,0,,0,,0,,0
Jagatsinghpur,JGS,1,"1_1_2_13_963,230",2022,2022-09-08,251,,0,,0,,0,,0
Jagatsinghpur,JGS,1,"1_1_2_13_964,230",2022,2022-09-08,251,,0,,0,,0,,0
Jagatsinghpur,JGS,1,"1_1_2_13_965,230",2022,2022-09-08,251,,0,,0,,0,,0
Jagatsinghpur,JGS,1,"1_1_2_13_957,231",2022,2022-09-08,251,,0,-18.313198732438718,535010,-10.42704611656241,535010,-7.886152615876361,535010
Jagatsinghpur,JGS,1,"1_1_2_13_958,231",2022,2022-09-08,251,,0,-18.628008297638583,649727,-10.743969886171621,649727,-7.884038411466987,649727
Jagatsinghpur,JGS,1,"1_1_2_13_959,231",2022,2022-09-08,251,,0,-18.25609509344906,544379,-10.424185444244362,544379,-7.831909649204696,544379
Jagatsinghpur,JGS,1,"1_1_2_13_960,231",2022,2022-09-08,251,,0,-17.88561991616346,525591,-10.386606239351542,525591,-7.49901367681191,525591
Jagatsinghpur,JGS,1,"1_1_2_13_961,231",2022,2022-09-08,251,,0,-17.72960182003872,255585,-10.674910158607213,255585,-7.054691661431557,255585
Jagatsinghpur,JGS,1,"1_1_2_13_962,231",2022,2022-09-08,251,,0,,0,,0,,0
Jagatsinghpur,JGS,1,"1_1_2_13_963,231",2022,2022-09-08,251,,0,,0,,0,,0
Jagatsinghpur,JGS,1,"1_1_2_13_964,231",2022,2022-09-08,251,,0,,0,,0,,0
Jagatsinghpur,JGS,1,"1_1_2_14_961,226",2022,2022-09-18,261,0.6752306451030645,8466,-18.872872738583414,12383,-8.66522124986907,12383,-10.207651488714335,12383
Jagatsinghpur,JGS,1,"1_1_2_14_959,227",2022,2022-09-18,261,0.5277245765052537,307784,-18.83555486812881,510204,-10.363122665409726,510204,-8.472432202719068,510204
Jagatsinghpur,JGS,1,"1_1_2_14_960,227",2022,2022-09-18,261,0.5661701877992664,210386,-18.808279552816536,432279,-10.559845944783739,432279,-8.248433608032766,432279
Jagatsinghpur,JGS,1,"1_1_2_14_961,227",2022,2022-09-18,261,0.5430295950218103,214930,-19.81667768527759,447583,-10.259380999626066,447583,-9.557296685651513,447583
Jagatsinghpur,JGS,1,"1_1_2_14_962,227",2022,2022-09-18,261,0.5861931495076301,51,-19.97941292669243,786,-12.84071246085458,786,-7.138700465837866,786
Jagatsinghpur,JGS,1,"1_1_2_14_958,228",2022,2022-09-18,261,0.5673925241623358,436133,-17.710930730988302,657750,-9.746356686053865,657750,-7.96457404493449,657750
Jagatsinghpur,JGS,1,"1_1_2_14_959,228",2022,2022-09-18,261,0.42528499251035046,312664,-18.79687058767948,653265,-10.390435266507449,653265,-8.406435321172044,653265
Jagatsinghpur,JGS,1,"1_1_2_14_960,228",2022,2022-09-18,261,0.5194069996152733,140545,-18.94716506467396,693526,-10.511600793189055,693526,-8.435564271484935,693526
Jagatsinghpur,JGS,1,"1_1_2_14_961,228",2022,2022-09-18,261,0.5889114548259669,203402,-20.45687210047694,728813,-10.275126718928885,728813,-10.181745381548065,728813
Jagatsinghpur,JGS,1,"1_1_2_14_962,228",2022,2022-09-18,261,0.6028923755585291,124571,-20.201378641094063,246956,-11.119774061764035,246956,-9.081604579330008,246956
Jagatsinghpur,JGS,1,"1_1_2_14_958,229",2022,2022-09-18,261,0.5807964893471288,412107,-17.173930739322646,604467,-9.708535849541585,604467,-7.465394889781073,604467
Jagatsinghpur,JGS,1,"1_1_2_14_959,229",2022,2022-09-18,261,0.5160122813124255,284943,-18.21801661734839,604967,-9.761128736046489,604967,-8.45688788130188,604967
Jagatsinghpur,JGS,1,"1_1_2_14_960,229",2022,2022-09-18,261,0.5194404032630238,442557,-18.13159392709853,733746,-9.88040063260265,733746,-8.251193294495858,733746
Jagatsinghpur,JGS,1,"1_1_2_14_961,229",2022,2022-09-18,261,0.5578439732953477,164737,-18.875710032898517,778594,-9.602351910239529,778594,-9.273358122658959,778594
Jagatsinghpur,JGS,1,"1_1_2_14_962,229",2022,2022-09-18,261,0.6045676788096538,307132,-19.052470956375075,513858,-10.148628366606617,513858,-8.903842589768455,513858
Jagatsinghpur,JGS,1,"1_1_2_14_963,229",2022,2022-09-18,261,0.6554460085990578,42692,-16.368318269233118,55675,-9.290161544497627,55675,-7.078156724735569,55675
Jagatsinghpur,JGS,1,"1_1_2_14_964,229",2022,2022-09-18,261,,0,,0,,0,,0
Jagatsinghpur,JGS,1,"1_1_2_14_957,230",2022,2022-09-18,261,0.5926839610654452,425253,-17.505500161133497,620511,-9.819845223354276,620511,-7.685654937779196,620511
Jagatsinghpur,JGS,1,"1_1_2_14_958,230",2022,2022-09-18,261,0.5686146357200433,264888,-17.84325203234624,574078,-9.53922784516135,574078,-8.30402418718489,574078
Jagatsinghpur,JGS,1,"1_1_2_14_959,230",2022,2022-09-18,261,0.5458142554268212,405930,-18.58876212961194,640106,-9.649299706287659,640106,-8.939462423324278,640106
Jagatsinghpur,JGS,1,"1_1_2_14_960,230",2022,2022-09-18,261,0.5426896362239335,372416,-18.347095203796883,679387,-10.008419446112265,679387,-8.338675757684586,679387
Jagatsinghpur,JGS,1,"1_1_2_14_961,230",2022,2022-09-18,261,0.551090689295511,352262,-19.027721872248545,712352,-9.559346655771488,712352,-9.468375216477053,712352
Jagatsinghpur,JGS,1,"1_1_2_14_962,230",2022,2022-09-18,261,0.5853314203419483,137379,-19.05359158588574,741892,-9.225470214753063,741892,-9.828121371132637,741892
Jagatsinghpur,JGS,1,"1_1_2_14_963,230",2022,2022-09-18,261,0.6849355204382278,313966,-17.743558625104168,601275,-8.827171482924832,601275,-8.916387142179275,601275
Jagatsinghpur,JGS,1,"1_1_2_14_964,230",2022,2022-09-18,261,0.6282845434000811,52479,-17.22980291600623,125259,-9.659065586503852,125259,-7.570737329502357,125259
Jagatsinghpur,JGS,1,"1_1_2_14_965,230",2022,2022-09-18,261,0.1509224227709615,9325,-16.735616690988586,10328,-10.697336597364279,10328,-6.0382800936243095,10328
Jagatsinghpur,JGS,1,"1_1_2_14_957,231",2022,2022-09-18,261,0.5052877894822896,149943,-17.82480534326199,535010,-9.67359834756867,535010,-8.151206995693292,535010
Jagatsinghpur,JGS,1,"1_1_2_14_958,231",2022,2022-09-18,261,0.5675683673180795,452760,-18.013458381875957,649727,-9.70985624842691,649727,-8.30360213344903,649727
Jagatsinghpur,JGS,1,"1_1_2_14_959,231",2022,2022-09-18,261,0.6093025039167039,445640,-17.679535569962965,544379,-9.546915510131356,544379,-8.132620059831586,544379
Jagatsinghpur,JGS,1,"1_1_2_14_960,231",2022,2022-09-18,261,0.5612884608048512,397514,-17.143643273224395,525591,-9.243058258298241,525591,-7.90058501492613,525591
Jagatsinghpur,JGS,1,"1_1_2_14_961,231",2022,2022-09-18,261,0.5575645261826278,441160,-17.879839002466465,638601,-9.746390362786535,638601,-8.133448639679898,638601
Jagatsinghpur,JGS,1,"1_1_2_14_962,231",2022,2022-09-18,261,0.6395192260197955,339424,-17.685047973643176,661478,-9.448624415586227,661478,-8.23642355805692,661478
Jagatsinghpur,JGS,1,"1_1_2_14_963,231",2022,2022-09-18,261,0.5462294046968807,292453,-17.94937602600033,623890,-9.39270479505647,623890,-8.556671230943797,623890
Jagatsinghpur,JGS,1,"1_1_2_14_964,231",2022,2022-09-18,261,0.4640968712255489,130818,-18.729374918461584,543323,-9.756837660354243,543323,-8.97253725810736,543323
Jagatsinghpur,JGS,1,"1_1_2_15_961,226",2022,2022-09-28,271,0.5428716500643668,8341,-17.355089562249386,12383,-8.338790509644916,12383,-9.016299052604406,12383
Jagatsinghpur,JGS,1,"1_1_2_15_959,227",2022,2022-09-28,271,0.5742750000584589,217715,-18.049242462627525,510204,-9.451778339762509,510204,-8.597464122865018,510204
Jagatsinghpur,JGS,1,"1_1_2_15_960,227",2022,2022-09-28,271,0.5129286596051965,36201,-17.81841120228211,432279,-9.689780518645925,432279,-8.128630683636215,432279
Jagatsinghpur,JGS,1,"1_1_2_15_961,227",2022,2022-09-28,271,0.48712524408062124,73622,-18.168897966241815,447583,-9.104454490349925,447583,-9.064443475891828,447583
Jagatsinghpur,JGS,1,"1_1_2_15_962,227",2022,2022-09-28,271,0.43491285370996463,93,-20.011972187701744,786,-12.547535995818283,786,-7.4644361918834585,786
Jagatsinghpur,JGS,1,"1_1_2_15_958,228",2022,2022-09-28,271,0.6182326131431359,445202,-17.634725407498507,657750,-9.875435488427145,657750,-7.759289919071307,657750
Jagatsinghpur,JGS,1,"1_1_2_15_959,228",2022,2022-09-28,271,0.5707091126492746,489565,-18.05134420796451,653265,-9.809035109215243,653265,-8.242309098749292,653265
Jagatsinghpur,JGS,1,"1_1_2_15_960,228",2022,2022-09-28,271,0.6240348890724967,485309,-17.69257871351098,693526,-9.559133337636071,693526,-8.133445375874913,693526
Jagatsinghpur,JGS,1,"1_1_2_15_961,228",2022,2022-09-28,271,0.6350243229606919,390577,-18.276852250134418,728813,-9.21210138477834,728813,-9.064750865356045,728813
Jagatsinghpur,JGS,1,"1_1_2_15_962,228",2022,2022-09-28,271,0.5746507985581188,113758,-19.57582923844884,246956,-10.711368487108727,246956,-8.864460751340122,246956
Jagatsinghpur,JGS,1,"1_1_2_15_958,229",2022,2022-09-28,271,0.6456607652044333,456912,-17.42885734980196,604467,-10.344311014818926,604467,-7.084546334983031,604467
Jagatsinghpur,JGS,1,"1_1_2_15_959,229",2022,2022-09-28,271,0.6507598167988109,488199,-17.9626157084793,604967,-9.916208494147616,604967,-8.046407214331644,604967
Jagatsinghpur,JGS,1,"1_1_2_15_960,229",2022,2022-09-28,271,0.6152065113707825,662975,-17.608895131554515,733746,-9.43429144787388,733746,-8.174603683680605,733746
Jagatsinghpur,JGS,1,"1_1_2_15_961,229",2022,2022-09-28,271,0.49107072860446066,517400,-17.545210236292192,778594,-9.17842925418291,778594,-8.366780982109297,778594
Jagatsinghpur,JGS,1,"1_1_2_15_962,229",2022,2022-09-28,271,0.4885814969193979,386042,-18.30298156909438,513858,-9.911335292334858,513858,-8.391646276759532,513858
Jagatsinghpur,JGS,1,"1_1_2_15_963,229",2022,2022-09-28,271,0.5428823314170961,38990,-16.442290541370724,55675,-8.867245826625258,55675,-7.57504471474547,55675
Jagatsinghpur,JGS,1,"1_1_2_15_964,229",2022,2022-09-28,271,,0,,0,,0,,0
Jagatsinghpur,JGS,1,"1_1_2_15_957,230",2022,2022-09-28,271,0.6702658845215462,455206,-17.695061229808864,620511,-10.226013228202698,620511,-7.469048001606158,620511
Jagatsinghpur,JGS,1,"1_1_2_15_958,230",2022,2022-09-28,271,0.6266681284180639,458140,-17.786550130703763,574078,-9.731564124118863,574078,-8.05498600658487,574078
Jagatsinghpur,JGS,1,"1_1_2_15_959,230",2022,2022-09-28,271,0.5695245960289878,312192,-18.11776836875615,640106,-9.364658300676526,640106,-8.75311006807954,640106
Jagatsinghpur,JGS,1,"1_1_2_15_960,230",2022,2022-09-28,271,0.59445415088403,439671,-17.863290036708165,679387,-9.352068487772613,679387,-8.511221548935596,679387
Jagatsinghpur,JGS,1,"1_1_2_15_961,230",2022,2022-09-28,271,0.5567948581374655,280646,-17.80506356999603,712352,-9.199258602613304,712352,-8.605804967382742,712352
Jagatsinghpur,JGS,1,"1_1_2_15_962,230",2022,2022-09-28,271,0.5571639533114437,550228,-17.15793774358439,741892,-9.089523670457169,741892,-8.068414073127203,741892
Jagatsinghpur,JGS,1,"1_1_2_15_963,230",2022,2022-09-28,271,0.5852985391926793,461959,-16.59519260080247,601275,-8.794038475034451,601275,-7.801154125768005,601275
Jagatsinghpur,JGS,1,"1_1_2_15_964,230",2022,2022-09-28,271,0.4941445795410215,104905,-16.54624762181218,125259,-9.794578261932221,125259,-6.751669359879952,125259
Jagatsinghpur,JGS,1,"1_1_2_15_965,230",2022,2022-09-28,271,0.4618950264045866,3659,-15.968314952683498,10328,-10.290554487083277,10328,-5.677760465600235,10328
Jagatsinghpur,JGS,1,"1_1_2_15_957,231",2022,2022-09-28,271,0.6064008329431652,161804,-17.95514352625397,521998,-10.039486770666008,521998,-7.915656755587951,521998
Jagatsinghpur,JGS,1,"1_1_2_15_958,231",2022,2022-09-28,271,0.640679744681413,584991,-18.0773847069071,649727,-9.950428456181161,649727,-8.126956250725973,649727
Jagatsinghpur,JGS,1,"1_1_2_15_959,231",2022,2022-09-28,271,0.6211151567134975,412439,-17.718210826074454,544379,-9.914611074229962,544379,-7.8035997518445175,544379
Jagatsinghpur,JGS,1,"1_1_2_15_960,231",2022,2022-09-28,271,0.6020039025257965,391965,-17.163302927959617,525591,-9.366747581957656,525591,-7.796555346001981,525591
Jagatsinghpur,JGS,1,"1_1_2_15_961,231",2022,2022-09-28,271,0.5224862380054993,309576,-17.231675172875157,638601,-9.448907633315992,638601,-7.78276753955921,638601
Jagatsinghpur,JGS,1,"1_1_2_15_962,231",2022,2022-09-28,271,0.4716788582551549,273839,-16.822384843172816,661478,-9.447978303259507,661478,-7.374406539913325,661478
Jagatsinghpur,JGS,1,"1_1_2_15_963,231",2022,2022-09-28,271,0.4458135927363424,387404,-16.72815949004349,623890,-9.179386032176822,623890,-7.548773457866656,623890
Jagatsinghpur,JGS,1,"1_1_2_15_964,231",2022,2022-09-28,271,0.48268452205994294,438725,-17.51911608944229,543323,-9.161461191195299,543323,-8.357654898246922,543323
Jagatsinghpur,JGS,1,"1_1_2_16_961,226",2022,2022-10-08,281,0.7298190601678066,11558,,0,,0,,0
Jagatsinghpur,JGS,1,"1_1_2_16_959,227",2022,2022-10-08,281,0.7141007880541177,429421,-16.714336144043642,510204,-9.655148106002594,510204,-7.059188038041068,510204
Jagatsinghpur,JGS,1,"1_1_2_16_960,227",2022,2022-10-08,281,0.6348343421028115,330329,-16.390214725205862,308502,-9.766976720950979,308502,-6.623238004254853,308502
Jagatsinghpur,JGS,1,"1_1_2_16_961,227",2022,2022-10-08,281,0.6651860250304055,320736,,0,,0,,0
Jagatsinghpur,JGS,1,"1_1_2_16_962,227",2022,2022-10-08,281,0.5049060485749082,44,,0,,0,,0
Jagatsinghpur,JGS,1,"1_1_2_16_958,228",2022,2022-10-08,281,0.6888390540685849,466931,-16.020560656152796,657750,-9.230766525065762,657750,-6.789794131087028,657750
Jagatsinghpur,JGS,1,"1_1_2_16_959,228",2022,2022-10-08,281,0.60083676130099,397826,-17.168235228628,653265,-10.16174604091568,653265,-7.006489187712257,653265
Jagatsinghpur,JGS,1,"1_1_2_16_960,228",2022,2022-10-08,281,0.6569959909028836,455393,-16.79219538539812,569043,-10.143236456410598,569043,-6.6489589289876125,569043
Jagatsinghpur,JGS,1,"1_1_2_16_961,228",2022,2022-10-08,281,0.6313426402225317,342521,,0,,0,,0
Jagatsinghpur,JGS,1,"1_1_2_16_962,228",2022,2022-10-08,281,0.4720605372364082,86762,,0,,0,,0
Jagatsinghpur,JGS,1,"1_1_2_16_958,229",2022,2022-10-08,281,0.7008344787128427,467360,-15.756386715521632,604467,-9.233058810433548,604467,-6.523327905088058,604467
Jagatsinghpur,JGS,1,"1_1_2_16_959,229",2022,2022-10-08,281,0.7109684336656421,411863,-16.504649386216546,604967,-9.641689326049434,604967,-6.862960060167155,604967
Jagatsinghpur,JGS,1,"1_1_2_16_960,229",2022,2022-10-08,281,0.6757525440230077,507792,-17.345172162509893,722552,-10.456393490811998,722552,-6.888778671697883,722552
Jagatsinghpur,JGS,1,"1_1_2_16_961,229",2022,2022-10-08,281,0.6005182200870139,344523,-17.580716927867588,29147,-10.523127360053625,29147,-7.057589567813987,29147
Jagatsinghpur,JGS,1,"1_1_2_16_962,229",2022,2022-10-08,281,0.557435085734337,216799,,0,,0,,0
Jagatsinghpur,JGS,1,"1_1_2_16_963,229",2022,2022-10-08,281,0.4569244692177953,8192,,0,,0,,0
Jagatsinghpur,JGS,1,"1_1_2_16_964,229",2022,2022-10-08,281,,0,,0,,0,,0
Jagatsinghpur,JGS,1,"1_1_2_16_957,230",2022,2022-10-08,281,0.7358935839179391,455030,-16.100817549437142,620511,-9.242144791757376,620511,-6.858672757679749,620511
Jagatsinghpur,JGS,1,"1_1_2_16_958,230",2022,2022-10-08,281,0.729337874120403,528335,-16.47857010190997,574078,-9.309111540313006,574078,-7.169458561597007,574078
Jagatsinghpur,JGS,1,"1_1_2_16_959,230",2022,2022-10-08,281,0.7205244233315986,493473,-17.031485802546186,640106,-9.775269823434437,640106,-7.256215979111676,640106
Jagatsinghpur,JGS,1,"1_1_2_16_960,230",2022,2022-10-08,281,0.7178677436391321,597803,-16.865100272994404,679387,-9.580337509729969,679387,-7.284762763264407,679387
Jagatsinghpur,JGS,1,"1_1_2_16_961,230",2022,2022-10-08,281,0.6805888520710227,440844,-17.0846170651003,148224,-10.01407064508729,148224,-7.070546420013059,148224
Jagatsinghpur,JGS,1,"1_1_2_16_962,230",2022,2022-10-08,281,0.7044442304581501,571826,,0,,0,,0
Jagatsinghpur,JGS,1,"1_1_2_16_963,230",2022,2022-10-08,281,0.6979838014051566,370137,,0,,0,,0
Jagatsinghpur,JGS,1,"1_1_2_16_964,230",2022,2022-10-08,281,0.591075953052003,64588,,0,,0,,0
Jagatsinghpur,JGS,1,"1_1_2_16_965,230",2022,2022-10-08,281,0.2762172574187712,7670,,0,,0,,0
Jagatsinghpur,JGS,1,"1_1_2_16_957,231",2022,2022-10-08,281,0.7270651791220016,420558,-16.212862834266062,535010,-9.14799144859664,535010,-7.064871385669449,535010
Jagatsinghpur,JGS,1,"1_1_2_16_958,231",2022,2022-10-08,281,0.7272768308829624,585960,-16.535826338678177,649727,-9.415691817413498,649727,-7.120134521264706,649727
Jagatsinghpur,JGS,1,"1_1_2_16_959,231",2022,2022-10-08,281,0.7064346316087914,427622,-16.093353377491738,544379,-9.329070715195732,544379,-6.764282662296036,544379
Jagatsinghpur,JGS,1,"1_1_2_16_960,231",2022,2022-10-08,281,0.666240047648833,443249,-16.239042443214764,525591,-9.162192555587996,525591,-7.076849887626786,525591
Jagatsinghpur,JGS,1,"1_1_2_16_961,231",2022,2022-10-08,281,0.5747997229951162,260029,-16.086680547203496,266901,-9.182151417477504,266901,-6.90452912972603,266901
Jagatsinghpur,JGS,1,"1_1_2_16_962,231",2022,2022-10-08,281,0.5690355290329835,283962,,0,,0,,0
Jagatsinghpur,JGS,1,"1_1_2_16_963,231",2022,2022-10-08,281,0.5679895319543876,159685,,0,,0,,0
Jagatsinghpur,JGS,1,"1_1_2_16_964,231",2022,2022-10-08,281,0.5878001931133365,95537,,0,,0,,0
Jagatsinghpur,JGS,1,"1_1_2_17_961,226",2022,2022-10-18,291,0.6654053280107435,12174,-17.18757610376288,12383,-11.506234548086068,12383,-5.681341555676821,12383
Jagatsinghpur,JGS,1,"1_1_2_17_959,227",2022,2022-10-18,291,0.702536495082269,509653,-16.3968816964345,510204,-9.622480161995806,510204,-6.774401534438698,510204
Jagatsinghpur,JGS,1,"1_1_2_17_960,227",2022,2022-10-18,291,0.6639363348308074,430184,-16.615660785540566,432279,-10.22320234423158,432279,-6.392458441309003,432279
Jagatsinghpur,JGS,1,"1_1_2_17_961,227",2022,2022-10-18,291,0.6376535094973966,435106,-16.818471454208776,447583,-10.149255939799176,447583,-6.669215514409576,447583
Jagatsinghpur,JGS,1,"1_1_2_17_962,227",2022,2022-10-18,291,0.4780064308208534,469,-20.162695940335112,786,-12.893760238171131,786,-7.268935702163991,786
Jagatsinghpur,JGS,1,"1_1_2_17_958,228",2022,2022-10-18,291,0.7134383424684867,656730,-16.569526798912406,657750,-9.916860554100278,657750,-6.652666244812141,657750
Jagatsinghpur,JGS,1,"1_1_2_17_959,228",2022,2022-10-18,291,0.6580513683114634,652969,-16.60311331386849,653265,-10.161466137268196,653265,-6.4416471766003065,653265
Jagatsinghpur,JGS,1,"1_1_2_17_960,228",2022,2022-10-18,291,0.6849082755361281,693073,-16.487545463695852,693526,-10.051111918442434,693526,-6.436433545253365,693526
Jagatsinghpur,JGS,1,"1_1_2_17_961,228",2022,2022-10-18,291,0.6611098215815489,714164,-17.024442433159724,728813,-9.906926376122838,728813,-7.117516057036888,728813
Jagatsinghpur,JGS,1,"1_1_2_17_962,228",2022,2022-10-18,291,0.5147852069145233,209559,-18.438063252610533,246956,-10.509068756111201,246956,-7.928994496499311,246956
Jagatsinghpur,JGS,1,"1_1_2_17_958,229",2022,2022-10-18,291,0.7062454481189995,603644,-16.710808742553397,604467,-10.295390447417455,604467,-6.415418295135917,604467
Jagatsinghpur,JGS,1,"1_1_2_17_959,229",2022,2022-10-18,291,0.7314901231323658,604750,-16.78023715506244,604967,-9.89879866772586,604967,-6.88143848733657,604967
Jagatsinghpur,JGS,1,"1_1_2_17_960,229",2022,2022-10-18,291,0.6938483184464582,731275,-16.41236423592353,733746,-9.684868969431307,733746,-6.7274952664922,733746
Jagatsinghpur,JGS,1,"1_1_2_17_961,229",2022,2022-10-18,291,0.6342002540887308,760159,-16.67746023159684,778594,-10.18758698886427,778594,-6.489873242732567,778594
Jagatsinghpur,JGS,1,"1_1_2_17_962,229",2022,2022-10-18,291,0.5529506529130784,474825,-17.325729533599535,513858,-10.041911320936377,513858,-7.2838182126631965,513858
Jagatsinghpur,JGS,1,"1_1_2_17_963,229",2022,2022-10-18,291,0.5254010413078105,52217,-15.910481712716438,55675,-9.02892109847901,55675,-6.8815606142374595,55675
Jagatsinghpur,JGS,1,"1_1_2_17_964,229",2022,2022-10-18,291,,0,,0,,0,,0
Jagatsinghpur,JGS,1,"1_1_2_17_957,230",2022,2022-10-18,291,0.7380176243802243,620273,-16.89091644186155,620511,-10.262435673788616,620511,-6.6284807680729525,620511
Jagatsinghpur,JGS,1,"1_1_2_17_958,230",2022,2022-10-18,291,0.7404793564088268,573976,-16.852392783174256,574078,-10.010537051646308,574078,-6.8418557315279696,574078
Jagatsinghpur,JGS,1,"1_1_2_17_959,230",2022,2022-10-18,291,0.7284312309973603,639832,-16.782139005566947,640106,-9.533708275191406,640106,-7.248430730375567,640106
Jagatsinghpur,JGS,1,"1_1_2_17_960,230",2022,2022-10-18,291,0.7199449153092584,679058,-16.59539873838163,679387,-9.478766002917375,679387,-7.11663273546425,679387
Jagatsinghpur,JGS,1,"1_1_2_17_961,230",2022,2022-10-18,291,0.6820060050326976,711109,-16.848838629215074,712352,-9.73629225075298,712352,-7.112546378462048,712352
Jagatsinghpur,JGS,1,"1_1_2_17_962,230",2022,2022-10-18,291,0.6707610909010587,734798,-16.719072299707733,741892,-10.061125603443124,741892,-6.6579466962646165,741892
Jagatsinghpur,JGS,1,"1_1_2_17_963,230",2022,2022-10-18,291,0.6454243544989604,582927,-16.150047452916425,601275,-9.776877919805775,601275,-6.373169533110664,601275
Jagatsinghpur,JGS,1,"1_1_2_17_964,230",2022,2022-10-18,291,0.4770715863013385,122151,-16.52952620860359,125259,-9.997683230827281,125259,-6.531842977776286,125259
Jagatsinghpur,JGS,1,"1_1_2_17_965,230",2022,2022-10-18,291,0.37774305233131084,10307,-15.626933867594806,10328,-10.053294263875415,10328,-5.57363960371939,10328
Jagatsinghpur,JGS,1,"1_1_2_17_957,231",2022,2022-10-18,291,0.7040875221164128,534932,-16.97981893623433,535010,-9.913645710946934,535010,-7.066173225287413,535010
Jagatsinghpur,JGS,1,"1_1_2_17_958,231",2022,2022-10-18,291,0.7334087284056573,647385,-16.92590917879318,649727,-9.841734952036491,649727,-7.0841742267566845,649727
Jagatsinghpur,JGS,1,"1_1_2_17_959,231",2022,2022-10-18,291,0.7111719847920935,543221,-16.77030286132163,544379,-10.035142352084684,544379,-6.7351605092369065,544379
Jagatsinghpur,JGS,1,"1_1_2_17_960,231",2022,2022-10-18,291,0.6697693987885365,524901,-16.258462819815705,525591,-9.567103328282641,525591,-6.691359491533087,525591
Jagatsinghpur,JGS,1,"1_1_2_17_961,231",2022,2022-10-18,291,0.6335757608211623,635901,-16.49876554068978,638601,-9.989484996997415,638601,-6.50928054369235,638601
Jagatsinghpur,JGS,1,"1_1_2_17_962,231",2022,2022-10-18,291,0.6205761909733635,660163,-16.502899099690865,661478,-10.518397482133068,661478,-5.984501617557748,661478
Jagatsinghpur,JGS,1,"1_1_2_17_963,231",2022,2022-10-18,291,0.6389958889713018,621662,-16.154983108630375,623890,-9.910603567331783,623890,-6.244379541298585,623890
Jagatsinghpur,JGS,1,"1_1_2_17_964,231",2022,2022-10-18,291,0.6059428828028971,537186,-16.961005592417028,543323,-9.11140095901246,543323,-7.849604633404558,543323
Jagatsinghpur,JGS,1,"1_1_2_18_961,226",2022,2022-10-28,301,0.644451970899378,12092,,0,,0,,0
Jagatsinghpur,JGS,1,"1_1_2_18_959,227",2022,2022-10-28,301,0.72758793440144,509332,-15.857043191614332,510204,-9.122787938296417,510204,-6.734255253317915,510204
Jagatsinghpur,JGS,1,"1_1_2_18_960,227",2022,2022-10-28,301,0.6817443101497648,429511,-16.038895136896766,304851,-9.998281348266673,304851,-6.04061378863015,304851
Jagatsinghpur,JGS,1,"1_1_2_18_961,227",2022,2022-10-28,301,0.6463323972933698,431018,,0,,0,,0
Jagatsinghpur,JGS,1,"1_1_2_18_962,227",2022,2022-10-28,301,0.4782887848014704,428,,0,,0,,0
Jagatsinghpur,JGS,1,"1_1_2_18_958,228",2022,2022-10-28,301,0.7193463366635522,656131,-16.104811440805822,657750,-9.371971843594864,657750,-6.732839597210925,657750
Jagatsinghpur,JGS,1,"1_1_2_18_959,228",2022,2022-10-28,301,0.676445882717703,652773,-16.375124417335737,653265,-9.950680256469113,653265,-6.42444416086657,653265
Jagatsinghpur,JGS,1,"1_1_2_18_960,228",2022,2022-10-28,301,0.7205788733464282,693047,-15.901413852203556,563407,-9.721578872728578,563407,-6.179834979474962,563407
Jagatsinghpur,JGS,1,"1_1_2_18_961,228",2022,2022-10-28,301,0.6574862087287208,710262,,0,,0,,0
Jagatsinghpur,JGS,1,"1_1_2_18_962,228",2022,2022-10-28,301,0.5112425609396417,203230,,0,,0,,0
Jagatsinghpur,JGS,1,"1_1_2_18_958,229",2022,2022-10-28,301,0.7049436119049065,603016,-16.389067942487976,604467,-9.669781682278984,604467,-6.719286260209014,604467
Jagatsinghpur,JGS,1,"1_1_2_18_959,229",2022,2022-10-28,301,0.7404913508654708,604257,-16.233084416176222,604967,-9.432263419986347,604967,-6.800820996189861,604967
Jagatsinghpur,JGS,1,"1_1_2_18_960,229",2022,2022-10-28,301,0.7133012846012244,731756,-15.919053272929624,719947,-9.625709872890868,719947,-6.293343400038795,719947
Jagatsinghpur,JGS,1,"1_1_2_18_961,229",2022,2022-10-28,301,0.6219002136371209,759590,-16.04661474818462,25161,-9.27357727492896,25161,-6.7730374732557195,25161
Jagatsinghpur,JGS,1,"1_1_2_18_962,229",2022,2022-10-28,301,0.5515138154013436,466737,,0,,0,,0
Jagatsinghpur,JGS,1,"1_1_2_18_963,229",2022,2022-10-28,301,0.5679643761971488,54448,,0,,0,,0
Jagatsinghpur,JGS,1,"1_1_2_18_964,229",2022,2022-10-28,301,,0,,0,,0,,0
Jagatsinghpur,JGS,1,"1_1_2_18_957,230",2022,2022-10-28,301,0.7430899405214981,619345,-16.393177114977256,620511,-9.284371493784375,620511,-7.108805621192915,620511
Jagatsinghpur,JGS,1,"1_1_2_18_958,230",2022,2022-10-28,301,0.7462151848383741,573806,-16.33679652037214,574078,-9.266198520018905,574078,-7.070598000353197,574078
Jagatsinghpur,JGS,1,"1_1_2_18_959,230",2022,2022-10-28,301,0.7398565125332361,639564,-16.09947580109046,640106,-8.692407296661445,640106,-7.407068504428929,640106
Jagatsinghpur,JGS,1,"1_1_2_18_960,230",2022,2022-10-28,301,0.7256651509996154,678027,-15.924484306898249,679387,-8.816434684607884,679387,-7.1080496222903395,679387
Jagatsinghpur,JGS,1,"1_1_2_18_961,230",2022,2022-10-28,301,0.6662467833799515,710475,-15.797384551273387,143022,-8.4735858708025,143022,-7.3237986804708415,143022
Jagatsinghpur,JGS,1,"1_1_2_18_962,230",2022,2022-10-28,301,0.64765760816342,733077,,0,,0,,0
Jagatsinghpur,JGS,1,"1_1_2_18_963,230",2022,2022-10-28,301,0.6506233810402149,591712,,0,,0,,0
Jagatsinghpur,JGS,1,"1_1_2_18_964,230",2022,2022-10-28,301,0.560812368713609,120967,,0,,0,,0
Jagatsinghpur,JGS,1,"1_1_2_18_965,230",2022,2022-10-28,301,0.44841888686216697,10135,,0,,0,,0
Jagatsinghpur,JGS,1,"1_1_2_18_957,231",2022,2022-10-28,301,0.7372731960580787,534293,-16.494408293339244,535010,-8.878173317572953,535010,-7.616234975766359,535010
Jagatsinghpur,JGS,1,"1_1_2_18_958,231",2022,2022-10-28,301,0.747318635655461,647176,-16.152438761967485,649727,-8.747835802005836,649727,-7.4046029599616014,649727
Jagatsinghpur,JGS,1,"1_1_2_18_959,231",2022,2022-10-28,301,0.721348874854355,543156,-16.15547544533649,544379,-9.172614157791484,544379,-6.982861287544979,544379
Jagatsinghpur,JGS,1,"1_1_2_18_960,231",2022,2022-10-28,301,0.6730269695543527,524367,-15.924196473054227,525591,-9.013495984447319,525591,-6.910700488606908,525591
Jagatsinghpur,JGS,1,"1_1_2_18_961,231",2022,2022-10-28,301,0.6271602586432373,636394,-15.901834677366214,262227,-9.481156159919477,262227,-6.420678517446734,262227
Jagatsinghpur,JGS,1,"1_1_2_18_962,231",2022,2022-10-28,301,0.6103151253079689,660394,,0,,0,,0
Jagatsinghpur,JGS,1,"1_1_2_18_963,231",2022,2022-10-28,301,0.6542006140460627,618752,,0,,0,,0
Jagatsinghpur,JGS,1,"1_1_2_18_964,231",2022,2022-10-28,301,0.6309747465760434,536312,,0,,0,,0
Jagatsinghpur,JGS,1,"1_1_2_19_961,226",2022,2022-11-07,311,0.6052956394228759,12044,-17.609674638497918,12383,-12.577701960874675,12383,-5.031972677623269,12383
Jagatsinghpur,JGS,1,"1_1_2_19_959,227",2022,2022-11-07,311,0.7124408273898135,509588,-16.2006537215089,510204,-10.295836957640077,510204,-5.904816763868803,510204
Jagatsinghpur,JGS,1,"1_1_2_19_960,227",2022,2022-11-07,311,0.6588745135094874,429992,-16.789987866845475,432279,-11.263057694017172,432279,-5.526930172828332,432279
Jagatsinghpur,JGS,1,"1_1_2_19_961,227",2022,2022-11-07,311,0.6197822103676147,424635,-16.82722982118387,447583,-11.153335806709784,447583,-5.673894014474127,447583
Jagatsinghpur,JGS,1,"1_1_2_19_962,227",2022,2022-11-07,311,0.5396790182578709,349,-20.124893630894988,786,-13.084377867373643,786,-7.040515763521377,786
Jagatsinghpur,JGS,1,"1_1_2_19_958,228",2022,2022-11-07,311,0.694478438634502,656381,-16.285494668969804,657750,-10.457198917936106,657750,-5.8282957510337,657750
Jagatsinghpur,JGS,1,"1_1_2_19_959,228",2022,2022-11-07,311,0.6747282783033555,652918,-16.701279155233394,653265,-10.833546486377495,653265,-5.867732668855914,653265
Jagatsinghpur,JGS,1,"1_1_2_19_960,228",2022,2022-11-07,311,0.7068035825099751,693425,-16.519782404753315,693526,-10.797394672076454,693526,-5.722387732676839,693526
Jagatsinghpur,JGS,1,"1_1_2_19_961,228",2022,2022-11-07,311,0.6526320520511646,706812,-16.85401941796257,728813,-10.939718340025403,728813,-5.914301077937199,728813
Jagatsinghpur,JGS,1,"1_1_2_19_962,228",2022,2022-11-07,311,0.4984774830107936,205062,-18.06031941207362,246956,-11.280436741575027,246956,-6.779882670498476,246956
Jagatsinghpur,JGS,1,"1_1_2_19_958,229",2022,2022-11-07,311,0.6909825414275559,603487,-16.52080437868799,604467,-10.642801830883387,604467,-5.8780025478045586,604467
Jagatsinghpur,JGS,1,"1_1_2_19_959,229",2022,2022-11-07,311,0.7252657028626712,603806,-16.19525004020589,604967,-10.000361642698529,604967,-6.194888397507379,604967
Jagatsinghpur,JGS,1,"1_1_2_19_960,229",2022,2022-11-07,311,0.7102240458439217,733223,-16.21157338717914,733746,-10.279503112786454,733746,-5.932070274392649,733746
Jagatsinghpur,JGS,1,"1_1_2_19_961,229",2022,2022-11-07,311,0.6139513638114208,766575,-16.838136293517767,778594,-10.98082868568151,778594,-5.857307607836287,778594
Jagatsinghpur,JGS,1,"1_1_2_19_962,229",2022,2022-11-07,311,0.5445146502803244,482452,-17.178400210742396,513858,-10.827855349053147,513858,-6.350544861689199,513858
Jagatsinghpur,JGS,1,"1_1_2_19_963,229",2022,2022-11-07,311,0.6035889259085699,54442,-15.40347163316407,55675,-9.524418986743257,55675,-5.879052646420819,55675
Jagatsinghpur,JGS,1,"1_1_2_19_964,229",2022,2022-11-07,311,,0,,0,,0,,0
Jagatsinghpur,JGS,1,"1_1_2_19_957,230",2022,2022-11-07,311,0.7183847323282035,619743,-16.401588047078747,620511,-10.355758823523365,620511,-6.045829223555355,620511
Jagatsinghpur,JGS,1,"1_1_2_19_958,230",2022,2022-11-07,311,0.7344931275237095,573824,-16.391753816096205,574078,-10.325842724451741,574078,-6.065911091644465,574078
Jagatsinghpur,JGS,1,"1_1_2_19_959,230",2022,2022-11-07,311,0.7373559678641188,639630,-15.943734524272385,640106,-9.424757732031145,640106,-6.518976792241245,640106
Jagatsinghpur,JGS,1,"1_1_2_19_960,230",2022,2022-11-07,311,0.7239624774692556,678895,-15.984678518943078,679387,-9.524265570918123,679387,-6.460412948024941,679387
Jagatsinghpur,JGS,1,"1_1_2_19_961,230",2022,2022-11-07,311,0.6990556803693655,711007,-16.719789099642856,712352,-9.636655494536969,712352,-7.083133605105902,712352
Jagatsinghpur,JGS,1,"1_1_2_19_962,230",2022,2022-11-07,311,0.6712631806390741,731960,-16.677126548595236,741892,-10.34300400162019,741892,-6.334122546975052,741892
Jagatsinghpur,JGS,1,"1_1_2_19_963,230",2022,2022-11-07,311,0.6764096158028967,585616,-16.204203569051405,601275,-10.277672292280787,601275,-5.9265312767705876,601275
Jagatsinghpur,JGS,1,"1_1_2_19_964,230",2022,2022-11-07,311,0.6254615873619465,116320,-16.65634979412632,125259,-10.408827529561009,125259,-6.247522264565303,125259
Jagatsinghpur,JGS,1,"1_1_2_19_965,230",2022,2022-11-07,311,0.557223665583839,9609,-16.23095096305893,10328,-10.603552394323382,10328,-5.627398568735553,10328
Jagatsinghpur,JGS,1,"1_1_2_19_957,231",2022,2022-11-07,311,0.7151913198547675,534722,-16.404187078476337,535010,-9.910801964061022,535010,-6.4933851144153545,535010
Jagatsinghpur,JGS,1,"1_1_2_19_958,231",2022,2022-11-07,311,0.7290035411680293,646884,-16.097697035202103,649727,-9.840127003681925,649727,-6.257570031520162,649727
Jagatsinghpur,JGS,1,"1_1_2_19_959,231",2022,2022-11-07,311,0.7173407245060703,543531,-16.249888501018713,544379,-10.252380801009853,544379,-5.997507700008806,544379
Jagatsinghpur,JGS,1,"1_1_2_19_960,231",2022,2022-11-07,311,0.6823935580881094,524371,-16.094102917856283,525591,-9.772819855291237,525591,-6.321283062565046,525591
Jagatsinghpur,JGS,1,"1_1_2_19_961,231",2022,2022-11-07,311,0.6582812733102108,635603,-16.61654986232566,638601,-10.605785831591414,638601,-6.010764030734219,638601
Jagatsinghpur,JGS,1,"1_1_2_19_962,231",2022,2022-11-07,311,0.6319091261828125,658748,-16.980758919047073,661478,-11.247228590985513,661478,-5.733530328061562,661478
Jagatsinghpur,JGS,1,"1_1_2_19_963,231",2022,2022-11-07,311,0.680230767512886,614115,-16.422885135289206,623890,-10.677971192796143,623890,-5.744913942493037,623890
Jagatsinghpur,JGS,1,"1_1_2_19_964,231",2022,2022-11-07,311,0.6805528083954303,530060,-16.277339605415598,543323,-10.11594695587243,543323,-6.161392649543235,543323
Jagatsinghpur,JGS,1,"1_1_2_20_961,226",2022,2022-11-17,321,0.47469922598248926,12104,-17.178279022714733,12383,-12.508442480486147,12383,-4.669836542228641,12383
Jagatsinghpur,JGS,1,"1_1_2_20_959,227",2022,2022-11-17,321,0.6488919067410714,510202,-16.342816355414712,510204,-10.247057973752716,510204,-6.095758381661988,510204
Jagatsinghpur,JGS,1,"1_1_2_20_960,227",2022,2022-11-17,321,0.5991821557059328,429443,-17.028871396722792,432279,-11.417791094378883,432279,-5.611080302343913,432279
Jagatsinghpur,JGS,1,"1_1_2_20_961,227",2022,2022-11-17,321,0.5162919692048482,428035,-16.85845787386347,447583,-11.345031685346763,447583,-5.513426188516727,447583
Jagatsinghpur,JGS,1,"1_1_2_20_962,227",2022,2022-11-17,321,0.4696189572752397,389,-20.31355049363472,786,-13.525876956295193,786,-6.787673537339545,786
Jagatsinghpur,JGS,1,"1_1_2_20_958,228",2022,2022-11-17,321,0.5937056337375447,657739,-16.75536745114918,657750,-10.838510581252512,657750,-5.916856869896678,657750
Jagatsinghpur,JGS,1,"1_1_2_20_959,228",2022,2022-11-17,321,0.5997315212348138,653265,-16.94281875950442,653265,-10.881368908272297,653265,-6.061449851232132,653265
Jagatsinghpur,JGS,1,"1_1_2_20_960,228",2022,2022-11-17,321,0.65431740390839,692441,-16.605465269007976,693526,-10.584554143958322,693526,-6.020911125049626,693526
Jagatsinghpur,JGS,1,"1_1_2_20_961,228",2022,2022-11-17,321,0.5756635728733378,706396,-16.92961339146006,728813,-11.256815029511936,728813,-5.6727983619480895,728813
Jagatsinghpur,JGS,1,"1_1_2_20_962,228",2022,2022-11-17,321,0.4811477082731687,193531,-18.14420141780211,246956,-11.629542718379053,246956,-6.514658699423024,246956
Jagatsinghpur,JGS,1,"1_1_2_20_958,229",2022,2022-11-17,321,0.5961552876914337,604464,-17.081493617587377,604467,-11.20449572969323,604467,-5.876997887894142,604467
Jagatsinghpur,JGS,1,"1_1_2_20_959,229",2022,2022-11-17,321,0.6251516992571569,604964,-16.39275325200957,604967,-10.12920507558718,604967,-6.2635481764223755,604967
Jagatsinghpur,JGS,1,"1_1_2_20_960,229",2022,2022-11-17,321,0.6411860476059066,733629,-16.26058979229076,733746,-10.029309556258706,733746,-6.231280236032001,733746
Jagatsinghpur,JGS,1,"1_1_2_20_961,229",2022,2022-11-17,321,0.58250518083114,750796,-16.956472390998698,778594,-10.821375177883152,778594,-6.135097213115556,778594
Jagatsinghpur,JGS,1,"1_1_2_20_962,229",2022,2022-11-17,321,0.5230080569423547,457990,-17.368690670593907,513858,-10.976743363627135,513858,-6.391947306966792,513858
Jagatsinghpur,JGS,1,"1_1_2_20_963,229",2022,2022-11-17,321,0.5455963866085431,54284,-15.98141318905978,55675,-10.150778024752476,55675,-5.830635164307333,55675
Jagatsinghpur,JGS,1,"1_1_2_20_964,229",2022,2022-11-17,321,,0,,0,,0,,0
Jagatsinghpur,JGS,1,"1_1_2_20_957,230",2022,2022-11-17,321,0.5957388054255937,620511,-16.888731348833208,620511,-11.094743547452246,620511,-5.79398780138096,620511
Jagatsinghpur,JGS,1,"1_1_2_20_958,230",2022,2022-11-17,321,0.6365734712238478,574073,-16.59933059867216,574078,-10.696333425273538,574078,-5.902997173398628,574078
Jagatsinghpur,JGS,1,"1_1_2_20_959,230",2022,2022-11-17,321,0.6499193242192468,640048,-15.952184572597481,640106,-9.648544696466097,640106,-6.30363987613136,640106
Jagatsinghpur,JGS,1,"1_1_2_20_960,230",2022,2022-11-17,321,0.6464029688361986,679369,-16.000219199254662,679387,-9.537252359360028,679387,-6.462966839894644,679387
Jagatsinghpur,JGS,1,"1_1_2_20_961,230",2022,2022-11-17,321,0.6753682051527012,708951,-16.745329190942723,712352,-9.217775920420154,712352,-7.5275532705225405,712352
Jagatsinghpur,JGS,1,"1_1_2_20_962,230",2022,2022-11-17,321,0.6211786181620077,729187,-16.702196708444642,741892,-10.172658865925685,741892,-6.529537842518957,741892
Jagatsinghpur,JGS,1,"1_1_2_20_963,230",2022,2022-11-17,321,0.5918003031952258,590366,-16.27244791587277,601275,-10.646327104648654,601275,-5.626120811224095,601275
Jagatsinghpur,JGS,1,"1_1_2_20_964,230",2022,2022-11-17,321,0.5606494250292605,117149,-17.255035826962487,125259,-11.04161088660542,125259,-6.213424940357084,125259
Jagatsinghpur,JGS,1,"1_1_2_20_965,230",2022,2022-11-17,321,0.49625279153409874,9881,-16.9651331262809,10328,-11.384433697518043,10328,-5.580699428762897,10328
Jagatsinghpur,JGS,1,"1_1_2_20_957,231",2022,2022-11-17,321,0.6111665344000099,535010,-16.785064698906986,535010,-10.740354812513566,535010,-6.044709886393387,535010
Jagatsinghpur,JGS,1,"1_1_2_20_958,231",2022,2022-11-17,321,0.6200163155753646,649700,-16.345724888502318,649727,-10.550778548510031,649727,-5.794946339992293,649727
Jagatsinghpur,JGS,1,"1_1_2_20_959,231",2022,2022-11-17,321,0.6351468142771306,544372,-16.44375592232694,544379,-10.661775550161387,544379,-5.781980372165585,544379
Jagatsinghpur,JGS,1,"1_1_2_20_960,231",2022,2022-11-17,321,0.6096310294060853,525484,-16.268176361409946,525591,-10.371527893622451,525591,-5.896648467787519,525591
Jagatsinghpur,JGS,1,"1_1_2_20_961,231",2022,2022-11-17,321,0.605160570616549,636529,-17.043920982142076,638601,-11.121553350582628,638601,-5.922367631559508,638601
Jagatsinghpur,JGS,1,"1_1_2_20_962,231",2022,2022-11-17,321,0.5961868945535493,659384,-17.591263225960013,661478,-11.80219156265759,661478,-5.789071663302378,661478
Jagatsinghpur,JGS,1,"1_1_2_20_963,231",2022,2022-11-17,321,0.6275815583703235,618961,-16.67914808749925,623890,-11.154288370074843,623890,-5.5248597174243885,623890
Jagatsinghpur,JGS,1,"1_1_2_20_964,231",2022,2022-11-17,321,0.5913922708164623,533348,-16.44548016225361,543323,-10.761938688623355,543323,-5.683541473630184,543323
Jagatsinghpur,JGS,1,"1_1_2_21_961,226",2022,2022-11-27,331,0.3240330908413275,12270,-16.862333423714492,12383,-11.390049069135205,12383,-5.472284354579262,12383
Jagatsinghpur,JGS,1,"1_1_2_21_959,227",2022,2022-11-27,331,0.5378330631103713,510204,-16.726839716449096,510204,-11.299020260871862,510204,-5.427819455577242,510204
Jagatsinghpur,JGS,1,"1_1_2_21_960,227",2022,2022-11-27,331,0.4681253996311615,432102,-17.24333262501377,432279,-11.515580166646243,432279,-5.727752458367542,432279
Jagatsinghpur,JGS,1,"1_1_2_21_961,227",2022,2022-11-27,331,0.37587214349745873,447384,-16.69070204245975,447583,-11.036056417945996,447583,-5.65464562451375,447583
Jagatsinghpur,JGS,1,"1_1_2_21_962,227",2022,2022-11-27,331,0.3032058456667371,786,-19.80722909242268,786,-13.390000202447382,786,-6.417228889975303,786
Jagatsinghpur,JGS,1,"1_1_2_21_958,228",2022,2022-11-27,331,0.46519758965488245,657750,-17.276887284135665,657750,-11.787703511397075,657750,-5.48918377273866,657750
Jagatsinghpur,JGS,1,"1_1_2_21_959,228",2022,2022-11-27,331,0.5020798228621747,653265,-17.147380965565084,653265,-11.427371847639611,653265,-5.720009117925427,653265
Jagatsinghpur,JGS,1,"1_1_2_21_960,228",2022,2022-11-27,331,0.5457365553312832,693526,-16.400405039098953,693526,-10.807143975994103,693526,-5.593261063104826,693526
Jagatsinghpur,JGS,1,"1_1_2_21_961,228",2022,2022-11-27,331,0.4251379865599183,728813,-16.39579790740106,728813,-10.870356853877473,728813,-5.5254410535235525,728813
Jagatsinghpur,JGS,1,"1_1_2_21_962,228",2022,2022-11-27,331,0.39044745034817807,246956,-18.215461696185077,246956,-11.842675046400347,246956,-6.372786649784811,246956
Jagatsinghpur,JGS,1,"1_1_2_21_958,229",2022,2022-11-27,331,0.47712182663780667,604467,-17.532549195178586,604467,-12.017458050673817,604467,-5.515091144504745,604467
Jagatsinghpur,JGS,1,"1_1_2_21_959,229",2022,2022-11-27,331,0.5136630884517439,604967,-16.837433533333137,604967,-11.280765505046961,604967,-5.55666802828615,604967
Jagatsinghpur,JGS,1,"1_1_2_21_960,229",2022,2022-11-27,331,0.5220352650602441,733746,-16.295010673917886,733746,-10.641385185105182,733746,-5.653625488812697,733746
Jagatsinghpur,JGS,1,"1_1_2_21_961,229",2022,2022-11-27,331,0.4631914734952823,778594,-16.40220740161012,778594,-10.937109167758486,778594,-5.465098233851553,778594
Jagatsinghpur,JGS,1,"1_1_2_21_962,229",2022,2022-11-27,331,0.42942042039889133,513831,-16.892473913997584,513858,-10.996240037428594,513858,-5.8962338765689575,513858
Jagatsinghpur,JGS,1,"1_1_2_21_963,229",2022,2022-11-27,331,0.46576440181119244,55674,-16.589780976624017,55675,-10.613171435205626,55675,-5.976609541418365,55675
Jagatsinghpur,JGS,1,"1_1_2_21_964,229",2022,2022-11-27,331,,0,,0,,0,,0
Jagatsinghpur,JGS,1,"1_1_2_21_957,230",2022,2022-11-27,331,0.47904178099353906,620511,-17.452077415846002,620511,-12.095007812222468,620511,-5.357069603623513,620511
Jagatsinghpur,JGS,1,"1_1_2_21_958,230",2022,2022-11-27,331,0.520730312258938,574078,-17.043726541493303,574078,-11.750535501362942,574078,-5.2931910401303375,574078
Jagatsinghpur,JGS,1,"1_1_2_21_959,230",2022,2022-11-27,331,0.530192867970039,640106,-16.38112577434563,640106,-10.964272050539195,640106,-5.416853723806459,640106
Jagatsinghpur,JGS,1,"1_1_2_21_960,230",2022,2022-11-27,331,0.5098589061528497,679387,-16.315476590414516,679387,-10.898092442015512,679387,-5.417384148398987,679387
Jagatsinghpur,JGS,1,"1_1_2_21_961,230",2022,2022-11-27,331,0.559935249437692,712352,-15.986296313217053,712352,-10.380706057871961,712352,-5.605590255345065,712352
Jagatsinghpur,JGS,1,"1_1_2_21_962,230",2022,2022-11-27,331,0.48672367873505534,741892,-15.903583323483918,741892,-10.486966897629308,741892,-5.416616425854626,741892
Jagatsinghpur,JGS,1,"1_1_2_21_963,230",2022,2022-11-27,331,0.46964518055746113,601275,-15.830525706646474,601275,-10.40750563486054,601275,-5.4230200717859525,601275
Jagatsinghpur,JGS,1,"1_1_2_21_964,230",2022,2022-11-27,331,0.4936339645144371,124894,-17.19848484079234,125259,-10.974208212496299,125259,-6.224276628296057,125259
Jagatsinghpur,JGS,1,"1_1_2_21_965,230",2022,2022-11-27,331,0.46608871954650477,10010,-16.83666691814365,10328,-11.186298454475649,10328,-5.650368463668027,10328
Jagatsinghpur,JGS,1,"1_1_2_21_957,231",2022,2022-11-27,331,0.4951255379946809,535010,-17.349655982769686,519826,-11.790034868056468,519826,-5.559621114713252,519826
Jagatsinghpur,JGS,1,"1_1_2_21_958,231",2022,2022-11-27,331,0.5049020967581337,649727,-16.89947125534191,649727,-11.556897130929967,649727,-5.342574124411973,649727
Jagatsinghpur,JGS,1,"1_1_2_21_959,231",2022,2022-11-27,331,0.5321328126152949,544379,-16.808680295727772,544379,-11.497800285759107,544379,-5.310880009968681,544379
Jagatsinghpur,JGS,1,"1_1_2_21_960,231",2022,2022-11-27,331,0.507970346253066,525591,-16.611482661896456,525591,-11.211516165698638,525591,-5.39996649619779,525591
Jagatsinghpur,JGS,1,"1_1_2_21_961,231",2022,2022-11-27,331,0.5128580077372884,638601,-16.855503580696944,638601,-11.226146036120607,638601,-5.629357544576388,638601
Jagatsinghpur,JGS,1,"1_1_2_21_962,231",2022,2022-11-27,331,0.4908060420360284,661478,-17.14678255802254,661478,-11.401298485955557,661478,-5.745484072067015,661478
Jagatsinghpur,JGS,1,"1_1_2_21_963,231",2022,2022-11-27,331,0.5205190042155158,623334,-16.02140176134697,623890,-10.64669079803233,623890,-5.37471096331468,623890
Jagatsinghpur,JGS,1,"1_1_2_21_964,231",2022,2022-11-27,331,0.4732173769219583,540189,-15.991306095798901,543323,-10.51688542287174,543323,-5.474420672927134,543323
Jagatsinghpur,JGS,1,"1_1_2_22_961,226",2022,2022-12-07,341,0.2750200731099913,12319,-18.592553623355485,12383,-12.657861717815704,12383,-5.934691905539805,12383
Jagatsinghpur,JGS,1,"1_1_2_22_959,227",2022,2022-12-07,341,0.4465187643479682,510204,-16.49650910126228,510204,-10.893973184566955,510204,-5.602535916695335,510204
Jagatsinghpur,JGS,1,"1_1_2_22_960,227",2022,2022-12-07,341,0.37662402056499106,432270,-17.516763037923567,432279,-11.484107608287081,432279,-6.0326554296364465,432279
Jagatsinghpur,JGS,1,"1_1_2_22_961,227",2022,2022-12-07,341,0.30172562737221204,417507,-17.978646118452485,447583,-11.915779648560951,447583,-6.06286646989158,447583
Jagatsinghpur,JGS,1,"1_1_2_22_962,227",2022,2022-12-07,341,0.25973181116488064,786,-19.821898250152515,786,-13.755780786125229,786,-6.066117464027318,786
Jagatsinghpur,JGS,1,"1_1_2_22_958,228",2022,2022-12-07,341,0.3988096996360022,657750,-17.017369673302028,657750,-11.170434921908504,657750,-5.846934751393581,657750
Jagatsinghpur,JGS,1,"1_1_2_22_959,228",2022,2022-12-07,341,0.41554303475289567,653265,-17.16433383492061,653265,-11.142355869230077,653265,-6.021977965690529,653265
Jagatsinghpur,JGS,1,"1_1_2_22_960,228",2022,2022-12-07,341,0.4407239222871693,693526,-16.158163129334074,693526,-10.619908618916925,693526,-5.538254510417187,693526
Jagatsinghpur,JGS,1,"1_1_2_22_961,228",2022,2022-12-07,341,0.3228068045012343,728671,-17.086465278351127,728813,-11.281649290872402,728813,-5.804815987478686,728813
Jagatsinghpur,JGS,1,"1_1_2_22_962,228",2022,2022-12-07,341,0.3430221295956245,239951,-18.468651759379508,246956,-12.090700027092891,246956,-6.377951732286637,246956
Jagatsinghpur,JGS,1,"1_1_2_22_958,229",2022,2022-12-07,341,0.4167486437020344,604467,-17.06016295587936,604467,-11.25777108560136,604467,-5.802391870278004,604467
Jagatsinghpur,JGS,1,"1_1_2_22_959,229",2022,2022-12-07,341,0.41224120936458947,604967,-16.561311954691607,604967,-10.806766961560932,604967,-5.754544993130692,604967
Jagatsinghpur,JGS,1,"1_1_2_22_960,229",2022,2022-12-07,341,0.4166288476860404,733746,-15.789516942541566,733746,-10.291990245148792,733746,-5.497526697392769,733746
Jagatsinghpur,JGS,1,"1_1_2_22_961,229",2022,2022-12-07,341,0.35692429299759537,778537,-16.560834487633674,778594,-11.010320308808346,778594,-5.550514178825317,778594
Jagatsinghpur,JGS,1,"1_1_2_22_962,229",2022,2022-12-07,341,0.363571795416781,511882,-17.328253797939837,513858,-11.389213835770928,513858,-5.939039962168885,513858
Jagatsinghpur,JGS,1,"1_1_2_22_963,229",2022,2022-12-07,341,0.3736015960008821,23530,-17.329497671056302,55675,-11.349160152385554,55675,-5.980337518670773,55675
Jagatsinghpur,JGS,1,"1_1_2_22_964,229",2022,2022-12-07,341,,0,,0,,0,,0
Jagatsinghpur,JGS,1,"1_1_2_22_957,230",2022,2022-12-07,341,0.41661417920172783,620511,-16.877146824838352,620511,-11.190106527361467,620511,-5.687040297476895,620511
Jagatsinghpur,JGS,1,"1_1_2_22_958,230",2022,2022-12-07,341,0.4309472681404194,574078,-16.608439409044543,574078,-11.134392911301106,574078,-5.474046497743384,574078
Jagatsinghpur,JGS,1,"1_1_2_22_959,230",2022,2022-12-07,341,0.41446095709387415,640106,-16.0103840002405,640106,-10.562030460095711,640106,-5.448353540144761,640106
Jagatsinghpur,JGS,1,"1_1_2_22_960,230",2022,2022-12-07,341,0.3966079701345935,679387,-15.87738635679885,679387,-10.364512337518631,679387,-5.512874019280275,679387
Jagatsinghpur,JGS,1,"1_1_2_22_961,230",2022,2022-12-07,341,0.42532601083187915,712352,-15.814997986236234,712352,-10.205128301608092,712352,-5.60986968462819,712352
Jagatsinghpur,JGS,1,"1_1_2_22_962,230",2022,2022-12-07,341,0.36874199406335667,734019,-15.910384478355132,741892,-10.250866534859586,741892,-5.659517943495521,741892
Jagatsinghpur,JGS,1,"1_1_2_22_963,230",2022,2022-12-07,341,0.38390038765719714,453758,-16.118256690896132,601275,-10.517109900327743,601275,-5.601146790568362,601275
Jagatsinghpur,JGS,1,"1_1_2_22_964,230",2022,2022-12-07,341,0.46625082616554314,125259,-17.346599836099294,125259,-11.114125878424957,125259,-6.23247395767434,125259
Jagatsinghpur,JGS,1,"1_1_2_22_965,230",2022,2022-12-07,341,0.44798000557542034,10288,-16.383069093059234,10328,-10.728308019262377,10328,-5.654761073796872,10328
Jagatsinghpur,JGS,1,"1_1_2_22_957,231",2022,2022-12-07,341,0.44041344965325385,535010,-16.869812441120562,535010,-11.08292065850618,535010,-5.78689178261438,535010
Jagatsinghpur,JGS,1,"1_1_2_22_958,231",2022,2022-12-07,341,0.4181657995109606,649727,-16.49885390892298,649727,-10.993137685823578,649727,-5.505716223099383,649727
Jagatsinghpur,JGS,1,"1_1_2_22_959,231",2022,2022-12-07,341,0.41828292784068366,544379,-16.4237162800224,544379,-10.886057951624931,544379,-5.537658328397515,544379
Jagatsinghpur,JGS,1,"1_1_2_22_960,231",2022,2022-12-07,341,0.41498398248770296,525591,-16.35814482218266,525591,-10.656583318104204,525591,-5.701561504078473,525591
Jagatsinghpur,JGS,1,"1_1_2_22_961,231",2022,2022-12-07,341,0.4315701357245879,638601,-17.05835696055251,638601,-11.217713008476066,638601,-5.840643952076441,638601
Jagatsinghpur,JGS,1,"1_1_2_22_962,231",2022,2022-12-07,341,0.4200421206566425,661446,-17.339660805145453,661478,-11.44209471405137,661478,-5.8975660910940695,661478
Jagatsinghpur,JGS,1,"1_1_2_22_963,231",2022,2022-12-07,341,0.4202427747707742,623072,-16.142783270038183,623890,-10.622387178088578,623890,-5.520396091949606,623890
Jagatsinghpur,JGS,1,"1_1_2_22_964,231",2022,2022-12-07,341,0.38747413188356483,542704,-16.55921239110025,543323,-10.877064198664536,543323,-5.682148192435702,543323
Jagatsinghpur,JGS,1,"1_1_2_23_961,226",2022,2022-12-17,351,0.2722615457670992,12296,-18.71676221808558,12383,-12.60937071075779,12383,-6.107391507327798,12383
Jagatsinghpur,JGS,1,"1_1_2_23_959,227",2022,2022-12-17,351,0.37864584234731685,510204,-16.917531690079425,510204,-10.702132263862161,510204,-6.215399426217232,510204
Jagatsinghpur,JGS,1,"1_1_2_23_960,227",2022,2022-12-17,351,0.3396594979792991,432161,-18.115692914324676,432279,-11.503405864141484,432279,-6.6122870501831965,432279
Jagatsinghpur,JGS,1,"1_1_2_23_961,227",2022,2022-12-17,351,0.29646396169591116,447289,-18.290250445200396,447583,-12.030962974651315,447583,-6.259287470549163,447583
Jagatsinghpur,JGS,1,"1_1_2_23_962,227",2022,2022-12-17,351,0.28658325754285324,455,-19.24501957678306,786,-13.067082337115712,786,-6.177937239667325,786
Jagatsinghpur,JGS,1,"1_1_2_23_958,228",2022,2022-12-17,351,0.35120786156705686,657750,-17.2489216541969,657750,-10.899706106791115,657750,-6.349215547405796,657750
Jagatsinghpur,JGS,1,"1_1_2_23_959,228",2022,2022-12-17,351,0.36005574577243155,653265,-17.712388300695523,653265,-11.107925000437353,653265,-6.604463300258205,653265
Jagatsinghpur,JGS,1,"1_1_2_23_960,228",2022,2022-12-17,351,0.3751093932692106,693526,-16.40775378943969,693526,-10.551070827113302,693526,-5.85668296232641,693526
Jagatsinghpur,JGS,1,"1_1_2_23_961,228",2022,2022-12-17,351,0.297987894195912,728813,-17.615689700045365,728813,-11.524369294306876,728813,-6.091320405738466,728813
Jagatsinghpur,JGS,1,"1_1_2_23_962,228",2022,2022-12-17,351,0.33975389881896145,246774,-18.276978196790324,246956,-11.894906682913625,246956,-6.382071513876647,246956
Jagatsinghpur,JGS,1,"1_1_2_23_958,229",2022,2022-12-17,351,0.36843944844522375,604467,-17.240965649595964,604467,-10.94182830485342,604467,-6.299137344742521,604467
Jagatsinghpur,JGS,1,"1_1_2_23_959,229",2022,2022-12-17,351,0.3418568297202517,604967,-16.780897410065638,604967,-10.51622561474063,604967,-6.264671795325006,604967
Jagatsinghpur,JGS,1,"1_1_2_23_960,229",2022,2022-12-17,351,0.3501630404275903,733746,-15.928934980294217,733746,-10.194372797853292,733746,-5.7345621824408575,733746
Jagatsinghpur,JGS,1,"1_1_2_23_961,229",2022,2022-12-17,351,0.32881572351601895,778594,-16.920209504984463,778594,-11.15380309109699,778594,-5.766406413887448,778594
Jagatsinghpur,JGS,1,"1_1_2_23_962,229",2022,2022-12-17,351,0.3398420022560088,513858,-17.50631133646859,513858,-11.435798636025494,513858,-6.070512700443075,513858
Jagatsinghpur,JGS,1,"1_1_2_23_963,229",2022,2022-12-17,351,0.3627241218615898,55675,-17.647488871625818,55675,-11.456721035967565,55675,-6.190767835658261,55675
Jagatsinghpur,JGS,1,"1_1_2_23_964,229",2022,2022-12-17,351,,0,,0,,0,,0
Jagatsinghpur,JGS,1,"1_1_2_23_957,230",2022,2022-12-17,351,0.336039865202587,620511,-16.971040708364754,620511,-10.845515289455042,620511,-6.125525418909679,620511
Jagatsinghpur,JGS,1,"1_1_2_23_958,230",2022,2022-12-17,351,0.3556556993422125,574078,-16.756871193038425,574078,-10.80186885860583,574078,-5.955002334432574,574078
Jagatsinghpur,JGS,1,"1_1_2_23_959,230",2022,2022-12-17,351,0.33575661633816856,640106,-16.054947665004153,640106,-10.259461728726986,640106,-5.795485936277156,640106
Jagatsinghpur,JGS,1,"1_1_2_23_960,230",2022,2022-12-17,351,0.3270171651033912,679387,-15.965628934750873,679387,-10.038187247364636,679387,-5.927441687386261,679387
Jagatsinghpur,JGS,1,"1_1_2_23_961,230",2022,2022-12-17,351,0.3620835810418328,712352,-15.764519842493046,712352,-9.993083714206147,712352,-5.771436128286895,712352
Jagatsinghpur,JGS,1,"1_1_2_23_962,230",2022,2022-12-17,351,0.32868995675318646,741892,-16.300685095049598,741892,-10.574922562724147,741892,-5.725762532325439,741892
Jagatsinghpur,JGS,1,"1_1_2_23_963,230",2022,2022-12-17,351,0.35225697595788075,601275,-16.45492518313024,601275,-10.681390942144809,601275,-5.773534240985428,601275
Jagatsinghpur,JGS,1,"1_1_2_23_964,230",2022,2022-12-17,351,0.44089675856434996,125171,-17.377903547090668,125259,-10.993000907095615,125259,-6.384902639995022,125259
Jagatsinghpur,JGS,1,"1_1_2_23_965,230",2022,2022-12-17,351,0.2840390130222983,10328,-16.20931495161784,10328,-10.412371075722554,10328,-5.796943875895271,10328
Jagatsinghpur,JGS,1,"1_1_2_23_957,231",2022,2022-12-17,351,0.3444855696385534,530876,-16.78128517855598,535010,-10.606809095015972,535010,-6.174476083540045,535010
Jagatsinghpur,JGS,1,"1_1_2_23_958,231",2022,2022-12-17,351,0.3424115734985037,649727,-16.54219700705469,649727,-10.59804419857671,649727,-5.94415280847793,649727
Jagatsinghpur,JGS,1,"1_1_2_23_959,231",2022,2022-12-17,351,0.3608514463056775,544379,-16.652993106667793,544379,-10.52087927126127,544379,-6.132113835406557,544379
Jagatsinghpur,JGS,1,"1_1_2_23_960,231",2022,2022-12-17,351,0.3740990458109976,525591,-16.663712359954484,525591,-10.455334098518616,525591,-6.208378261435885,525591
Jagatsinghpur,JGS,1,"1_1_2_23_961,231",2022,2022-12-17,351,0.391693140044857,638601,-17.426509699256023,638601,-11.141977161373909,638601,-6.284532537882103,638601
Jagatsinghpur,JGS,1,"1_1_2_23_962,231",2022,2022-12-17,351,0.3879273498137293,661478,-17.509475451389505,661478,-11.3431564435,661478,-6.1663190078894825,661478
Jagatsinghpur,JGS,1,"1_1_2_23_963,231",2022,2022-12-17,351,0.3791439506770232,623890,-16.587297279868896,623890,-10.756000051696379,623890,-5.831297228172529,623890
Jagatsinghpur,JGS,1,"1_1_2_23_964,231",2022,2022-12-17,351,0.35806505989115356,543226,-16.922513268635015,543323,-10.982381139426309,543323,-5.940132129208628,543323
Jagatsinghpur,JGS,1,"1_2_0_961,226",2023,2023-05-01,121,0.19396818905660532,12320,-21.160174439157537,12383,-12.786954989023153,12383,-8.373219450134325,12383
Jagatsinghpur,JGS,1,"1_2_0_959,227",2023,2023-05-01,121,0.2768632368774616,510204,-20.79726744961433,510204,-12.795372063538736,510204,-8.001895386075576,510204
Jagatsinghpur,JGS,1,"1_2_0_960,227",2023,2023-05-01,121,0.257293732721562,432274,-21.04550405486601,432279,-12.95783528701406,432279,-8.087668767851998,432279
Jagatsinghpur,JGS,1,"1_2_0_961,227",2023,2023-05-01,121,0.2562557491780882,447428,-22.59077353120057,447583,-13.578404984828618,447583,-9.012368546371981,447583
Jagatsinghpur,JGS,1,"1_2_0_962,227",2023,2023-05-01,121,0.2423563754028829,786,-20.878360106978363,786,-12.313339473517077,786,-8.56502063346127,786
Jagatsinghpur,JGS,1,"1_2_0_958,228",2023,2023-05-01,121,0.28796483394067274,657750,-20.491710403303756,657750,-12.83780510213075,657750,-7.653905301172962,657750
Jagatsinghpur,JGS,1,"1_2_0_959,228",2023,2023-05-01,121,0.2658072642578696,653251,-21.022760366905832,653265,-12.717259298253703,653265,-8.305501068652086,653265
Jagatsinghpur,JGS,1,"1_2_0_960,228",2023,2023-05-01,121,0.26696658515535204,693525,-20.272396834214796,693526,-12.184547153189103,693526,-8.08784968102571,693526
Jagatsinghpur,JGS,1,"1_2_0_961,228",2023,2023-05-01,121,0.24975449481748743,728810,-22.129653600265893,728813,-13.299184904475338,728813,-8.83046869579059,728813
Jagatsinghpur,JGS,1,"1_2_0_962,228",2023,2023-05-01,121,0.30156934598297463,246159,-21.457901697678636,246956,-13.37768709231728,246956,-8.080214605361398,246956
Jagatsinghpur,JGS,1,"1_2_0_958,229",2023,2023-05-01,121,0.3568333796656369,604467,-19.598285550705477,604467,-12.61506035371544,604467,-6.983225196990118,604467
Jagatsinghpur,JGS,1,"1_2_0_959,229",2023,2023-05-01,121,0.2947433366698389,604965,-20.294522175894233,604967,-12.519725953179108,604967,-7.7747962227151355,604967
Jagatsinghpur,JGS,1,"1_2_0_960,229",2023,2023-05-01,121,0.29637966680604705,733746,-19.802823574729846,733746,-12.230365908576871,733746,-7.572457666153037,733746
Jagatsinghpur,JGS,1,"1_2_0_961,229",2023,2023-05-01,121,0.27873441837101864,778584,-20.69010317564545,778594,-12.810340812377751,778594,-7.879762363267681,778594
Jagatsinghpur,JGS,1,"1_2_0_962,229",2023,2023-05-01,121,0.31063287772003806,513579,-20.964581408536375,513858,-13.236431019181719,513858,-7.7281503893546715,513858
Jagatsinghpur,JGS,1,"1_2_0_963,229",2023,2023-05-01,121,0.3962860863879227,55666,-19.386657007732893,55675,-12.61767595880197,55675,-6.768981048930873,55675
Jagatsinghpur,JGS,1,"1_2_0_964,229",2023,2023-05-01,121,,0,,0,,0,,0
Jagatsinghpur,JGS,1,"1_2_0_957,230",2023,2023-05-01,121,0.4560517055565681,616899,-18.18425403272891,620511,-11.887602801640298,620511,-6.296651231088641,620511
Jagatsinghpur,JGS,1,"1_2_0_958,230",2023,2023-05-01,121,0.38572544791373303,574078,-19.254073226304573,574078,-12.285452980790211,574078,-6.968620245514291,574078
Jagatsinghpur,JGS,1,"1_2_0_959,230",2023,2023-05-01,121,0.33838928791811074,640105,-19.26228109772074,640106,-12.04639655509794,640106,-7.215884542622752,640106
Jagatsinghpur,JGS,1,"1_2_0_960,230",2023,2023-05-01,121,0.32536554767304726,679386,-19.305764099631723,679387,-11.891952324568162,679387,-7.413811775063551,679387
Jagatsinghpur,JGS,1,"1_2_0_961,230",2023,2023-05-01,121,0.339850821507715,712350,-19.4472109875203,712352,-12.019612718030825,712352,-7.427598269489564,712352
Jagatsinghpur,JGS,1,"1_2_0_962,230",2023,2023-05-01,121,0.3293805627921066,741869,-20.329681764082967,741892,-12.529224585935665,741892,-7.800457178147314,741892
Jagatsinghpur,JGS,1,"1_2_0_963,230",2023,2023-05-01,121,0.40094771089593473,601102,-19.201409846077865,601275,-12.129429089182032,601275,-7.071980756895862,601275
Jagatsinghpur,JGS,1,"1_2_0_964,230",2023,2023-05-01,121,0.5078886065487604,123951,-18.05781721881636,125259,-11.5433890586042,125259,-6.514428160212175,125259
Jagatsinghpur,JGS,1,"1_2_0_965,230",2023,2023-05-01,121,0.46913620432550335,9199,-17.80594455712773,10328,-11.89738801774037,10328,-5.908556539387389,10328
Jagatsinghpur,JGS,1,"1_2_0_957,231",2023,2023-05-01,121,0.4227522678329015,524133,-17.993909373620987,524674,-11.313858344952424,524674,-6.6800510286685135,524674
Jagatsinghpur,JGS,1,"1_2_0_958,231",2023,2023-05-01,121,0.4107634111076661,649727,-17.81431116908947,649727,-11.02803681660577,649727,-6.786274352483695,649727
Jagatsinghpur,JGS,1,"1_2_0_959,231",2023,2023-05-01,121,0.4149117699728538,544379,-18.084895973279487,544379,-11.124586410754482,544379,-6.960309562524977,544379
Jagatsinghpur,JGS,1,"1_2_0_960,231",2023,2023-05-01,121,0.4050217561832074,525589,-18.136486088865826,525591,-10.856849271300701,525591,-7.279636817565149,525591
Jagatsinghpur,JGS,1,"1_2_0_961,231",2023,2023-05-01,121,0.41952098776360314,638591,-18.325554632023536,638601,-11.243257942137227,638601,-7.082296689886265,638601
Jagatsinghpur,JGS,1,"1_2_0_962,231",2023,2023-05-01,121,0.38147506242248785,661476,-19.646699257171093,661478,-12.159434557569922,661478,-7.48726469960115,661478
Jagatsinghpur,JGS,1,"1_2_0_963,231",2023,2023-05-01,121,0.4295696926172639,623819,-18.678985153657152,623890,-11.545648288672295,623890,-7.133336864984798,623890
Jagatsinghpur,JGS,1,"1_2_0_964,231",2023,2023-05-01,121,0.42199388710222036,542404,-18.373737066780443,543323,-11.53218641139741,543323,-6.841550655383028,543323
Jagatsinghpur,JGS,1,"1_2_1_961,226",2023,2023-05-11,131,0.14362318794975018,12103,-21.3092290512369,12383,-12.774183915951657,12383,-8.535045135285412,12383
Jagatsinghpur,JGS,1,"1_2_1_959,227",2023,2023-05-11,131,0.23679620203545962,508772,-20.38495932747337,510204,-12.01844751240398,510204,-8.366511815069359,510204
Jagatsinghpur,JGS,1,"1_2_1_960,227",2023,2023-05-11,131,0.19718367685660443,308338,-20.750478678454822,432279,-12.420566912911731,432279,-8.329911765543104,432279
Jagatsinghpur,JGS,1,"1_2_1_961,227",2023,2023-05-11,131,0.1656039827781855,194353,-22.626474083657463,447583,-13.598238431905182,447583,-9.028235651752203,447583
Jagatsinghpur,JGS,1,"1_2_1_962,227",2023,2023-05-11,131,0.13427146416915345,12,-21.12258921089154,786,-12.09297469222527,786,-9.029614518666271,786
Jagatsinghpur,JGS,1,"1_2_1_958,228",2023,2023-05-11,131,0.22407778728355676,646753,-20.122248553562684,657750,-12.050545129858268,657750,-8.071703423704461,657750
Jagatsinghpur,JGS,1,"1_2_1_959,228",2023,2023-05-11,131,0.2111957150408691,650758,-20.58571034912461,653265,-11.884307032824921,653265,-8.701403316299738,653265
Jagatsinghpur,JGS,1,"1_2_1_960,228",2023,2023-05-11,131,0.21891326128693195,534796,-19.99913966416746,693526,-11.688708611505868,693526,-8.310431052661682,693526
Jagatsinghpur,JGS,1,"1_2_1_961,228",2023,2023-05-11,131,0.15594383324379785,178551,-22.122877252386434,728813,-13.226844359445552,728813,-8.89603289294095,728813
Jagatsinghpur,JGS,1,"1_2_1_962,228",2023,2023-05-11,131,0.22945228793941305,141138,-21.401711273646665,246956,-13.250104330666344,246956,-8.15160694298028,246956
Jagatsinghpur,JGS,1,"1_2_1_958,229",2023,2023-05-11,131,0.30746828974843254,604239,-19.344721772832944,604467,-11.87069564816311,604467,-7.474026124669857,604467
Jagatsinghpur,JGS,1,"1_2_1_959,229",2023,2023-05-11,131,0.2539234069690062,582488,-20.042203196101166,604967,-11.844968968661147,604967,-8.19723422744003,604967
Jagatsinghpur,JGS,1,"1_2_1_960,229",2023,2023-05-11,131,0.2250616479929031,590527,-19.404794373895125,733746,-11.577983460809804,733746,-7.826810913085294,733746
Jagatsinghpur,JGS,1,"1_2_1_961,229",2023,2023-05-11,131,0.16726215199163308,151736,-20.767088134999483,778594,-12.907642618515657,778594,-7.859445516483741,778594
Jagatsinghpur,JGS,1,"1_2_1_962,229",2023,2023-05-11,131,0.2369471100194686,214643,-21.218041544323214,513858,-13.396618620730079,513858,-7.821422923593151,513858
Jagatsinghpur,JGS,1,"1_2_1_963,229",2023,2023-05-11,131,0.31936806572293813,50461,-19.791863791080058,55675,-12.959157489891053,55675,-6.832706301189069,55675
Jagatsinghpur,JGS,1,"1_2_1_964,229",2023,2023-05-11,131,,0,,0,,0,,0
Jagatsinghpur,JGS,1,"1_2_1_957,230",2023,2023-05-11,131,0.4157140209586237,620511,-18.154150339388753,620511,-11.486308893825443,620511,-6.667841445563303,620511
Jagatsinghpur,JGS,1,"1_2_1_958,230",2023,2023-05-11,131,0.3654292221407068,574078,-19.16630981257781,574078,-11.744569558578837,574078,-7.421740253998943,574078
Jagatsinghpur,JGS,1,"1_2_1_959,230",2023,2023-05-11,131,0.3078770557959279,640106,-19.047880937609108,640106,-11.430685805456083,640106,-7.617195132152975,640106
Jagatsinghpur,JGS,1,"1_2_1_960,230",2023,2023-05-11,131,0.2850815100246705,679387,-19.083038099106503,679387,-11.32731733120601,679387,-7.755720767900508,679387
Jagatsinghpur,JGS,1,"1_2_1_961,230",2023,2023-05-11,131,0.25647771409332365,320828,-19.557288267520136,712352,-12.02422322516883,712352,-7.5330650423513115,712352
Jagatsinghpur,JGS,1,"1_2_1_962,230",2023,2023-05-11,131,0.2286432099119667,318041,-20.6081663010153,741892,-12.713634710613498,741892,-7.894531590401773,741892
Jagatsinghpur,JGS,1,"1_2_1_963,230",2023,2023-05-11,131,0.29822442239675245,342690,-19.611717808518325,601275,-12.418889736063795,601275,-7.192828072454522,601275
Jagatsinghpur,JGS,1,"1_2_1_964,230",2023,2023-05-11,131,0.37964263139286136,62097,-18.297480604173124,125259,-11.908154409772921,125259,-6.389326194400203,125259
Jagatsinghpur,JGS,1,"1_2_1_965,230",2023,2023-05-11,131,0.21012441129094223,1385,-18.064707254687562,10328,-12.280828755372513,10328,-5.7838784993150645,10328
Jagatsinghpur,JGS,1,"1_2_1_957,231",2023,2023-05-11,131,0.4595047472318114,535010,-18.415935166570467,535010,-11.39370922376859,535010,-7.022225942801858,535010
Jagatsinghpur,JGS,1,"1_2_1_958,231",2023,2023-05-11,131,0.4103947413594868,649723,-18.462935039932564,649727,-11.229015242144085,649727,-7.233919797788456,649727
Jagatsinghpur,JGS,1,"1_2_1_959,231",2023,2023-05-11,131,0.3739833963748874,544344,-18.58642560790822,544379,-11.098961900071576,544379,-7.487463707836582,544379
Jagatsinghpur,JGS,1,"1_2_1_960,231",2023,2023-05-11,131,0.32250080707950196,497899,-18.987852342846967,525591,-11.148802426714388,525591,-7.839049916132587,525591
Jagatsinghpur,JGS,1,"1_2_1_961,231",2023,2023-05-11,131,0.32390934931931975,483942,-19.130688852444482,638601,-11.696570104893581,638601,-7.434118747550899,638601
Jagatsinghpur,JGS,1,"1_2_1_962,231",2023,2023-05-11,131,0.2642633128938796,467744,-20.213560843888033,661478,-12.642280178377074,661478,-7.571280665510923,661478
Jagatsinghpur,JGS,1,"1_2_1_963,231",2023,2023-05-11,131,0.2973141167212001,282258,-19.510780667498953,623890,-12.357969056799222,623890,-7.1528116106997075,623890
Jagatsinghpur,JGS,1,"1_2_1_964,231",2023,2023-05-11,131,0.3664148642500703,146971,-19.055266680263824,543323,-12.188635778492838,543323,-6.866630901771037,543323
Jagatsinghpur,JGS,1,"1_2_2_961,226",2023,2023-05-21,141,0.1636761279905611,12236,,0,,0,,0
Jagatsinghpur,JGS,1,"1_2_2_959,227",2023,2023-05-21,141,0.24626535078008974,510204,-19.921237223348964,510204,-11.144418304184294,510204,-8.776818919164663,510204
Jagatsinghpur,JGS,1,"1_2_2_960,227",2023,2023-05-21,141,0.23367784200019107,430929,-20.058187932256388,303744,-11.209819944252377,303744,-8.848367988004078,303744
Jagatsinghpur,JGS,1,"1_2_2_961,227",2023,2023-05-21,141,0.21624165632376824,447324,,0,,0,,0
Jagatsinghpur,JGS,1,"1_2_2_962,227",2023,2023-05-21,141,0.23859666635748977,786,,0,,0,,0
Jagatsinghpur,JGS,1,"1_2_2_958,228",2023,2023-05-21,141,0.22759058806707988,657750,-19.730780618182255,657750,-11.210972912719228,657750,-8.519807705463032,657750
Jagatsinghpur,JGS,1,"1_2_2_959,228",2023,2023-05-21,141,0.21376997529709482,653265,-20.006730087092183,653265,-10.872764100341255,653265,-9.13396598675098,653265
Jagatsinghpur,JGS,1,"1_2_2_960,228",2023,2023-05-21,141,0.22426585422198103,690859,-19.121589433539466,561772,-10.494060412402671,561772,-8.62752902113675,561772
Jagatsinghpur,JGS,1,"1_2_2_961,228",2023,2023-05-21,141,0.20872131736738217,726621,,0,,0,,0
Jagatsinghpur,JGS,1,"1_2_2_962,228",2023,2023-05-21,141,0.2574579663917642,246586,,0,,0,,0
Jagatsinghpur,JGS,1,"1_2_2_958,229",2023,2023-05-21,141,0.2905048739622264,604467,-19.06485422222199,604467,-10.985855490856993,604467,-8.078998731364974,604467
Jagatsinghpur,JGS,1,"1_2_2_959,229",2023,2023-05-21,141,0.25351872377702006,604967,-19.714821388244346,604967,-11.000891019163285,604967,-8.713930369081071,604967
Jagatsinghpur,JGS,1,"1_2_2_960,229",2023,2023-05-21,141,0.25373019731790436,733746,-18.85461903142602,719138,-10.718234649830567,719138,-8.136384381595464,719138
Jagatsinghpur,JGS,1,"1_2_2_961,229",2023,2023-05-21,141,0.24060081321330035,778588,-18.58800904860963,24045,-10.88270822279441,24045,-7.705300825815217,24045
Jagatsinghpur,JGS,1,"1_2_2_962,229",2023,2023-05-21,141,0.26910457261013704,513833,,0,,0,,0
Jagatsinghpur,JGS,1,"1_2_2_963,229",2023,2023-05-21,141,0.3354187101194143,55675,,0,,0,,0
Jagatsinghpur,JGS,1,"1_2_2_964,229",2023,2023-05-21,141,,0,,0,,0,,0
Jagatsinghpur,JGS,1,"1_2_2_957,230",2023,2023-05-21,141,0.39615636342882693,620511,-18.052553327515987,620511,-10.822730702543895,620511,-7.2298226249720985,620511
Jagatsinghpur,JGS,1,"1_2_2_958,230",2023,2023-05-21,141,0.3417230488143501,574078,-18.912727048959347,574078,-10.968392409233116,574078,-7.9443346397261925,574078
Jagatsinghpur,JGS,1,"1_2_2_959,230",2023,2023-05-21,141,0.289287982630344,640106,-18.77987346517223,640106,-10.686062304501858,640106,-8.093811160670377,640106
Jagatsinghpur,JGS,1,"1_2_2_960,230",2023,2023-05-21,141,0.2754263663915882,679387,-18.756769724374873,679387,-10.583452986470125,679387,-8.17331673790469,679387
Jagatsinghpur,JGS,1,"1_2_2_961,230",2023,2023-05-21,141,0.2875124923368154,712352,-18.431415277399914,141445,-10.57257731527585,141445,-7.858837962123936,141445
Jagatsinghpur,JGS,1,"1_2_2_962,230",2023,2023-05-21,141,0.27238536770749905,741892,,0,,0,,0
Jagatsinghpur,JGS,1,"1_2_2_963,230",2023,2023-05-21,141,0.31851276855034194,601225,,0,,0,,0
Jagatsinghpur,JGS,1,"1_2_2_964,230",2023,2023-05-21,141,0.42849258215693614,124792,,0,,0,,0
Jagatsinghpur,JGS,1,"1_2_2_965,230",2023,2023-05-21,141,0.4070621989754711,10320,,0,,0,,0
Jagatsinghpur,JGS,1,"1_2_2_957,231",2023,2023-05-21,141,0.4366225862194126,535010,-18.468175762942902,535010,-11.04850868679204,535010,-7.419667076150842,535010
Jagatsinghpur,JGS,1,"1_2_2_958,231",2023,2023-05-21,141,0.365434351684794,649727,-18.49467138006959,649727,-10.64298061595063,649727,-7.851690764118979,649727
Jagatsinghpur,JGS,1,"1_2_2_959,231",2023,2023-05-21,141,0.3339351891475922,544379,-18.570069904384265,544379,-10.458259255542949,544379,-8.111810648841278,544379
Jagatsinghpur,JGS,1,"1_2_2_960,231",2023,2023-05-21,141,0.3067903811566899,525591,-18.892071251931792,525591,-10.66368951702793,525591,-8.2283817349038,525591
Jagatsinghpur,JGS,1,"1_2_2_961,231",2023,2023-05-21,141,0.3111216511860366,638600,-18.604394833996047,260837,-10.654427708318188,260837,-7.94996712567782,260837
Jagatsinghpur,JGS,1,"1_2_2_962,231",2023,2023-05-21,141,0.29583415903001276,661478,,0,,0,,0
Jagatsinghpur,JGS,1,"1_2_2_963,231",2023,2023-05-21,141,0.3342241262670997,623841,,0,,0,,0
Jagatsinghpur,JGS,1,"1_2_2_964,231",2023,2023-05-21,141,0.39603312785851175,542834,,0,,0,,0
Jagatsinghpur,JGS,1,"1_2_3_961,226",2023,2023-05-31,151,,0,-21.440433129093453,12383,-12.28836013227769,12383,-9.152072996815773,12383
Jagatsinghpur,JGS,1,"1_2_3_959,227",2023,2023-05-31,151,0.19527752853118072,360648,-20.59299502412685,510204,-12.149364596424936,510204,-8.443630427701912,510204
Jagatsinghpur,JGS,1,"1_2_3_960,227",2023,2023-05-31,151,0.11711667746729673,192427,-20.81542992073448,432279,-12.451852150040299,432279,-8.363577770694176,432279
Jagatsinghpur,JGS,1,"1_2_3_961,227",2023,2023-05-31,151,0.1424550621046287,38626,-22.50069043048724,447583,-13.410005915873361,447583,-9.090684514613828,447583
Jagatsinghpur,JGS,1,"1_2_3_962,227",2023,2023-05-31,151,0.19040976472491158,675,-21.40402029213299,786,-12.506781294059826,786,-8.89723899807317,786
Jagatsinghpur,JGS,1,"1_2_3_958,228",2023,2023-05-31,151,0.20323589546097842,648536,-20.66095876265655,657750,-12.381896429348554,657750,-8.27906233330794,657750
Jagatsinghpur,JGS,1,"1_2_3_959,228",2023,2023-05-31,151,0.17274246365691415,651879,-20.52691336303095,653265,-11.698490398185971,653265,-8.828422964844897,653265
Jagatsinghpur,JGS,1,"1_2_3_960,228",2023,2023-05-31,151,0.14273043087045967,507420,-20.279680076622864,693526,-11.827209182588794,693526,-8.452470894034048,693526
Jagatsinghpur,JGS,1,"1_2_3_961,228",2023,2023-05-31,151,0.13599537395796105,325888,-22.31142405766707,728813,-13.30095704679223,728813,-9.010467010874757,728813
Jagatsinghpur,JGS,1,"1_2_3_962,228",2023,2023-05-31,151,0.18410894190351984,34543,-21.5604190430436,246956,-13.33740493692161,246956,-8.223014106122035,246956
Jagatsinghpur,JGS,1,"1_2_3_958,229",2023,2023-05-31,151,0.26269735161916175,579926,-19.752143460349266,604467,-11.87920299932089,604467,-7.872940461028389,604467
Jagatsinghpur,JGS,1,"1_2_3_959,229",2023,2023-05-31,151,0.2339532206551649,604740,-19.86052400808057,604967,-11.574023883117306,604967,-8.286500124963252,604967
Jagatsinghpur,JGS,1,"1_2_3_960,229",2023,2023-05-31,151,0.2166756958428998,719359,-19.687642398822746,733746,-11.752363619071943,733746,-7.93527877975085,733746
Jagatsinghpur,JGS,1,"1_2_3_961,229",2023,2023-05-31,151,0.1904800214917124,410085,-20.888509236289792,778594,-12.932620468839033,778594,-7.955888767450815,778594
Jagatsinghpur,JGS,1,"1_2_3_962,229",2023,2023-05-31,151,0.2125901642736696,183585,-21.176509053950802,513858,-13.300930029401567,513858,-7.875579024549233,513858
Jagatsinghpur,JGS,1,"1_2_3_963,229",2023,2023-05-31,151,0.28495724287345225,35626,-19.4682114667649,55675,-12.633788496986432,55675,-6.834422969778674,55675
Jagatsinghpur,JGS,1,"1_2_3_964,229",2023,2023-05-31,151,,0,,0,,0,,0
Jagatsinghpur,JGS,1,"1_2_3_957,230",2023,2023-05-31,151,0.3827643175341633,620511,-18.208163889861023,620511,-11.360494147563523,620511,-6.847669742297499,620511
Jagatsinghpur,JGS,1,"1_2_3_958,230",2023,2023-05-31,151,0.33461695656780926,574070,-18.610211498452212,574078,-10.960244769832816,574078,-7.649966728619404,574078
Jagatsinghpur,JGS,1,"1_2_3_959,230",2023,2023-05-31,151,0.29180560311703685,630722,-18.334548934840193,640106,-10.47862061231942,640106,-7.855928322520759,640106
Jagatsinghpur,JGS,1,"1_2_3_960,230",2023,2023-05-31,151,0.2652076936250899,664308,-19.326617322773043,679387,-11.334052617549341,679387,-7.992564705223716,679387
Jagatsinghpur,JGS,1,"1_2_3_961,230",2023,2023-05-31,151,0.27288508791127664,354102,-19.602320021100102,712352,-12.065491811921422,712352,-7.53682820917872,712352
Jagatsinghpur,JGS,1,"1_2_3_962,230",2023,2023-05-31,151,0.2635544482969757,484358,-20.59772259273885,741892,-12.647543441978373,741892,-7.950179150760485,741892
Jagatsinghpur,JGS,1,"1_2_3_963,230",2023,2023-05-31,151,0.3062600712552659,551340,-19.65164983713929,601275,-12.322023180408504,601275,-7.329626656730845,601275
Jagatsinghpur,JGS,1,"1_2_3_964,230",2023,2023-05-31,151,0.3818225596614263,101662,-18.27176112968251,125259,-11.82767398847645,125259,-6.4440871412060865,125259
Jagatsinghpur,JGS,1,"1_2_3_965,230",2023,2023-05-31,151,0.2606420292283938,5508,-18.172709550475723,10328,-12.692418938074681,10328,-5.48029061240101,10328
Jagatsinghpur,JGS,1,"1_2_3_957,231",2023,2023-05-31,151,0.4030758486955705,533855,-17.970450188564374,535010,-10.95949395155886,535010,-7.010956237005548,535010
Jagatsinghpur,JGS,1,"1_2_3_958,231",2023,2023-05-31,151,0.34100018482430905,645028,-17.511793079834742,649727,-9.927562680743888,649727,-7.584230399090848,649727
Jagatsinghpur,JGS,1,"1_2_3_959,231",2023,2023-05-31,151,0.3336515935391559,512358,-17.272297679034384,544379,-9.540366908387458,544379,-7.73193077064692,544379
Jagatsinghpur,JGS,1,"1_2_3_960,231",2023,2023-05-31,151,0.2947106099121958,524369,-19.018438178730396,525591,-10.949235435403365,525591,-8.069202743327041,525591
Jagatsinghpur,JGS,1,"1_2_3_961,231",2023,2023-05-31,151,0.2709284973170877,585555,-19.729568854311193,638601,-12.171373351784073,638601,-7.558195502527125,638601
Jagatsinghpur,JGS,1,"1_2_3_962,231",2023,2023-05-31,151,0.2920035492703382,113898,-20.32993843817313,661478,-12.896902678622784,661478,-7.433035759550392,661478
Jagatsinghpur,JGS,1,"1_2_3_963,231",2023,2023-05-31,151,0.32695307673910395,558118,-19.404198062995192,623890,-12.550626658410021,623890,-6.853571404585173,623890
Jagatsinghpur,JGS,1,"1_2_3_964,231",2023,2023-05-31,151,0.36556216935299857,423487,-19.087326833216608,543323,-12.379100326087977,543323,-6.70822650712866,543323
Jagatsinghpur,JGS,1,"1_2_4_961,226",2023,2023-06-10,161,,0,,0,,0,,0
Jagatsinghpur,JGS,1,"1_2_4_959,227",2023,2023-06-10,161,0.22225183240458865,498379,-20.056731931988203,510204,-11.18063423292702,510204,-8.876097699061203,510204
Jagatsinghpur,JGS,1,"1_2_4_960,227",2023,2023-06-10,161,0.2015641593275137,233749,-19.703342776075623,299442,-10.789964040917575,299442,-8.913378735158066,299442
Jagatsinghpur,JGS,1,"1_2_4_961,227",2023,2023-06-10,161,,0,,0,,0,,0
Jagatsinghpur,JGS,1,"1_2_4_962,227",2023,2023-06-10,161,,0,,0,,0,,0
Jagatsinghpur,JGS,1,"1_2_4_958,228",2023,2023-06-10,161,0.20834351901813264,657749,-20.214768777232493,657750,-11.42434754092175,657750,-8.790421236310713,657750
Jagatsinghpur,JGS,1,"1_2_4_959,228",2023,2023-06-10,161,0.19355753576557927,653265,-20.265762180914702,653265,-10.854035126172853,653265,-9.41172705474184,653265
Jagatsinghpur,JGS,1,"1_2_4_960,228",2023,2023-06-10,161,0.21322996116708534,494260,-19.19964432837225,554547,-10.187216599381118,554547,-9.012427728991133,554547
Jagatsinghpur,JGS,1,"1_2_4_961,228",2023,2023-06-10,161,-0.3174560219049454,6,,0,,0,,0
Jagatsinghpur,JGS,1,"1_2_4_962,228",2023,2023-06-10,161,-0.4693877696990967,1,,0,,0,,0
Jagatsinghpur,JGS,1,"1_2_4_958,229",2023,2023-06-10,161,0.27290179686445587,604467,-19.251030111074257,604467,-10.871309408469141,604467,-8.379720702605162,604467
Jagatsinghpur,JGS,1,"1_2_4_959,229",2023,2023-06-10,161,0.2749123264207319,604957,-19.505617970574654,604967,-10.557172946118087,604967,-8.948445024456587,604967
Jagatsinghpur,JGS,1,"1_2_4_960,229",2023,2023-06-10,161,0.2519804965419049,696050,-18.917896263170032,715767,-10.676380765562188,715767,-8.241515497607821,715767
Jagatsinghpur,JGS,1,"1_2_4_961,229",2023,2023-06-10,161,0.2799433395136272,10297,-18.55132824764176,19547,-10.907693641939213,19547,-7.643634605702566,19547
Jagatsinghpur,JGS,1,"1_2_4_962,229",2023,2023-06-10,161,-0.3115704049374543,51,,0,,0,,0
Jagatsinghpur,JGS,1,"1_2_4_963,229",2023,2023-06-10,161,,0,,0,,0,,0
Jagatsinghpur,JGS,1,"1_2_4_964,229",2023,2023-06-10,161,,0,,0,,0,,0
Jagatsinghpur,JGS,1,"1_2_4_957,230",2023,2023-06-10,161,0.4063069538168095,620496,-17.308001250184,620511,-10.13821034237283,620511,-7.169790907811204,620511
Jagatsinghpur,JGS,1,"1_2_4_958,230",2023,2023-06-10,161,0.3447318581457408,574078,-18.680510309074123,574078,-10.64206459846746,574078,-8.038445710606648,574078
Jagatsinghpur,JGS,1,"1_2_4_959,230",2023,2023-06-10,161,0.3482668181675274,640001,-18.517335631810553,640106,-10.19614653524765,640106,-8.32118909656283,640106
Jagatsinghpur,JGS,1,"1_2_4_960,230",2023,2023-06-10,161,0.29467353324200674,679381,-18.74574018981887,679387,-10.503595792813725,679387,-8.242144397005218,679387
Jagatsinghpur,JGS,1,"1_2_4_961,230",2023,2023-06-10,161,0.30081622191908886,134749,-18.220381255393995,134578,-10.285236722700429,134578,-7.935144532693446,134578
Jagatsinghpur,JGS,1,"1_2_4_962,230",2023,2023-06-10,161,,0,,0,,0,,0
Jagatsinghpur,JGS,1,"1_2_4_963,230",2023,2023-06-10,161,,0,,0,,0,,0
Jagatsinghpur,JGS,1,"1_2_4_964,230",2023,2023-06-10,161,,0,,0,,0,,0
Jagatsinghpur,JGS,1,"1_2_4_965,230",2023,2023-06-10,161,,0,,0,,0,,0
Jagatsinghpur,JGS,1,"1_2_4_957,231",2023,2023-06-10,161,0.40509764738599185,535010,-17.87767997093665,535010,-10.602660215470983,535010,-7.275019755465633,535010
Jagatsinghpur,JGS,1,"1_2_4_958,231",2023,2023-06-10,161,0.35566603522991985,649727,-18.344299499804848,649727,-10.385405112824335,649727,-7.958894386980509,649727
Jagatsinghpur,JGS,1,"1_2_4_959,231",2023,2023-06-10,161,0.3918939487109604,544379,-17.93419058575938,544379,-10.142371891518684,544379,-7.791818694240707,544379
Jagatsinghpur,JGS,1,"1_2_4_960,231",2023,2023-06-10,161,0.3400261751379867,525589,-18.578905874968108,525591,-10.264952821295184,525591,-8.313953053672966,525591
Jagatsinghpur,JGS,1,"1_2_4_961,231",2023,2023-06-10,161,0.29302551539267524,278755,-18.581982739894958,255066,-10.269159095816477,255066,-8.312823644078492,255066
Jagatsinghpur,JGS,1,"1_2_4_962,231",2023,2023-06-10,161,,0,,0,,0,,0
Jagatsinghpur,JGS,1,"1_2_4_963,231",2023,2023-06-10,161,,0,,0,,0,,0
Jagatsinghpur,JGS,1,"1_2_4_964,231",2023,2023-06-10,161,,0,,0,,0,,0
Jagatsinghpur,JGS,1,"1_2_5_961,226",2023,2023-06-20,171,,0,-16.23169751962198,12383,-8.803822690080642,12383,-7.427874829541326,12383
Jagatsinghpur,JGS,1,"1_2_5_959,227",2023,2023-06-20,171,,0,-18.32956776407612,510204,-9.765631939655375,510204,-8.563935824420783,510204
Jagatsinghpur,JGS,1,"1_2_5_960,227",2023,2023-06-20,171,,0,-17.33585492036133,432279,-9.185796431033005,432279,-8.150058489328368,432279
Jagatsinghpur,JGS,1,"1_2_5_961,227",2023,2023-06-20,171,,0,-17.957837497185803,447583,-9.607862736473095,447583,-8.349974760712756,447583
Jagatsinghpur,JGS,1,"1_2_5_962,227",2023,2023-06-20,171,,0,-19.79628088070354,786,-11.60130722925641,786,-8.194973651447139,786
Jagatsinghpur,JGS,1,"1_2_5_958,228",2023,2023-06-20,171,,0,-18.339009949755265,657750,-9.9940923629522,657750,-8.344917586803085,657750
Jagatsinghpur,JGS,1,"1_2_5_959,228",2023,2023-06-20,171,,0,-18.490317244837126,653265,-9.438352783311023,653265,-9.051964461526053,653265
Jagatsinghpur,JGS,1,"1_2_5_960,228",2023,2023-06-20,171,,0,-17.270166983078568,693526,-8.8805021679419,693526,-8.389664815136681,693526
Jagatsinghpur,JGS,1,"1_2_5_961,228",2023,2023-06-20,171,,0,-18.168375093066125,728813,-9.83864237861552,728813,-8.329732714450612,728813
Jagatsinghpur,JGS,1,"1_2_5_962,228",2023,2023-06-20,171,,0,-18.85577633853648,246956,-10.92994118242155,246956,-7.925835156114954,246956
Jagatsinghpur,JGS,1,"1_2_5_958,229",2023,2023-06-20,171,,0,-17.553288190354795,604467,-9.565450915953154,604467,-7.9878372744016914,604467
Jagatsinghpur,JGS,1,"1_2_5_959,229",2023,2023-06-20,171,,0,-17.30005362332619,604967,-9.123849219103107,604967,-8.17620440422309,604967
Jagatsinghpur,JGS,1,"1_2_5_960,229",2023,2023-06-20,171,,0,-16.645548369451106,733746,-8.748445718565703,733746,-7.897102650885361,733746
Jagatsinghpur,JGS,1,"1_2_5_961,229",2023,2023-06-20,171,,0,-17.70875630254733,778594,-9.852294187482887,778594,-7.856462115064406,778594
Jagatsinghpur,JGS,1,"1_2_5_962,229",2023,2023-06-20,171,,0,-18.965902087416207,513858,-11.118733667109638,513858,-7.847168420306522,513858
Jagatsinghpur,JGS,1,"1_2_5_963,229",2023,2023-06-20,171,,0,-18.42932101913213,55675,-11.579539391386435,55675,-6.849781627745654,55675
Jagatsinghpur,JGS,1,"1_2_5_964,229",2023,2023-06-20,171,,0,,0,,0,,0
Jagatsinghpur,JGS,1,"1_2_5_957,230",2023,2023-06-20,171,,0,-15.88266919977954,620511,-9.244986985343806,620511,-6.6376822144357,620511
Jagatsinghpur,JGS,1,"1_2_5_958,230",2023,2023-06-20,171,,0,-16.738951243148097,574078,-9.269943726309378,574078,-7.469007516838747,574078
Jagatsinghpur,JGS,1,"1_2_5_959,230",2023,2023-06-20,171,,0,-16.42482101711314,640106,-8.916562491490046,640106,-7.508258525623078,640106
Jagatsinghpur,JGS,1,"1_2_5_960,230",2023,2023-06-20,171,,0,-16.674679727335988,679387,-8.720021909984398,679387,-7.954657817351629,679387
Jagatsinghpur,JGS,1,"1_2_5_961,230",2023,2023-06-20,171,,0,-16.697301696283972,712352,-9.301238217545782,712352,-7.396063478738187,712352
Jagatsinghpur,JGS,1,"1_2_5_962,230",2023,2023-06-20,171,,0,-18.176059729460736,741892,-10.525576830784386,741892,-7.650482898676353,741892
Jagatsinghpur,JGS,1,"1_2_5_963,230",2023,2023-06-20,171,,0,-18.474984227153605,601275,-11.165670222988421,601275,-7.309314004165226,601275
Jagatsinghpur,JGS,1,"1_2_5_964,230",2023,2023-06-20,171,,0,-17.711040940343082,125259,-11.32817126399088,125259,-6.382869676352207,125259
Jagatsinghpur,JGS,1,"1_2_5_965,230",2023,2023-06-20,171,,0,-17.415082048600745,10328,-11.769694122124593,10328,-5.6453879264761735,10328
Jagatsinghpur,JGS,1,"1_2_5_957,231",2023,2023-06-20,171,,0,-16.501742391962203,535010,-9.567103042041566,535010,-6.934639349920615,535010
Jagatsinghpur,JGS,1,"1_2_5_958,231",2023,2023-06-20,171,,0,-16.19326515619399,649727,-9.004292187607309,649727,-7.18897296858669,649727
Jagatsinghpur,JGS,1,"1_2_5_959,231",2023,2023-06-20,171,,0,-15.84474568884542,544379,-8.851995051314763,544379,-6.992750637530652,544379
Jagatsinghpur,JGS,1,"1_2_5_960,231",2023,2023-06-20,171,,0,-16.77482353234831,525591,-9.037046299288178,525591,-7.73777723306013,525591
Jagatsinghpur,JGS,1,"1_2_5_961,231",2023,2023-06-20,171,,0,-17.801291568539785,638601,-10.164145610569069,638601,-7.637145957970744,638601
Jagatsinghpur,JGS,1,"1_2_5_962,231",2023,2023-06-20,171,,0,-19.27789947309688,661478,-11.693430993144972,661478,-7.5844684799518305,661478
Jagatsinghpur,JGS,1,"1_2_5_963,231",2023,2023-06-20,171,,0,-18.932059919310774,623890,-11.838670726489303,623890,-7.093389192821521,623890
Jagatsinghpur,JGS,1,"1_2_5_964,231",2023,2023-06-20,171,,0,-18.366748770894024,543323,-11.661636192551962,543323,-6.705112578342099,543323
Jagatsinghpur,JGS,1,"1_2_6_961,226",2023,2023-06-30,181,0.30195578201478696,3988,-17.419791280380533,12383,-9.938157038891186,12383,-7.48163424148934,12383
Jagatsinghpur,JGS,1,"1_2_6_959,227",2023,2023-06-30,181,0.3020165965995811,452879,-16.395897748390468,510204,-9.365089018399509,510204,-7.030808729991004,510204
Jagatsinghpur,JGS,1,"1_2_6_960,227",2023,2023-06-30,181,0.31132125392568594,358458,-16.81333099749158,432279,-9.797510678431278,432279,-7.015820319060262,432279
Jagatsinghpur,JGS,1,"1_2_6_961,227",2023,2023-06-30,181,0.2739181195687231,384198,-18.961032191088027,447583,-10.857512351665306,447583,-8.103519839422743,447583
Jagatsinghpur,JGS,1,"1_2_6_962,227",2023,2023-06-30,181,0.25663248705685787,119,-19.588547993666385,786,-11.891739311706562,786,-7.696808681959811,786
Jagatsinghpur,JGS,1,"1_2_6_958,228",2023,2023-06-30,181,0.22584788225256192,280074,-16.636715544394836,657750,-9.37202856572001,657750,-7.264686978674847,657750
Jagatsinghpur,JGS,1,"1_2_6_959,228",2023,2023-06-30,181,0.23975798225674635,529200,-16.72811943524891,653265,-9.371826933004321,653265,-7.356292502244616,653265
Jagatsinghpur,JGS,1,"1_2_6_960,228",2023,2023-06-30,181,0.30896350674668477,537775,-16.436953790009348,693526,-9.409556475403596,693526,-7.027397314605721,693526
Jagatsinghpur,JGS,1,"1_2_6_961,228",2023,2023-06-30,181,0.23666407406983203,224188,-18.11770120686352,728813,-10.358620573144071,728813,-7.75908063371949,728813
Jagatsinghpur,JGS,1,"1_2_6_962,228",2023,2023-06-30,181,0.29634386774858124,180108,-18.194336688838703,246956,-11.133300649921319,246956,-7.061036038917412,246956
Jagatsinghpur,JGS,1,"1_2_6_958,229",2023,2023-06-30,181,0.3505865764083737,235612,-17.130734750831337,604467,-10.227888012429577,604467,-6.902846738401752,604467
Jagatsinghpur,JGS,1,"1_2_6_959,229",2023,2023-06-30,181,0.3626689138808842,369130,-17.223741223454752,604967,-10.272359850280454,604967,-6.9513813731743115,604967
Jagatsinghpur,JGS,1,"1_2_6_960,229",2023,2023-06-30,181,0.3537720271826913,550192,-16.730437495712046,733746,-10.120169066925193,733746,-6.610268428786849,733746
Jagatsinghpur,JGS,1,"1_2_6_961,229",2023,2023-06-30,181,0.32924954071301576,116725,-16.570214835319835,778594,-9.791186455703379,778594,-6.779028379616436,778594
Jagatsinghpur,JGS,1,"1_2_6_962,229",2023,2023-06-30,181,0.3271031303397708,242696,-17.794586635834655,513858,-10.95211607605938,513858,-6.842470559775327,513858
Jagatsinghpur,JGS,1,"1_2_6_963,229",2023,2023-06-30,181,0.46813527383059533,52717,-16.075846171632772,55675,-10.164199122980877,55675,-5.911647048651813,55675
Jagatsinghpur,JGS,1,"1_2_6_964,229",2023,2023-06-30,181,,0,,0,,0,,0
Jagatsinghpur,JGS,1,"1_2_6_957,230",2023,2023-06-30,181,0.47234768304276453,249256,-15.957303359337596,620511,-9.872893348975458,620511,-6.084410010362153,620511
Jagatsinghpur,JGS,1,"1_2_6_958,230",2023,2023-06-30,181,0.43004909700009386,367976,-16.294157512503695,574078,-9.867140510565127,574078,-6.427017001938564,574078
Jagatsinghpur,JGS,1,"1_2_6_959,230",2023,2023-06-30,181,0.40361611104511635,556563,-16.287627621674652,640106,-9.713309613956714,640106,-6.574318007717982,640106
Jagatsinghpur,JGS,1,"1_2_6_960,230",2023,2023-06-30,181,0.38356713307538515,608691,-15.760663017178548,679387,-9.241776208073665,679387,-6.5188868091049414,679387
Jagatsinghpur,JGS,1,"1_2_6_961,230",2023,2023-06-30,181,0.3963790168466874,206485,-15.70788815756902,712352,-9.39694292987805,712352,-6.310945227690935,712352
Jagatsinghpur,JGS,1,"1_2_6_962,230",2023,2023-06-30,181,0.3856683350384635,253462,-16.445466849915316,741892,-9.832885014154439,741892,-6.61258183576086,741892
Jagatsinghpur,JGS,1,"1_2_6_963,230",2023,2023-06-30,181,0.40204742466920357,480439,-15.712744746756515,601275,-9.522395978125102,601275,-6.190348768631405,601275
Jagatsinghpur,JGS,1,"1_2_6_964,230",2023,2023-06-30,181,0.48521118539235913,107824,-15.913892863021106,125259,-9.773321965392801,125259,-6.14057089762829,125259
Jagatsinghpur,JGS,1,"1_2_6_965,230",2023,2023-06-30,181,0.39609715325713957,4241,-16.76611724183862,10328,-11.224596601540702,10328,-5.541520640297918,10328
Jagatsinghpur,JGS,1,"1_2_6_957,231",2023,2023-06-30,181,0.48374051679708874,204690,-15.994857211106885,521723,-9.816590292642378,521723,-6.1782669184645,521723
Jagatsinghpur,JGS,1,"1_2_6_958,231",2023,2023-06-30,181,0.40307361415529847,241726,-15.989655821117628,649727,-9.610963407902872,649727,-6.3786924132147895,649727
Jagatsinghpur,JGS,1,"1_2_6_959,231",2023,2023-06-30,181,0.455639540452256,463230,-15.738798960708491,544379,-9.395636458651216,544379,-6.343162502057277,544379
Jagatsinghpur,JGS,1,"1_2_6_960,231",2023,2023-06-30,181,0.40346687872433756,510920,-16.069974976653494,525591,-9.261270938649352,525591,-6.808704038004141,525591
Jagatsinghpur,JGS,1,"1_2_6_961,231",2023,2023-06-30,181,0.36467566593180434,387076,-16.66783299675775,638601,-9.630883259035352,638601,-7.036949737722404,638601
Jagatsinghpur,JGS,1,"1_2_6_962,231",2023,2023-06-30,181,0.3868914323774542,323192,-16.634452954333536,661478,-9.694955560938055,661478,-6.939497393395472,661478
Jagatsinghpur,JGS,1,"1_2_6_963,231",2023,2023-06-30,181,0.40546360192504527,297139,-15.850871995839428,623890,-9.43735314246107,623890,-6.413518853378341,623890
Jagatsinghpur,JGS,1,"1_2_6_964,231",2023,2023-06-30,181,0.37829972384956373,349748,-17.079433276788762,543323,-10.598374839868777,543323,-6.481058436920037,543323
Jagatsinghpur,JGS,1,"1_2_7_961,226",2023,2023-07-10,191,,0,-22.07035777672867,12383,-13.019496134908461,12383,-9.0508616418203,12383
Jagatsinghpur,JGS,1,"1_2_7_959,227",2023,2023-07-10,191,,0,-16.03408615525922,510204,-8.78158515287648,510204,-7.252501002382712,510204
Jagatsinghpur,JGS,1,"1_2_7_960,227",2023,2023-07-10,191,,0,-16.520488643396504,432279,-9.575731853080711,432279,-6.944756790315786,432279
Jagatsinghpur,JGS,1,"1_2_7_961,227",2023,2023-07-10,191,,0,-18.384408541406618,447583,-11.336298059484388,447583,-7.048110481922189,447583
Jagatsinghpur,JGS,1,"1_2_7_962,227",2023,2023-07-10,191,,0,-19.60862296327191,786,-12.436902445927434,786,-7.171720517344461,786
Jagatsinghpur,JGS,1,"1_2_7_958,228",2023,2023-07-10,191,,0,-16.899674074988575,657750,-9.170882104091797,657750,-7.728791970896761,657750
Jagatsinghpur,JGS,1,"1_2_7_959,228",2023,2023-07-10,191,,0,-16.520549481420804,653265,-8.934257841490247,653265,-7.586291639930498,653265
Jagatsinghpur,JGS,1,"1_2_7_960,228",2023,2023-07-10,191,,0,-15.710586010153076,693526,-8.946853153612524,693526,-6.7637328565405666,693526
Jagatsinghpur,JGS,1,"1_2_7_961,228",2023,2023-07-10,191,,0,-16.895442546739012,728813,-10.099644870876697,728813,-6.79579767586234,728813
Jagatsinghpur,JGS,1,"1_2_7_962,228",2023,2023-07-10,191,,0,-20.124091724223213,246956,-12.413561873571346,246956,-7.710529850651809,246956
Jagatsinghpur,JGS,1,"1_2_7_958,229",2023,2023-07-10,191,,0,-16.39461165742041,604467,-9.207857966178553,604467,-7.18675369124183,604467
Jagatsinghpur,JGS,1,"1_2_7_959,229",2023,2023-07-10,191,,0,-16.147387393644223,604967,-9.01540452299802,604967,-7.131982870646212,604967
Jagatsinghpur,JGS,1,"1_2_7_960,229",2023,2023-07-10,191,,0,-15.214817684870177,733746,-8.676011929540795,733746,-6.538805755329353,733746
Jagatsinghpur,JGS,1,"1_2_7_961,229",2023,2023-07-10,191,,0,-17.26810082535122,778594,-10.121401904921195,778594,-7.14669892043002,778594
Jagatsinghpur,JGS,1,"1_2_7_962,229",2023,2023-07-10,191,,0,-20.245095947393732,513858,-11.862502412297117,513858,-8.382593535096643,513858
Jagatsinghpur,JGS,1,"1_2_7_963,229",2023,2023-07-10,191,,0,-19.440593259489866,55675,-11.39194997039609,55675,-8.048643289093649,55675
Jagatsinghpur,JGS,1,"1_2_7_964,229",2023,2023-07-10,191,,0,,0,,0,,0
Jagatsinghpur,JGS,1,"1_2_7_957,230",2023,2023-07-10,191,,0,-15.731456778627944,620511,-9.40092383709116,620511,-6.33053294153682,620511
Jagatsinghpur,JGS,1,"1_2_7_958,230",2023,2023-07-10,191,,0,-15.897186661118022,574078,-9.112805265921535,574078,-6.784381395196446,574078
Jagatsinghpur,JGS,1,"1_2_7_959,230",2023,2023-07-10,191,,0,-15.833051274954364,640106,-8.946525868422762,640106,-6.886525406531571,640106
Jagatsinghpur,JGS,1,"1_2_7_960,230",2023,2023-07-10,191,,0,-15.45064420724964,679387,-8.561923444192438,679387,-6.888720763057221,679387
Jagatsinghpur,JGS,1,"1_2_7_961,230",2023,2023-07-10,191,,0,-16.03783061401969,712352,-9.391682033543331,712352,-6.646148580476298,712352
Jagatsinghpur,JGS,1,"1_2_7_962,230",2023,2023-07-10,191,,0,-17.106256409469747,741892,-10.278776796643848,741892,-6.827479612825889,741892
Jagatsinghpur,JGS,1,"1_2_7_963,230",2023,2023-07-10,191,,0,-16.939183565473947,601275,-10.266239215772597,601275,-6.672944349701376,601275
Jagatsinghpur,JGS,1,"1_2_7_964,230",2023,2023-07-10,191,,0,-17.2879439601619,125259,-10.543642064611507,125259,-6.744301895550415,125259
Jagatsinghpur,JGS,1,"1_2_7_965,230",2023,2023-07-10,191,,0,-17.055773964586354,10328,-11.430786339578566,10328,-5.624987625007842,10328
Jagatsinghpur,JGS,1,"1_2_7_957,231",2023,2023-07-10,191,,0,-16.07033059900138,535010,-9.488424185832388,535010,-6.581906413169043,535010
Jagatsinghpur,JGS,1,"1_2_7_958,231",2023,2023-07-10,191,,0,-16.20724598971982,649727,-9.245708191765212,649727,-6.961537797954581,649727
Jagatsinghpur,JGS,1,"1_2_7_959,231",2023,2023-07-10,191,,0,-15.44493111396664,544379,-8.839786656486563,544379,-6.605144457480059,544379
Jagatsinghpur,JGS,1,"1_2_7_960,231",2023,2023-07-10,191,,0,-15.917050345208288,525591,-8.953387131400607,525591,-6.963663213807685,525591
Jagatsinghpur,JGS,1,"1_2_7_961,231",2023,2023-07-10,191,,0,-16.06969069158598,638601,-9.396470691231912,638601,-6.673220000354093,638601
Jagatsinghpur,JGS,1,"1_2_7_962,231",2023,2023-07-10,191,,0,-15.96097962617105,661478,-9.765162937074662,661478,-6.195816689096376,661478
Jagatsinghpur,JGS,1,"1_2_7_963,231",2023,2023-07-10,191,,0,-15.291574711945831,623890,-9.34285739605237,623890,-5.948717315893479,623890
Jagatsinghpur,JGS,1,"1_2_7_964,231",2023,2023-07-10,191,,0,-17.883780146267487,543323,-10.933357944786108,543323,-6.950422201481418,543323
Jagatsinghpur,JGS,1,"1_2_8_961,226",2023,2023-07-20,201,0.2762582183440489,4166,,0,,0,,0
Jagatsinghpur,JGS,1,"1_2_8_959,227",2023,2023-07-20,201,0.5340571355800233,284728,,0,,0,,0
Jagatsinghpur,JGS,1,"1_2_8_960,227",2023,2023-07-20,201,0.5641510691589667,193939,,0,,0,,0
Jagatsinghpur,JGS,1,"1_2_8_961,227",2023,2023-07-20,201,0.4520507300177309,151498,,0,,0,,0
Jagatsinghpur,JGS,1,"1_2_8_962,227",2023,2023-07-20,201,0.4645572266257975,92,,0,,0,,0
Jagatsinghpur,JGS,1,"1_2_8_958,228",2023,2023-07-20,201,0.5104680242489475,326294,,0,,0,,0
Jagatsinghpur,JGS,1,"1_2_8_959,228",2023,2023-07-20,201,0.5308311453372971,552774,,0,,0,,0
Jagatsinghpur,JGS,1,"1_2_8_960,228",2023,2023-07-20,201,0.6070297025784878,489059,,0,,0,,0
Jagatsinghpur,JGS,1,"1_2_8_961,228",2023,2023-07-20,201,0.47963742429053297,344229,,0,,0,,0
Jagatsinghpur,JGS,1,"1_2_8_962,228",2023,2023-07-20,201,0.3496996013650841,86830,,0,,0,,0
Jagatsinghpur,JGS,1,"1_2_8_958,229",2023,2023-07-20,201,0.5260212501583104,404469,,0,,0,,0
Jagatsinghpur,JGS,1,"1_2_8_959,229",2023,2023-07-20,201,0.5034218101257234,415773,,0,,0,,0
Jagatsinghpur,JGS,1,"1_2_8_960,229",2023,2023-07-20,201,0.5634099063646654,619422,,0,,0,,0
Jagatsinghpur,JGS,1,"1_2_8_961,229",2023,2023-07-20,201,0.5086616321109474,347815,,0,,0,,0
Jagatsinghpur,JGS,1,"1_2_8_962,229",2023,2023-07-20,201,0.514149786953298,81389,,0,,0,,0
Jagatsinghpur,JGS,1,"1_2_8_963,229",2023,2023-07-20,201,0.6720638215147,19072,,0,,0,,0
Jagatsinghpur,JGS,1,"1_2_8_964,229",2023,2023-07-20,201,,0,,0,,0,,0
Jagatsinghpur,JGS,1,"1_2_8_957,230",2023,2023-07-20,201,0.5386106491850309,444372,,0,,0,,0
Jagatsinghpur,JGS,1,"1_2_8_958,230",2023,2023-07-20,201,0.5213035708234892,444396,,0,,0,,0
Jagatsinghpur,JGS,1,"1_2_8_959,230",2023,2023-07-20,201,0.5020533405450829,400660,,0,,0,,0
Jagatsinghpur,JGS,1,"1_2_8_960,230",2023,2023-07-20,201,0.5227385908467869,414671,,0,,0,,0
Jagatsinghpur,JGS,1,"1_2_8_961,230",2023,2023-07-20,201,0.48242528311431154,286145,,0,,0,,0
Jagatsinghpur,JGS,1,"1_2_8_962,230",2023,2023-07-20,201,0.5108422064957794,292966,,0,,0,,0
Jagatsinghpur,JGS,1,"1_2_8_963,230",2023,2023-07-20,201,0.5681551947164404,260309,,0,,0,,0
Jagatsinghpur,JGS,1,"1_2_8_964,230",2023,2023-07-20,201,0.619600085962303,20424,,0,,0,,0
Jagatsinghpur,JGS,1,"1_2_8_965,230",2023,2023-07-20,201,0.5824269258709743,4151,,0,,0,,0
Jagatsinghpur,JGS,1,"1_2_8_957,231",2023,2023-07-20,201,0.5070199586630433,330044,,0,,0,,0
Jagatsinghpur,JGS,1,"1_2_8_958,231",2023,2023-07-20,201,0.3757429075915302,398727,,0,,0,,0
Jagatsinghpur,JGS,1,"1_2_8_959,231",2023,2023-07-20,201,0.5102607425826536,439039,,0,,0,,0
Jagatsinghpur,JGS,1,"1_2_8_960,231",2023,2023-07-20,201,0.5354599218680335,430804,,0,,0,,0
Jagatsinghpur,JGS,1,"1_2_8_961,231",2023,2023-07-20,201,0.5086650186322552,415982,,0,,0,,0
Jagatsinghpur,JGS,1,"1_2_8_962,231",2023,2023-07-20,201,0.5698245617471887,412026,,0,,0,,0
Jagatsinghpur,JGS,1,"1_2_8_963,231",2023,2023-07-20,201,0.5874456565535828,446840,,0,,0,,0
Jagatsinghpur,JGS,1,"1_2_8_964,231",2023,2023-07-20,201,0.5357003184573521,141717,,0,,0,,0
Jagatsinghpur,JGS,1,"1_2_9_961,226",2023,2023-07-30,211,,0,-21.42179087425411,12383,-12.987036721667977,12383,-8.43475415258612,12383
Jagatsinghpur,JGS,1,"1_2_9_959,227",2023,2023-07-30,211,,0,-16.832071736868507,510204,-10.488964745413504,510204,-6.343106991455015,510204
Jagatsinghpur,JGS,1,"1_2_9_960,227",2023,2023-07-30,211,,0,-17.482899982041108,432279,-10.965578953689105,432279,-6.517321028351988,432279
Jagatsinghpur,JGS,1,"1_2_9_961,227",2023,2023-07-30,211,,0,-17.91758500185667,447583,-10.753847673211395,447583,-7.16373732864531,447583
Jagatsinghpur,JGS,1,"1_2_9_962,227",2023,2023-07-30,211,,0,-20.32371028820892,786,-12.81866030162489,786,-7.505049986584043,786
Jagatsinghpur,JGS,1,"1_2_9_958,228",2023,2023-07-30,211,,0,-17.50556206884416,657750,-10.781424562466634,657750,-6.724137506377487,657750
Jagatsinghpur,JGS,1,"1_2_9_959,228",2023,2023-07-30,211,,0,-16.293106137524866,653265,-10.291492657033324,653265,-6.001613480491557,653265
Jagatsinghpur,JGS,1,"1_2_9_960,228",2023,2023-07-30,211,,0,-15.86758085117181,693526,-10.307045880342736,693526,-5.560534970829073,693526
Jagatsinghpur,JGS,1,"1_2_9_961,228",2023,2023-07-30,211,,0,-17.734093853341193,728813,-10.816910018244377,728813,-6.917183835096852,728813
Jagatsinghpur,JGS,1,"1_2_9_962,228",2023,2023-07-30,211,,0,-20.615487090265923,246956,-12.311554187452575,246956,-8.303932902813468,246956
Jagatsinghpur,JGS,1,"1_2_9_958,229",2023,2023-07-30,211,,0,-17.203520725455498,604467,-10.664729322702295,604467,-6.538791402753187,604467
Jagatsinghpur,JGS,1,"1_2_9_959,229",2023,2023-07-30,211,,0,-16.965053552220148,604967,-10.36025384591863,604967,-6.604799706301512,604967
Jagatsinghpur,JGS,1,"1_2_9_960,229",2023,2023-07-30,211,,0,-16.1697840996971,733746,-10.334299283727084,733746,-5.835484815969974,733746
Jagatsinghpur,JGS,1,"1_2_9_961,229",2023,2023-07-30,211,,0,-17.6638696507603,778594,-10.846890604839123,778594,-6.816979045921214,778594
Jagatsinghpur,JGS,1,"1_2_9_962,229",2023,2023-07-30,211,,0,-20.235421136630688,513858,-11.805502622179665,513858,-8.429918514450968,513858
Jagatsinghpur,JGS,1,"1_2_9_963,229",2023,2023-07-30,211,,0,-18.472295112668537,55675,-10.315066324821926,55675,-8.157228787846638,55675
Jagatsinghpur,JGS,1,"1_2_9_964,229",2023,2023-07-30,211,,0,,0,,0,,0
Jagatsinghpur,JGS,1,"1_2_9_957,230",2023,2023-07-30,211,,0,-17.157138363663616,620511,-10.968496795933483,620511,-6.188641567730138,620511
Jagatsinghpur,JGS,1,"1_2_9_958,230",2023,2023-07-30,211,,0,-16.64316226922105,574078,-10.399809734887617,574078,-6.243352534333424,574078
Jagatsinghpur,JGS,1,"1_2_9_959,230",2023,2023-07-30,211,,0,-17.10539074705776,640106,-10.484071631889519,640106,-6.621319115168226,640106
Jagatsinghpur,JGS,1,"1_2_9_960,230",2023,2023-07-30,211,,0,-16.7573441906511,679387,-10.222097033494576,679387,-6.535247157156506,679387
Jagatsinghpur,JGS,1,"1_2_9_961,230",2023,2023-07-30,211,,0,-17.23353950766092,712352,-10.391944081325235,712352,-6.8415954263356875,712352
Jagatsinghpur,JGS,1,"1_2_9_962,230",2023,2023-07-30,211,,0,-17.712219040055558,741892,-10.699601015088403,741892,-7.012618024967153,741892
Jagatsinghpur,JGS,1,"1_2_9_963,230",2023,2023-07-30,211,,0,-16.892864103642744,601275,-10.173040835924104,601275,-6.719823267718571,601275
Jagatsinghpur,JGS,1,"1_2_9_964,230",2023,2023-07-30,211,,0,-16.826238100910636,125259,-10.265878989375231,125259,-6.560359111535348,125259
Jagatsinghpur,JGS,1,"1_2_9_965,230",2023,2023-07-30,211,,0,-17.057835798097166,10328,-11.28289109421239,10328,-5.774944703884762,10328
Jagatsinghpur,JGS,1,"1_2_9_957,231",2023,2023-07-30,211,,0,-17.851416023733062,524138,-11.204154514930718,524138,-6.647261508802306,524138
Jagatsinghpur,JGS,1,"1_2_9_958,231",2023,2023-07-30,211,,0,-18.57275507009367,649727,-11.33582474144762,649727,-7.236930328646028,649727
Jagatsinghpur,JGS,1,"1_2_9_959,231",2023,2023-07-30,211,,0,-17.14712781080288,544379,-10.50849506814982,544379,-6.638632742653061,544379
Jagatsinghpur,JGS,1,"1_2_9_960,231",2023,2023-07-30,211,,0,-16.076084772660995,525591,-9.925007483289386,525591,-6.151077289371621,525591
Jagatsinghpur,JGS,1,"1_2_9_961,231",2023,2023-07-30,211,,0,-15.814350227836407,638601,-9.90955636205557,638601,-5.904793865780835,638601
Jagatsinghpur,JGS,1,"1_2_9_962,231",2023,2023-07-30,211,,0,-15.746231300367526,661478,-10.028996153069471,661478,-5.717235147298036,661478
Jagatsinghpur,JGS,1,"1_2_9_963,231",2023,2023-07-30,211,,0,-15.590437546258636,623890,-9.70971947713263,623890,-5.880718069125996,623890
Jagatsinghpur,JGS,1,"1_2_9_964,231",2023,2023-07-30,211,,0,-17.943019591318244,543323,-10.88546267135689,543323,-7.057556919961369,543323
Jagatsinghpur,JGS,1,"1_2_10_961,226",2023,2023-08-09,221,,0,-20.152050681995963,12383,-12.319938442900467,12383,-7.83211223909539,12383
Jagatsinghpur,JGS,1,"1_2_10_959,227",2023,2023-08-09,221,0.34205914105352847,498105,-18.938550400549534,510204,-11.915469568983102,510204,-7.023080831566462,510204
Jagatsinghpur,JGS,1,"1_2_10_960,227",2023,2023-08-09,221,0.28470967098298006,248006,-19.345162510124695,432279,-12.103520507155526,432279,-7.241642002969112,432279
Jagatsinghpur,JGS,1,"1_2_10_961,227",2023,2023-08-09,221,,0,-20.555709704770184,447583,-12.170983186965186,447583,-8.384726517804937,447583
Jagatsinghpur,JGS,1,"1_2_10_962,227",2023,2023-08-09,221,,0,-20.518177538818286,786,-13.609677129260882,786,-6.908500409557398,786
Jagatsinghpur,JGS,1,"1_2_10_958,228",2023,2023-08-09,221,0.35189525462273497,479930,-18.941741639429765,657750,-11.588334160011168,657750,-7.353407479418567,657750
Jagatsinghpur,JGS,1,"1_2_10_959,228",2023,2023-08-09,221,0.32869297735418224,652945,-18.44833759170763,653265,-11.284753971572389,653265,-7.1635836201352605,653265
Jagatsinghpur,JGS,1,"1_2_10_960,228",2023,2023-08-09,221,0.2837059876983618,507138,-19.04495407629104,693526,-11.944914074316147,693526,-7.100040001974966,693526
Jagatsinghpur,JGS,1,"1_2_10_961,228",2023,2023-08-09,221,,0,-20.36553933384201,728813,-12.321672073427086,728813,-8.043867260414942,728813
Jagatsinghpur,JGS,1,"1_2_10_962,228",2023,2023-08-09,221,,0,-20.752568272091086,246956,-12.427143737377683,246956,-8.325424534713461,246956
Jagatsinghpur,JGS,1,"1_2_10_958,229",2023,2023-08-09,221,0.32770304858197946,402646,-19.01851790934327,604467,-11.67970520444417,604467,-7.338812704899101,604467
Jagatsinghpur,JGS,1,"1_2_10_959,229",2023,2023-08-09,221,0.2269006397870673,456781,-20.658117947584962,604967,-12.58506323912418,604967,-8.073054708460727,604967
Jagatsinghpur,JGS,1,"1_2_10_960,229",2023,2023-08-09,221,0.23189512863164016,591736,-19.307153968573335,733746,-11.853479788094809,733746,-7.45367418047851,733746
Jagatsinghpur,JGS,1,"1_2_10_961,229",2023,2023-08-09,221,0.218526073921926,20426,-19.478956751673202,778594,-11.685333659326115,778594,-7.793623092347091,778594
Jagatsinghpur,JGS,1,"1_2_10_962,229",2023,2023-08-09,221,,0,-20.350290088739527,513858,-12.017384217560425,513858,-8.332905871179104,513858
Jagatsinghpur,JGS,1,"1_2_10_963,229",2023,2023-08-09,221,,0,-17.929360069796612,55675,-10.011284673036034,55675,-7.918075396760566,55675
Jagatsinghpur,JGS,1,"1_2_10_964,229",2023,2023-08-09,221,,0,,0,,0,,0
Jagatsinghpur,JGS,1,"1_2_10_957,230",2023,2023-08-09,221,0.2866485169933748,527156,-19.363268040623634,620511,-11.907622170265578,620511,-7.455645870358095,620511
Jagatsinghpur,JGS,1,"1_2_10_958,230",2023,2023-08-09,221,0.2551572983174704,526822,-19.653242529145583,574078,-12.11488102342569,574078,-7.538361505719873,574078
Jagatsinghpur,JGS,1,"1_2_10_959,230",2023,2023-08-09,221,0.14794099735632507,631577,-21.463634328363728,640106,-13.620610187775727,640106,-7.843024140587982,640106
Jagatsinghpur,JGS,1,"1_2_10_960,230",2023,2023-08-09,221,0.19161429958160314,679373,-20.903557058970584,679387,-13.204749408217387,679387,-7.69880765075317,679387
Jagatsinghpur,JGS,1,"1_2_10_961,230",2023,2023-08-09,221,0.21410244727150304,145883,-20.367530231541412,712352,-12.787231167168876,712352,-7.580299064372541,712352
Jagatsinghpur,JGS,1,"1_2_10_962,230",2023,2023-08-09,221,,0,-19.69779829343568,741892,-11.797526552064925,741892,-7.900271741370839,741892
Jagatsinghpur,JGS,1,"1_2_10_963,230",2023,2023-08-09,221,,0,-18.505761823810985,601275,-10.768248561699155,601275,-7.737513262111841,601275
Jagatsinghpur,JGS,1,"1_2_10_964,230",2023,2023-08-09,221,,0,-17.109515897579087,125259,-10.692434640140599,125259,-6.417081257438515,125259
Jagatsinghpur,JGS,1,"1_2_10_965,230",2023,2023-08-09,221,,0,-16.93259222807312,10328,-11.513857867704061,10328,-5.41873436036906,10328
Jagatsinghpur,JGS,1,"1_2_10_957,231",2023,2023-08-09,221,0.29848043298311583,432860,-19.980891961679266,535010,-12.408419521220525,535010,-7.572472440458708,535010
Jagatsinghpur,JGS,1,"1_2_10_958,231",2023,2023-08-09,221,0.26747902003189983,589686,-20.59304149349265,649727,-12.613825363894584,649727,-7.979216129598072,649727
Jagatsinghpur,JGS,1,"1_2_10_959,231",2023,2023-08-09,221,0.25444474524844185,536544,-20.02468112754704,544379,-12.372382670144626,544379,-7.652298457402444,544379
Jagatsinghpur,JGS,1,"1_2_10_960,231",2023,2023-08-09,221,0.3277291133656782,516750,-18.875111476392362,525591,-11.532629123107384,525591,-7.342482353285004,525591
Jagatsinghpur,JGS,1,"1_2_10_961,231",2023,2023-08-09,221,0.46908963607843396,294964,-17.293498005779533,638601,-10.798875273369957,638601,-6.494622732409603,638601
Jagatsinghpur,JGS,1,"1_2_10_962,231",2023,2023-08-09,221,,0,-16.742287534136363,661478,-10.58016576581852,661478,-6.162121768317897,661478
Jagatsinghpur,JGS,1,"1_2_10_963,231",2023,2023-08-09,221,,0,-17.336996421135325,623890,-10.464803411141302,623890,-6.872193009994011,623890
Jagatsinghpur,JGS,1,"1_2_10_964,231",2023,2023-08-09,221,,0,-19.225467304669024,543323,-11.735863032109204,543323,-7.489604272559811,543323
Jagatsinghpur,JGS,1,"1_2_11_961,226",2023,2023-08-19,231,0.472751551548273,11153,-21.763663774257513,12383,-12.646635312814917,12383,-9.117028461442715,12383
Jagatsinghpur,JGS,1,"1_2_11_959,227",2023,2023-08-19,231,0.4266909936636232,229997,-19.75565396732645,510204,-12.015964364490657,510204,-7.739689602835749,510204
Jagatsinghpur,JGS,1,"1_2_11_960,227",2023,2023-08-19,231,0.47526044807970497,319843,-19.76016181806401,432279,-11.706094238354458,432279,-8.054067579709585,432279
Jagatsinghpur,JGS,1,"1_2_11_961,227",2023,2023-08-19,231,0.3351547398074649,408355,-21.60589945598247,447583,-12.78769760061416,447583,-8.818201855368333,447583
Jagatsinghpur,JGS,1,"1_2_11_962,227",2023,2023-08-19,231,0.29855822344392363,607,-20.525342073275844,786,-13.426125836704983,786,-7.099216236570859,786
Jagatsinghpur,JGS,1,"1_2_11_958,228",2023,2023-08-19,231,0.4227051286865318,628947,-19.172828109072167,657750,-11.268174190675754,657750,-7.904653918396449,657750
Jagatsinghpur,JGS,1,"1_2_11_959,228",2023,2023-08-19,231,0.3403990072204686,629530,-19.544183479202516,653265,-11.653980265053422,653265,-7.890203214149135,653265
Jagatsinghpur,JGS,1,"1_2_11_960,228",2023,2023-08-19,231,0.25706188329698876,599834,-20.51909457759642,693526,-12.771329667588226,693526,-7.747764910008275,693526
Jagatsinghpur,JGS,1,"1_2_11_961,228",2023,2023-08-19,231,0.33018230889961475,308363,-21.32810415315722,728813,-12.605425679590391,728813,-8.722678473566786,728813
Jagatsinghpur,JGS,1,"1_2_11_962,228",2023,2023-08-19,231,0.5022695359805974,117227,-20.532466285989667,246956,-12.048620129201447,246956,-8.483846156788193,246956
Jagatsinghpur,JGS,1,"1_2_11_958,229",2023,2023-08-19,231,0.4208426299800244,592519,-19.325832233000725,604467,-11.351768888148637,604467,-7.9740633448521,604467
Jagatsinghpur,JGS,1,"1_2_11_959,229",2023,2023-08-19,231,0.3204761181259347,559943,-20.961486464146958,604967,-12.381356044829799,604967,-8.580130419317198,604967
Jagatsinghpur,JGS,1,"1_2_11_960,229",2023,2023-08-19,231,0.29668649716806944,660266,-20.234378026069862,733746,-12.40318327015543,733746,-7.831194755914461,733746
Jagatsinghpur,JGS,1,"1_2_11_961,229",2023,2023-08-19,231,0.40934997859915256,765370,-20.169506953420072,778594,-11.559789891862492,778594,-8.609717061557513,778594
Jagatsinghpur,JGS,1,"1_2_11_962,229",2023,2023-08-19,231,0.5219288207363325,327745,-20.776052057996985,513858,-11.460914658107395,513858,-9.31513739988963,513858
Jagatsinghpur,JGS,1,"1_2_11_963,229",2023,2023-08-19,231,0.6609848769481175,24548,-17.211048256861886,55675,-10.081881561170832,55675,-7.12916669569104,55675
Jagatsinghpur,JGS,1,"1_2_11_964,229",2023,2023-08-19,231,,0,,0,,0,,0
Jagatsinghpur,JGS,1,"1_2_11_957,230",2023,2023-08-19,231,0.37104204745729324,425800,-20.025418278610633,620511,-11.96618833420683,620511,-8.059229944403748,620511
Jagatsinghpur,JGS,1,"1_2_11_958,230",2023,2023-08-19,231,0.2971121504686814,486895,-20.664107042929455,574078,-12.354214262744103,574078,-8.309892780185402,574078
Jagatsinghpur,JGS,1,"1_2_11_959,230",2023,2023-08-19,231,0.21592167810968793,483473,-21.977166499029448,640106,-13.51127925329868,640106,-8.465887245730746,640106
Jagatsinghpur,JGS,1,"1_2_11_960,230",2023,2023-08-19,231,0.255862488525093,522674,-21.57014200925525,679387,-13.395815493148582,679387,-8.174326516106637,679387
Jagatsinghpur,JGS,1,"1_2_11_961,230",2023,2023-08-19,231,0.281929631978385,695146,-21.552298230075507,712352,-13.208473173162155,712352,-8.343825056913333,712352
Jagatsinghpur,JGS,1,"1_2_11_962,230",2023,2023-08-19,231,0.36280065648842913,728240,-20.79155633539665,741892,-11.752454709376869,741892,-9.039101626019832,741892
Jagatsinghpur,JGS,1,"1_2_11_963,230",2023,2023-08-19,231,0.4723851367226198,490943,-19.131013869819835,601275,-10.615952381953498,601275,-8.515061487866346,601275
Jagatsinghpur,JGS,1,"1_2_11_964,230",2023,2023-08-19,231,0.6067680095591017,71786,-16.97123969260055,125259,-10.430119694427495,125259,-6.541119998173041,125259
Jagatsinghpur,JGS,1,"1_2_11_965,230",2023,2023-08-19,231,0.5612665982643813,10159,-16.315250196735057,10328,-10.99540856773232,10328,-5.319841629002709,10328
Jagatsinghpur,JGS,1,"1_2_11_957,231",2023,2023-08-19,231,0.37038509065824043,275553,-20.05268240069444,535010,-11.849458464614619,535010,-8.203223936079766,535010
Jagatsinghpur,JGS,1,"1_2_11_958,231",2023,2023-08-19,231,0.3910252501569545,568500,-20.27852322102442,649727,-11.682336841600522,649727,-8.596186379423907,649727
Jagatsinghpur,JGS,1,"1_2_11_959,231",2023,2023-08-19,231,0.3526487358752648,467046,-20.369894872083474,544379,-12.09289402254033,544379,-8.27700084954308,544379
Jagatsinghpur,JGS,1,"1_2_11_960,231",2023,2023-08-19,231,0.3973599446752134,458558,-19.14641886443394,525591,-11.212801519098573,525591,-7.933617345335339,525591
Jagatsinghpur,JGS,1,"1_2_11_961,231",2023,2023-08-19,231,0.46736226876973186,625673,-17.23720567625101,638601,-10.385527128796156,638601,-6.851678547454839,638601
Jagatsinghpur,JGS,1,"1_2_11_962,231",2023,2023-08-19,231,0.5004201779058739,649747,-16.31595314689199,661478,-10.189579065605665,661478,-6.126374081286357,661478
Jagatsinghpur,JGS,1,"1_2_11_963,231",2023,2023-08-19,231,0.46871999513772855,566056,-17.362280720675134,623890,-10.295284622070618,623890,-7.06699609860447,623890
Jagatsinghpur,JGS,1,"1_2_11_964,231",2023,2023-08-19,231,0.4015541775123027,518647,-19.989662423665962,543323,-12.010306506803277,543323,-7.979355916862721,543323
Jagatsinghpur,JGS,1,"1_2_12_961,226",2023,2023-08-29,241,0.36378065076806126,12361,-19.434029743081155,12383,-10.42490267643158,12383,-9.00912706664955,12383
Jagatsinghpur,JGS,1,"1_2_12_959,227",2023,2023-08-29,241,0.35637139267290674,510204,-19.49989675764025,510204,-11.119326387713741,510204,-8.380570369926545,510204
Jagatsinghpur,JGS,1,"1_2_12_960,227",2023,2023-08-29,241,0.38010893182383637,432097,-18.87904046328635,432279,-10.53465004472827,432279,-8.344390418558099,432279
Jagatsinghpur,JGS,1,"1_2_12_961,227",2023,2023-08-29,241,0.30727697024997885,343634,-21.083708396757917,447583,-11.639238757294766,447583,-9.444469639463152,447583
Jagatsinghpur,JGS,1,"1_2_12_962,227",2023,2023-08-29,241,0.24785758371781746,786,-20.479113038034995,786,-13.198595197369269,786,-7.280517840665738,786
Jagatsinghpur,JGS,1,"1_2_12_958,228",2023,2023-08-29,241,0.3967586662020624,657750,-19.2894147010863,657750,-11.090139389121598,657750,-8.199275311964671,657750
Jagatsinghpur,JGS,1,"1_2_12_959,228",2023,2023-08-29,241,0.2797744878696905,653265,-19.60328542276423,653265,-11.097054450825715,653265,-8.506230971938482,653265
Jagatsinghpur,JGS,1,"1_2_12_960,228",2023,2023-08-29,241,0.2333717124461701,683332,-20.90443312228173,693526,-12.01406786777126,693526,-8.89036525451045,693526
Jagatsinghpur,JGS,1,"1_2_12_961,228",2023,2023-08-29,241,0.28532283837328687,674808,-20.62246152082176,728813,-11.69825151200568,728813,-8.924210008816074,728813
Jagatsinghpur,JGS,1,"1_2_12_962,228",2023,2023-08-29,241,0.3788395530025732,246726,-19.937297708837793,246956,-12.189376363637694,246956,-7.747921345200155,246956
Jagatsinghpur,JGS,1,"1_2_12_958,229",2023,2023-08-29,241,0.40579764993084644,604467,-19.231159899372784,604467,-11.131774535134612,604467,-8.09938536423817,604467
Jagatsinghpur,JGS,1,"1_2_12_959,229",2023,2023-08-29,241,0.3055271588298463,604967,-21.118166542346845,604967,-11.681443819125244,604967,-9.43672272322162,604967
Jagatsinghpur,JGS,1,"1_2_12_960,229",2023,2023-08-29,241,0.2712644644221585,733746,-21.259679625623992,733746,-12.24201156287758,733746,-9.017668062746383,733746
Jagatsinghpur,JGS,1,"1_2_12_961,229",2023,2023-08-29,241,0.3163405039556205,777692,-20.268251047527084,778594,-11.042904695282992,778594,-9.225346352244138,778594
Jagatsinghpur,JGS,1,"1_2_12_962,229",2023,2023-08-29,241,0.34018482676728584,513723,-21.0024604321796,513858,-11.237558795049253,513858,-9.76490163713033,513858
Jagatsinghpur,JGS,1,"1_2_12_963,229",2023,2023-08-29,241,0.39375755589199024,55464,-16.846319975447173,55675,-10.300995402776346,55675,-6.545324572670833,55675
Jagatsinghpur,JGS,1,"1_2_12_964,229",2023,2023-08-29,241,,0,,0,,0,,0
Jagatsinghpur,JGS,1,"1_2_12_957,230",2023,2023-08-29,241,0.39878620744121307,620511,-19.679544866126907,620511,-11.301258241190162,620511,-8.378286624936763,620511
Jagatsinghpur,JGS,1,"1_2_12_958,230",2023,2023-08-29,241,0.3209381833642867,574078,-20.37317411712049,574078,-11.457067799371845,574078,-8.916106317748554,574078
Jagatsinghpur,JGS,1,"1_2_12_959,230",2023,2023-08-29,241,0.26395140367719944,640106,-21.628579500332016,640106,-12.044608105243661,640106,-9.583971395088323,640106
Jagatsinghpur,JGS,1,"1_2_12_960,230",2023,2023-08-29,241,0.29212373729298524,679387,-21.740462209861338,679387,-12.35521631418069,679387,-9.385245895680681,679387
Jagatsinghpur,JGS,1,"1_2_12_961,230",2023,2023-08-29,241,0.2904093375797806,712232,-21.128400492351897,712352,-11.793270704903627,712352,-9.335129787448276,712352
Jagatsinghpur,JGS,1,"1_2_12_962,230",2023,2023-08-29,241,0.306508926610945,741892,-20.69760700403773,741892,-11.149013679378196,741892,-9.54859332465945,741892
Jagatsinghpur,JGS,1,"1_2_12_963,230",2023,2023-08-29,241,0.3738534501305739,601275,-18.19967211219302,601275,-9.813191257954971,601275,-8.386480854238055,601275
Jagatsinghpur,JGS,1,"1_2_12_964,230",2023,2023-08-29,241,0.45594800269020436,125203,-16.742557978513126,125259,-10.334509995776534,125259,-6.408047982736603,125259
Jagatsinghpur,JGS,1,"1_2_12_965,230",2023,2023-08-29,241,0.3766876953753821,10319,-16.271115282455884,10328,-11.028087673456566,10328,-5.243027608999287,10328
Jagatsinghpur,JGS,1,"1_2_12_957,231",2023,2023-08-29,241,0.381339118693469,535010,-20.234122790149,523813,-11.415295433897548,523813,-8.81882735625146,523813
Jagatsinghpur,JGS,1,"1_2_12_958,231",2023,2023-08-29,241,0.3802244449303255,649727,-19.93151508392694,649727,-10.809816166841351,649727,-9.121698917085597,649727
Jagatsinghpur,JGS,1,"1_2_12_959,231",2023,2023-08-29,241,0.35158879304595986,544379,-20.089691846677184,544379,-11.20097284326598,544379,-8.888719003411229,544379
Jagatsinghpur,JGS,1,"1_2_12_960,231",2023,2023-08-29,241,0.3940510693390495,525591,-19.31275340051638,525591,-10.72060285876593,525591,-8.5921505417505,525591
Jagatsinghpur,JGS,1,"1_2_12_961,231",2023,2023-08-29,241,0.4159075667255843,638409,-17.974218259171913,638601,-10.552238169121328,638601,-7.421980090050611,638601
Jagatsinghpur,JGS,1,"1_2_12_962,231",2023,2023-08-29,241,0.39865649633713696,660855,-17.564531105399485,661478,-10.601879615252585,661478,-6.962651490146882,661478
Jagatsinghpur,JGS,1,"1_2_12_963,231",2023,2023-08-29,241,0.340403031518354,621951,-17.859019907682146,623890,-10.188550583959262,623890,-7.670469323722909,623890
Jagatsinghpur,JGS,1,"1_2_12_964,231",2023,2023-08-29,241,0.283567606994462,540542,-19.478522722466128,543323,-11.143172493876975,543323,-8.335350228589185,543323
Jagatsinghpur,JGS,1,"1_2_13_961,226",2023,2023-09-08,251,,0,-19.881360515172513,12383,-9.956697032035498,12383,-9.924663483137047,12383
Jagatsinghpur,JGS,1,"1_2_13_959,227",2023,2023-09-08,251,0.563272101021023,80097,-19.449638102792644,510204,-11.139203643223926,510204,-8.310434459568752,510204
Jagatsinghpur,JGS,1,"1_2_13_960,227",2023,2023-09-08,251,0.5870135970128347,84369,-18.92319758151242,432279,-10.816345017542496,432279,-8.106852563969888,432279
Jagatsinghpur,JGS,1,"1_2_13_961,227",2023,2023-09-08,251,0.573697458653832,6035,-21.69313595246659,447583,-11.152335876504033,447583,-10.540800075962592,447583
Jagatsinghpur,JGS,1,"1_2_13_962,227",2023,2023-09-08,251,,0,-20.703520356622125,786,-13.09547334571681,786,-7.6080470109053016,786
Jagatsinghpur,JGS,1,"1_2_13_958,228",2023,2023-09-08,251,0.5558615995749269,398432,-18.730715551732924,657750,-10.775971836056112,657750,-7.954743715676837,657750
Jagatsinghpur,JGS,1,"1_2_13_959,228",2023,2023-09-08,251,0.5096884228332318,390074,-19.586318749142972,653265,-11.265705636869054,653265,-8.320613112273932,653265
Jagatsinghpur,JGS,1,"1_2_13_960,228",2023,2023-09-08,251,0.4357478653829263,502363,-20.336220496241978,693526,-11.583113315711461,693526,-8.753107180530543,693526
Jagatsinghpur,JGS,1,"1_2_13_961,228",2023,2023-09-08,251,0.467839664607455,400990,-21.41852938457338,728813,-11.079007931717554,728813,-10.339521452855772,728813
Jagatsinghpur,JGS,1,"1_2_13_962,228",2023,2023-09-08,251,0.5119732388888223,14302,-20.393220610468404,246956,-10.775245385566194,246956,-9.61797522490215,246956
Jagatsinghpur,JGS,1,"1_2_13_958,229",2023,2023-09-08,251,0.5595911352524845,323059,-18.945604416156225,604467,-11.061495841204716,604467,-7.884108574951535,604467
Jagatsinghpur,JGS,1,"1_2_13_959,229",2023,2023-09-08,251,0.5486367211164302,395838,-20.611714735050445,604967,-11.887060874375111,604967,-8.72465386067538,604967
Jagatsinghpur,JGS,1,"1_2_13_960,229",2023,2023-09-08,251,0.4388029765354123,566790,-21.19351135830899,733746,-12.580952230214717,733746,-8.612559128094253,733746
Jagatsinghpur,JGS,1,"1_2_13_961,229",2023,2023-09-08,251,0.49671983757825416,475078,-21.737449257640574,778594,-11.377249112016534,778594,-10.360200145624027,778594
Jagatsinghpur,JGS,1,"1_2_13_962,229",2023,2023-09-08,251,0.59409555925963,173931,-21.147869554314553,513858,-10.46637671722097,513858,-10.681492837093598,513858
Jagatsinghpur,JGS,1,"1_2_13_963,229",2023,2023-09-08,251,0.6152741438339009,33337,-18.65126730548574,55675,-9.076656369775014,55675,-9.574610935710727,55675
Jagatsinghpur,JGS,1,"1_2_13_964,229",2023,2023-09-08,251,,0,,0,,0,,0
Jagatsinghpur,JGS,1,"1_2_13_957,230",2023,2023-09-08,251,0.5779036136289394,446142,-19.384818642308375,620511,-11.180585115291315,620511,-8.204233527017061,620511
Jagatsinghpur,JGS,1,"1_2_13_958,230",2023,2023-09-08,251,0.4999609891801397,339908,-20.711753554131004,574078,-11.875983173188319,574078,-8.835770380942668,574078
Jagatsinghpur,JGS,1,"1_2_13_959,230",2023,2023-09-08,251,0.37195533324058666,407132,-21.997744837349423,640106,-12.95670909689996,640106,-9.041035740449454,640106
Jagatsinghpur,JGS,1,"1_2_13_960,230",2023,2023-09-08,251,0.4555102934201215,408116,-21.80951959679214,679387,-13.104750168022102,679387,-8.704769428769987,679387
Jagatsinghpur,JGS,1,"1_2_13_961,230",2023,2023-09-08,251,0.469038808180248,427992,-21.802361665364554,712352,-12.434642773239675,712352,-9.367718892124874,712352
Jagatsinghpur,JGS,1,"1_2_13_962,230",2023,2023-09-08,251,0.547788996068903,166106,-21.722596348493532,741892,-11.264570095781066,741892,-10.45802625271248,741892
Jagatsinghpur,JGS,1,"1_2_13_963,230",2023,2023-09-08,251,0.586377806923187,204757,-19.552370162683353,601275,-9.576597334903783,601275,-9.975772827779572,601275
Jagatsinghpur,JGS,1,"1_2_13_964,230",2023,2023-09-08,251,0.5887412305499585,424,-16.513917233755976,125259,-9.260857182550078,125259,-7.253060051205917,125259
Jagatsinghpur,JGS,1,"1_2_13_965,230",2023,2023-09-08,251,0.5211190777551231,290,-15.426465114568183,10328,-10.074286517766925,10328,-5.352178596801252,10328
Jagatsinghpur,JGS,1,"1_2_13_957,231",2023,2023-09-08,251,0.5488868346231165,224934,-19.653581722801214,535010,-11.133799051240535,535010,-8.5197826715607,535010
Jagatsinghpur,JGS,1,"1_2_13_958,231",2023,2023-09-08,251,0.5855463950804193,471035,-20.18863577769753,649727,-11.461526774074157,649727,-8.727109003623427,649727
Jagatsinghpur,JGS,1,"1_2_13_959,231",2023,2023-09-08,251,0.5590735971826181,352564,-19.809176907699925,544379,-11.269401437686053,544379,-8.539775470013884,544379
Jagatsinghpur,JGS,1,"1_2_13_960,231",2023,2023-09-08,251,0.5885472357263581,377367,-19.25595150599614,525591,-10.98022107429271,525591,-8.27573043170345,525591
Jagatsinghpur,JGS,1,"1_2_13_961,231",2023,2023-09-08,251,0.5610507465148407,354705,-18.620932944212637,638601,-10.478306594510167,638601,-8.142626349702498,638601
Jagatsinghpur,JGS,1,"1_2_13_962,231",2023,2023-09-08,251,0.45722697017801345,266896,-18.251704598788514,661478,-10.371035157058829,661478,-7.8806694417297,661478
Jagatsinghpur,JGS,1,"1_2_13_963,231",2023,2023-09-08,251,0.5088560924182042,190998,-17.67302144428873,623890,-9.494271162460445,623890,-8.178750281828306,623890
Jagatsinghpur,JGS,1,"1_2_13_964,231",2023,2023-09-08,251,0.4615774295341559,60101,-18.49421569447082,543323,-9.65500935092184,543323,-8.839206343548975,543323
Jagatsinghpur,JGS,1,"1_2_14_961,226",2023,2023-09-18,261,,0,,0,,0,,0
Jagatsinghpur,JGS,1,"1_2_14_959,227",2023,2023-09-18,261,,0,-17.71688284691143,510204,-10.455185722181204,510204,-7.261697124730239,510204
Jagatsinghpur,JGS,1,"1_2_14_960,227",2023,2023-09-18,261,,0,-17.418499561217136,303981,-10.789748440760867,303981,-6.628751120456255,303981
Jagatsinghpur,JGS,1,"1_2_14_961,227",2023,2023-09-18,261,,0,,0,,0,,0
Jagatsinghpur,JGS,1,"1_2_14_962,227",2023,2023-09-18,261,,0,,0,,0,,0
Jagatsinghpur,JGS,1,"1_2_14_958,228",2023,2023-09-18,261,0.5116441717930429,87569,-17.23358104638266,657750,-10.193403425579726,657750,-7.040177620802923,657750
Jagatsinghpur,JGS,1,"1_2_14_959,228",2023,2023-09-18,261,,0,-18.619148941677537,653265,-11.14990634052101,653265,-7.469242601156554,653265
Jagatsinghpur,JGS,1,"1_2_14_960,228",2023,2023-09-18,261,,0,-18.849570477201603,562177,-11.389184465861925,562177,-7.46038601133973,562177
Jagatsinghpur,JGS,1,"1_2_14_961,228",2023,2023-09-18,261,,0,,0,,0,,0
Jagatsinghpur,JGS,1,"1_2_14_962,228",2023,2023-09-18,261,0.4936643851567847,114,,0,,0,,0
Jagatsinghpur,JGS,1,"1_2_14_958,229",2023,2023-09-18,261,0.6335629868806529,125284,-17.01799089064265,604467,-10.123348145965563,604467,-6.894642744677105,604467
Jagatsinghpur,JGS,1,"1_2_14_959,229",2023,2023-09-18,261,,0,-18.690465097953126,604967,-10.928759036124902,604967,-7.76170606182822,604967
Jagatsinghpur,JGS,1,"1_2_14_960,229",2023,2023-09-18,261,,0,-19.5886410435066,719337,-11.961759469455597,719337,-7.626881574051005,719337
Jagatsinghpur,JGS,1,"1_2_14_961,229",2023,2023-09-18,261,0.05153817768463588,501,-19.960975977509435,24291,-12.587344503881084,24291,-7.373631473628285,24291
Jagatsinghpur,JGS,1,"1_2_14_962,229",2023,2023-09-18,261,0.47517005617080027,17085,,0,,0,,0
Jagatsinghpur,JGS,1,"1_2_14_963,229",2023,2023-09-18,261,0.5976808015198236,6359,,0,,0,,0
Jagatsinghpur,JGS,1,"1_2_14_964,229",2023,2023-09-18,261,,0,,0,,0,,0
Jagatsinghpur,JGS,1,"1_2_14_957,230",2023,2023-09-18,261,0.580281690387609,357288,-17.191549803995954,620511,-9.992462288268914,620511,-7.1990875157270215,620511
Jagatsinghpur,JGS,1,"1_2_14_958,230",2023,2023-09-18,261,0.4103326515578022,295062,-18.54970123507612,574078,-10.495535215355618,574078,-8.054166019720437,574078
Jagatsinghpur,JGS,1,"1_2_14_959,230",2023,2023-09-18,261,,0,-19.396168957320985,640106,-11.089751085781362,640106,-8.30641787153963,640106
Jagatsinghpur,JGS,1,"1_2_14_960,230",2023,2023-09-18,261,,0,-19.96674862723306,679387,-12.191012093740957,679387,-7.775736533492091,679387
Jagatsinghpur,JGS,1,"1_2_14_961,230",2023,2023-09-18,261,,0,-19.920734020354136,141787,-12.28689550714313,141787,-7.633838513211007,141787
Jagatsinghpur,JGS,1,"1_2_14_962,230",2023,2023-09-18,261,0.6908964479927552,133510,,0,,0,,0
Jagatsinghpur,JGS,1,"1_2_14_963,230",2023,2023-09-18,261,0.6962550239091927,366695,,0,,0,,0
Jagatsinghpur,JGS,1,"1_2_14_964,230",2023,2023-09-18,261,0.5197280777517737,35427,,0,,0,,0
Jagatsinghpur,JGS,1,"1_2_14_965,230",2023,2023-09-18,261,0.43721854645362873,7726,,0,,0,,0
Jagatsinghpur,JGS,1,"1_2_14_957,231",2023,2023-09-18,261,0.5245905607855579,491446,-17.301842197678205,535010,-9.737569455335057,535010,-7.5642727423431255,535010
Jagatsinghpur,JGS,1,"1_2_14_958,231",2023,2023-09-18,261,0.4215147387755485,485738,-17.239921292096536,649727,-9.72016601354034,649727,-7.5197552785562225,649727
Jagatsinghpur,JGS,1,"1_2_14_959,231",2023,2023-09-18,261,,0,-17.51602118569188,544379,-10.111616451522323,544379,-7.404404734169589,544379
Jagatsinghpur,JGS,1,"1_2_14_960,231",2023,2023-09-18,261,,0,-18.185983723349036,525591,-10.777025494628838,525591,-7.408958228720251,525591
Jagatsinghpur,JGS,1,"1_2_14_961,231",2023,2023-09-18,261,,0,-18.28095826706921,261143,-11.039720264713244,261143,-7.241238002355946,261143
Jagatsinghpur,JGS,1,"1_2_14_962,231",2023,2023-09-18,261,0.41306525310638686,235529,,0,,0,,0
Jagatsinghpur,JGS,1,"1_2_14_963,231",2023,2023-09-18,261,0.5391467627189039,376421,,0,,0,,0
Jagatsinghpur,JGS,1,"1_2_14_964,231",2023,2023-09-18,261,0.5598791305041841,76695,,0,,0,,0
Jagatsinghpur,JGS,1,"1_2_15_961,226",2023,2023-09-28,271,0.5836881239164563,12055,-19.095430064782374,12383,-8.891293108523818,12383,-10.204136956258548,12383
Jagatsinghpur,JGS,1,"1_2_15_959,227",2023,2023-09-28,271,0.6906907779646683,505112,-17.592777571897493,510204,-10.005807442977408,510204,-7.586970128920081,510204
Jagatsinghpur,JGS,1,"1_2_15_960,227",2023,2023-09-28,271,0.6693852891059756,391034,-17.27479399400533,432279,-9.870597437505719,432279,-7.404196556499579,432279
Jagatsinghpur,JGS,1,"1_2_15_961,227",2023,2023-09-28,271,0.6056013488166222,38237,-18.792784679878523,447583,-9.400696696729865,447583,-9.392087983148691,447583
Jagatsinghpur,JGS,1,"1_2_15_962,227",2023,2023-09-28,271,,0,-19.877741613228714,786,-12.443885626588854,786,-7.433855986639829,786
Jagatsinghpur,JGS,1,"1_2_15_958,228",2023,2023-09-28,271,0.6977758732246735,656457,-17.035453034173187,657750,-10.077176791589064,657750,-6.958276242584158,657750
Jagatsinghpur,JGS,1,"1_2_15_959,228",2023,2023-09-28,271,0.6606540708071273,652080,-17.594721677040134,653265,-9.84903054985486,653265,-7.745691127185261,653265
Jagatsinghpur,JGS,1,"1_2_15_960,228",2023,2023-09-28,271,0.6406983187926996,509462,-17.591874668049467,693526,-9.64998870505233,693526,-7.941885962997156,693526
Jagatsinghpur,JGS,1,"1_2_15_961,228",2023,2023-09-28,271,0.6454128479564496,45999,-17.924008046764882,728813,-9.167906396473231,728813,-8.756101650291631,728813
Jagatsinghpur,JGS,1,"1_2_15_962,228",2023,2023-09-28,271,,0,-18.681533940598587,246956,-10.524382304425023,246956,-8.157151636173571,246956
Jagatsinghpur,JGS,1,"1_2_15_958,229",2023,2023-09-28,271,0.6845287524687413,603051,-16.77799032878009,604467,-9.886616462716368,604467,-6.8913738660637405,604467
Jagatsinghpur,JGS,1,"1_2_15_959,229",2023,2023-09-28,271,0.6935445514449606,604423,-17.361543867035625,604967,-9.44481646969967,604967,-7.916727397335922,604967
Jagatsinghpur,JGS,1,"1_2_15_960,229",2023,2023-09-28,271,0.6612938587876346,243450,-17.361311410756116,733746,-9.204926497936844,733746,-8.15638491281925,733746
Jagatsinghpur,JGS,1,"1_2_15_961,229",2023,2023-09-28,271,0.6145354316054502,609,-17.961380613759417,778594,-8.626998934106876,778594,-9.334381679652502,778594
Jagatsinghpur,JGS,1,"1_2_15_962,229",2023,2023-09-28,271,0.5092019499114254,79712,-18.130044993586505,513858,-9.56160152268974,513858,-8.568443470896801,513858
Jagatsinghpur,JGS,1,"1_2_15_963,229",2023,2023-09-28,271,0.504484811969118,4638,-16.508864008719396,55675,-9.656147947897836,55675,-6.85271606082154,55675
Jagatsinghpur,JGS,1,"1_2_15_964,229",2023,2023-09-28,271,,0,,0,,0,,0
Jagatsinghpur,JGS,1,"1_2_15_957,230",2023,2023-09-28,271,0.7211696319199369,352175,-16.83510219557756,620511,-9.941328557111843,620511,-6.893773638465703,620511
Jagatsinghpur,JGS,1,"1_2_15_958,230",2023,2023-09-28,271,0.7080963806095036,572425,-17.106005079342484,574078,-9.365581691694603,574078,-7.74042338764787,574078
Jagatsinghpur,JGS,1,"1_2_15_959,230",2023,2023-09-28,271,0.6729999010628639,628702,-17.47343349100109,640106,-9.269512224618252,640106,-8.203921266382858,640106
Jagatsinghpur,JGS,1,"1_2_15_960,230",2023,2023-09-28,271,0.662045023636088,625924,-17.261156742749527,679387,-9.136557239515227,679387,-8.124599503234267,679387
Jagatsinghpur,JGS,1,"1_2_15_961,230",2023,2023-09-28,271,0.6197761241513228,350325,-17.80321994588284,712352,-8.898352169076986,712352,-8.904867776805801,712352
Jagatsinghpur,JGS,1,"1_2_15_962,230",2023,2023-09-28,271,0.574976117347738,707154,-17.7628556114974,741892,-8.757133311657828,741892,-9.005722299839544,741892
Jagatsinghpur,JGS,1,"1_2_15_963,230",2023,2023-09-28,271,0.564868090838403,445393,-17.221083941760444,601275,-8.546786371147816,601275,-8.674297570612651,601275
Jagatsinghpur,JGS,1,"1_2_15_964,230",2023,2023-09-28,271,0.455627626852648,124586,-16.576133958404853,125259,-9.89838546970753,125259,-6.677748488697328,125259
Jagatsinghpur,JGS,1,"1_2_15_965,230",2023,2023-09-28,271,0.4032135332180516,10237,-16.053736980365414,10328,-10.988949494600698,10328,-5.064787485764716,10328
Jagatsinghpur,JGS,1,"1_2_15_957,231",2023,2023-09-28,271,0.702000181261952,219887,-17.068810603983497,535010,-9.71973665626237,535010,-7.349073947721125,535010
Jagatsinghpur,JGS,1,"1_2_15_958,231",2023,2023-09-28,271,0.6998366187713482,647485,-16.995835741628323,649727,-9.569012396071862,649727,-7.426823345556496,649727
Jagatsinghpur,JGS,1,"1_2_15_959,231",2023,2023-09-28,271,0.6666123540055064,541943,-17.028335251214827,544379,-9.72244376900165,544379,-7.305891482213196,544379
Jagatsinghpur,JGS,1,"1_2_15_960,231",2023,2023-09-28,271,0.6132411670929688,379430,-16.922770630574306,525591,-9.245723819374577,525591,-7.677046811199766,525591
Jagatsinghpur,JGS,1,"1_2_15_961,231",2023,2023-09-28,271,0.5603588029484238,343137,-17.575469629334844,638601,-9.508825412515646,638601,-8.066644216819173,638601
Jagatsinghpur,JGS,1,"1_2_15_962,231",2023,2023-09-28,271,0.5084173475036932,578559,-18.110199043224185,661478,-9.822335349590281,661478,-8.287863693633966,661478
Jagatsinghpur,JGS,1,"1_2_15_963,231",2023,2023-09-28,271,0.5381416765499294,621189,-18.702818782990377,623890,-9.691053078556708,623890,-9.011765704433754,623890
Jagatsinghpur,JGS,1,"1_2_15_964,231",2023,2023-09-28,271,0.5429843352079248,507427,-17.643850569410578,543323,-9.231692660288259,543323,-8.412157909122236,543323
Jagatsinghpur,JGS,1,"1_2_16_961,226",2023,2023-10-08,281,0.6726845083229273,12267,-17.60577338909945,12383,-8.363905784673785,12383,-9.241867604425694,12383
Jagatsinghpur,JGS,1,"1_2_16_959,227",2023,2023-10-08,281,0.7430524295562688,509986,-16.576119384184032,510204,-9.650638464007066,510204,-6.9254809201769625,510204
Jagatsinghpur,JGS,1,"1_2_16_960,227",2023,2023-10-08,281,0.7228682800301077,431360,-16.517691532229787,432279,-9.839753170568207,432279,-6.677938361661623,432279
Jagatsinghpur,JGS,1,"1_2_16_961,227",2023,2023-10-08,281,0.6405350329732636,438930,-18.293828703524554,447583,-9.097352677201563,447583,-9.196476026323069,447583
Jagatsinghpur,JGS,1,"1_2_16_962,227",2023,2023-10-08,281,0.38568686716814055,774,-19.57953101853625,786,-12.510470366943046,786,-7.069060651593197,786
Jagatsinghpur,JGS,1,"1_2_16_958,228",2023,2023-10-08,281,0.7362436913258067,657460,-16.705858169510513,657750,-9.932970066806396,657750,-6.772888102704145,657750
Jagatsinghpur,JGS,1,"1_2_16_959,228",2023,2023-10-08,281,0.7313471439971877,652752,-16.714550458645547,653265,-9.88827529370187,653265,-6.82627516494369,653265
Jagatsinghpur,JGS,1,"1_2_16_960,228",2023,2023-10-08,281,0.7389990941970906,691918,-16.642800522098405,693526,-9.736636321042448,693526,-6.906164201055938,693526
Jagatsinghpur,JGS,1,"1_2_16_961,228",2023,2023-10-08,281,0.6851033114590215,726182,-17.477585657339212,728813,-9.110038513457837,728813,-8.36754714388138,728813
Jagatsinghpur,JGS,1,"1_2_16_962,228",2023,2023-10-08,281,0.5425341715687846,233230,-18.234275792370102,246956,-10.426343978039592,246956,-7.807931814330515,246956
Jagatsinghpur,JGS,1,"1_2_16_958,229",2023,2023-10-08,281,0.7332258002899921,603916,-16.733781389126676,604467,-10.104036760490024,604467,-6.629744628636654,604467
Jagatsinghpur,JGS,1,"1_2_16_959,229",2023,2023-10-08,281,0.7611194895354361,604888,-16.840277228658778,604967,-9.680303128736782,604967,-7.159974099921963,604967
Jagatsinghpur,JGS,1,"1_2_16_960,229",2023,2023-10-08,281,0.7307253779659437,733587,-16.52731761335239,733746,-9.39697270496771,733746,-7.130344908384696,733746
Jagatsinghpur,JGS,1,"1_2_16_961,229",2023,2023-10-08,281,0.66689681178954,770771,-16.879459113570093,778594,-9.253194761843854,778594,-7.626264351726182,778594
Jagatsinghpur,JGS,1,"1_2_16_962,229",2023,2023-10-08,281,0.5984946209479843,499757,-17.659485795195717,513858,-9.823884353629614,513858,-7.835601441566052,513858
Jagatsinghpur,JGS,1,"1_2_16_963,229",2023,2023-10-08,281,0.5801361347612577,53591,-16.080162680752057,55675,-9.473113323842533,55675,-6.607049356909425,55675
Jagatsinghpur,JGS,1,"1_2_16_964,229",2023,2023-10-08,281,,0,,0,,0,,0
Jagatsinghpur,JGS,1,"1_2_16_957,230",2023,2023-10-08,281,0.7530233549831057,620429,-17.015650101669184,620511,-10.393976610729304,620511,-6.62167349093988,620511
Jagatsinghpur,JGS,1,"1_2_16_958,230",2023,2023-10-08,281,0.7569283227774106,573953,-16.90489639410392,574078,-9.855695267795427,574078,-7.049201126308512,574078
Jagatsinghpur,JGS,1,"1_2_16_959,230",2023,2023-10-08,281,0.7382290090575048,639807,-17.0294385925009,640106,-9.364941047539554,640106,-7.6644975449613915,640106
Jagatsinghpur,JGS,1,"1_2_16_960,230",2023,2023-10-08,281,0.7426515205142202,679206,-16.821421558061324,679387,-9.215092309303461,679387,-7.6063292487578815,679387
Jagatsinghpur,JGS,1,"1_2_16_961,230",2023,2023-10-08,281,0.7182853949271251,710296,-16.889274331084177,712352,-8.926267975453092,712352,-7.963006355631152,712352
Jagatsinghpur,JGS,1,"1_2_16_962,230",2023,2023-10-08,281,0.701568514746107,738016,-17.204516348717757,741892,-8.894174156497186,741892,-8.31034219222063,741892
Jagatsinghpur,JGS,1,"1_2_16_963,230",2023,2023-10-08,281,0.6890390247362757,596598,-16.55314839472292,601275,-8.685888630548323,601275,-7.867259764174573,601275
Jagatsinghpur,JGS,1,"1_2_16_964,230",2023,2023-10-08,281,0.5375461579318505,122423,-16.273584505338782,125259,-9.75154095834814,125259,-6.522043546990607,125259
Jagatsinghpur,JGS,1,"1_2_16_965,230",2023,2023-10-08,281,0.49737343149956664,10152,-16.09116281715006,10328,-10.898296628222662,10328,-5.192866188927446,10328
Jagatsinghpur,JGS,1,"1_2_16_957,231",2023,2023-10-08,281,0.7186504206907767,534864,-17.206880373817864,535010,-9.96004773587075,535010,-7.246832637947113,535010
Jagatsinghpur,JGS,1,"1_2_16_958,231",2023,2023-10-08,281,0.7482837975813265,649337,-16.980742782717954,649727,-9.848900241314562,649727,-7.131842541403397,649727
Jagatsinghpur,JGS,1,"1_2_16_959,231",2023,2023-10-08,281,0.7538590489305068,543692,-16.822630728383057,544379,-9.908331730973382,544379,-6.914298997409635,544379
Jagatsinghpur,JGS,1,"1_2_16_960,231",2023,2023-10-08,281,0.7321690435121277,525044,-16.405754706305927,525591,-9.415110810487144,525591,-6.99064389581874,525591
Jagatsinghpur,JGS,1,"1_2_16_961,231",2023,2023-10-08,281,0.6859580660834022,637963,-16.378551257725594,638601,-9.336544930566035,638601,-7.042006327159608,638601
Jagatsinghpur,JGS,1,"1_2_16_962,231",2023,2023-10-08,281,0.6388612562114169,660038,-16.242525462802092,661478,-9.152734651571068,661478,-7.089790811231044,661478
Jagatsinghpur,JGS,1,"1_2_16_963,231",2023,2023-10-08,281,0.6942005172217631,621553,-16.234938142835116,623890,-9.174295462502062,623890,-7.06064268033309,623890
Jagatsinghpur,JGS,1,"1_2_16_964,231",2023,2023-10-08,281,0.701938557212707,539770,-16.75091382040026,543323,-9.406196658254592,543323,-7.344717162145668,543323
Jagatsinghpur,JGS,1,"1_2_17_961,226",2023,2023-10-18,291,0.7392638103097127,12006,-17.70913004431009,12383,-9.94810939220643,12383,-7.761020652103602,12383
Jagatsinghpur,JGS,1,"1_2_17_959,227",2023,2023-10-18,291,0.7418061038249671,510187,-16.760465174645613,510204,-9.924846135177859,510204,-6.835619039467734,510204
Jagatsinghpur,JGS,1,"1_2_17_960,227",2023,2023-10-18,291,0.7298517336909299,430663,-17.100853962061493,432279,-10.806027980593997,432279,-6.294825981467547,432279
Jagatsinghpur,JGS,1,"1_2_17_961,227",2023,2023-10-18,291,0.5996120049600665,446685,-17.907597685831128,447583,-10.190461282193773,447583,-7.71713640363735,447583
Jagatsinghpur,JGS,1,"1_2_17_962,227",2023,2023-10-18,291,0.3243787759504369,786,-19.815549068987558,786,-12.755857481133791,786,-7.059691587853781,786
Jagatsinghpur,JGS,1,"1_2_17_958,228",2023,2023-10-18,291,0.700350034537819,657718,-17.136842869550236,657750,-10.406822513127608,657750,-6.730020356422589,657750
Jagatsinghpur,JGS,1,"1_2_17_959,228",2023,2023-10-18,291,0.7035828487015289,652292,-17.18228176543432,653265,-10.709819077553648,653265,-6.472462687880671,653265
Jagatsinghpur,JGS,1,"1_2_17_960,228",2023,2023-10-18,291,0.735771167597562,693441,-17.01455559682654,693526,-10.569393525015782,693526,-6.445162071810725,693526
Jagatsinghpur,JGS,1,"1_2_17_961,228",2023,2023-10-18,291,0.6681354103493856,728535,-17.779167198551058,728813,-10.730319085031114,728813,-7.048848113519919,728813
Jagatsinghpur,JGS,1,"1_2_17_962,228",2023,2023-10-18,291,0.48138885106348756,246430,-18.59140390217778,246956,-11.512477552793944,246956,-7.078926349383793,246956
Jagatsinghpur,JGS,1,"1_2_17_958,229",2023,2023-10-18,291,0.6571142267535813,604461,-17.365119919038015,604467,-10.625803249879768,604467,-6.739316669158276,604467
Jagatsinghpur,JGS,1,"1_2_17_959,229",2023,2023-10-18,291,0.7373393652095929,604967,-17.107498168288817,604967,-9.69881432890654,604967,-7.408683839382262,604967
Jagatsinghpur,JGS,1,"1_2_17_960,229",2023,2023-10-18,291,0.7251158479699982,733746,-16.764586169755166,733746,-9.964919329032261,733746,-6.799666840722899,733746
Jagatsinghpur,JGS,1,"1_2_17_961,229",2023,2023-10-18,291,0.6380759746060721,778594,-17.548542778488123,778594,-10.64236012236836,778594,-6.90618265611977,778594
Jagatsinghpur,JGS,1,"1_2_17_962,229",2023,2023-10-18,291,0.5470953413631021,510761,-18.218496929272355,513858,-10.143345486827789,513858,-8.075151442444565,513858
Jagatsinghpur,JGS,1,"1_2_17_963,229",2023,2023-10-18,291,0.5634101579611241,54279,-16.42245846113212,55675,-10.36114491485721,55675,-6.0613135462749685,55675
Jagatsinghpur,JGS,1,"1_2_17_964,229",2023,2023-10-18,291,,0,,0,,0,,0
Jagatsinghpur,JGS,1,"1_2_17_957,230",2023,2023-10-18,291,0.6640797399451593,620511,-17.636515792669595,620511,-10.853966983081293,620511,-6.782548809588221,620511
Jagatsinghpur,JGS,1,"1_2_17_958,230",2023,2023-10-18,291,0.7005836533100758,574078,-17.270924670436976,574078,-10.314322705655416,574078,-6.956601964781571,574078
Jagatsinghpur,JGS,1,"1_2_17_959,230",2023,2023-10-18,291,0.7294880732105075,640106,-17.071482271348597,640106,-9.227140889283277,640106,-7.844341382065326,640106
Jagatsinghpur,JGS,1,"1_2_17_960,230",2023,2023-10-18,291,0.7376718144350841,679387,-16.86575170212098,679387,-9.057066805041842,679387,-7.808684897079169,679387
Jagatsinghpur,JGS,1,"1_2_17_961,230",2023,2023-10-18,291,0.7150084661382693,712330,-17.34624735083445,712352,-9.389375226076588,712352,-7.956872124757869,712352
Jagatsinghpur,JGS,1,"1_2_17_962,230",2023,2023-10-18,291,0.6941833712302523,741361,-17.6843994351485,741892,-9.354443805064387,741892,-8.329955630084129,741892
Jagatsinghpur,JGS,1,"1_2_17_963,230",2023,2023-10-18,291,0.6657671292774762,600837,-16.966093226917394,601275,-9.777960052376605,601275,-7.188133174540803,601275
Jagatsinghpur,JGS,1,"1_2_17_964,230",2023,2023-10-18,291,0.5291164758737622,125159,-16.86379260384375,125259,-10.486654068583972,125259,-6.377138535259808,125259
Jagatsinghpur,JGS,1,"1_2_17_965,230",2023,2023-10-18,291,0.5440848547090695,10328,-16.50392574524395,10328,-11.375917463103638,10328,-5.128008282140337,10328
Jagatsinghpur,JGS,1,"1_2_17_957,231",2023,2023-10-18,291,0.6211296104290118,526587,-17.52975094620812,535010,-10.071887701375866,535010,-7.457863244832305,535010
Jagatsinghpur,JGS,1,"1_2_17_958,231",2023,2023-10-18,291,0.7255281796421624,649727,-17.1875132430022,649727,-9.885110828792238,649727,-7.302402414209981,649727
Jagatsinghpur,JGS,1,"1_2_17_959,231",2023,2023-10-18,291,0.7397633162752456,544368,-17.165722503866967,544379,-10.089512429939662,544379,-7.076210073927311,544379
Jagatsinghpur,JGS,1,"1_2_17_960,231",2023,2023-10-18,291,0.722419299424253,525591,-16.713752168416743,525591,-9.575434619614061,525591,-7.138317548802704,525591
Jagatsinghpur,JGS,1,"1_2_17_961,231",2023,2023-10-18,291,0.6789450162039078,638424,-17.095335347920102,638601,-10.55648814209666,638601,-6.538847205823427,638601
Jagatsinghpur,JGS,1,"1_2_17_962,231",2023,2023-10-18,291,0.6441513073902767,661204,-17.31060964584666,661478,-10.956947110677353,661478,-6.353662535169277,661478
Jagatsinghpur,JGS,1,"1_2_17_963,231",2023,2023-10-18,291,0.6779774387277188,623178,-17.186438687523005,623890,-10.66614264084666,623890,-6.520296046676344,623890
Jagatsinghpur,JGS,1,"1_2_17_964,231",2023,2023-10-18,291,0.6667908423451475,541767,-17.364791396783154,543323,-10.815677195814045,543323,-6.549114200969132,543323
Jagatsinghpur,JGS,1,"1_2_18_961,226",2023,2023-10-28,301,,0,-17.041973624687035,12383,-11.280179097433495,12383,-5.761794527253502,12383
Jagatsinghpur,JGS,1,"1_2_18_959,227",2023,2023-10-28,301,0.7584244648238391,498460,-16.97991020673359,510204,-11.088207482797552,510204,-5.891702723936093,510204
Jagatsinghpur,JGS,1,"1_2_18_960,227",2023,2023-10-28,301,0.7444387988058058,263921,-17.21702659864821,432279,-11.770999740804655,432279,-5.446026857843537,432279
Jagatsinghpur,JGS,1,"1_2_18_961,227",2023,2023-10-28,301,0.5274023053329464,1777,-16.72690602652408,447583,-10.61019749129872,447583,-6.116708535225386,447583
Jagatsinghpur,JGS,1,"1_2_18_962,227",2023,2023-10-28,301,,0,-19.347775368864355,786,-13.07828449767195,786,-6.269490871192399,786
Jagatsinghpur,JGS,1,"1_2_18_958,228",2023,2023-10-28,301,0.734491420931563,650352,-17.41693797034783,657750,-11.71459514361734,657750,-5.70234282673048,657750
Jagatsinghpur,JGS,1,"1_2_18_959,228",2023,2023-10-28,301,0.730722013722157,590751,-17.31585960246437,653265,-11.504872699816842,653265,-5.8109869026475485,653265
Jagatsinghpur,JGS,1,"1_2_18_960,228",2023,2023-10-28,301,0.7714816225328383,571512,-17.12195312282193,693526,-11.26017858462201,693526,-5.861774538199964,693526
Jagatsinghpur,JGS,1,"1_2_18_961,228",2023,2023-10-28,301,0.6660249248784493,374,-16.805865696139225,728813,-10.910187246622327,728813,-5.895678449516907,728813
Jagatsinghpur,JGS,1,"1_2_18_962,228",2023,2023-10-28,301,,0,-17.67112445994269,246956,-11.297860583838494,246956,-6.373263876104251,246956
Jagatsinghpur,JGS,1,"1_2_18_958,229",2023,2023-10-28,301,0.7034516376588538,559818,-17.66694151709113,604467,-11.8237658995313,604467,-5.843175617559864,604467
Jagatsinghpur,JGS,1,"1_2_18_959,229",2023,2023-10-28,301,0.7473691674190273,518604,-17.09462541144035,604967,-10.564062267280402,604967,-6.5305631441599505,604967
Jagatsinghpur,JGS,1,"1_2_18_960,229",2023,2023-10-28,301,0.7633179940998027,715888,-17.008996774254776,733746,-10.588574990706775,733746,-6.420421783548033,733746
Jagatsinghpur,JGS,1,"1_2_18_961,229",2023,2023-10-28,301,0.768746270558063,42655,-16.807650291234765,778594,-10.2218137597058,778594,-6.585836531528982,778594
Jagatsinghpur,JGS,1,"1_2_18_962,229",2023,2023-10-28,301,0.9682131045347867,1421,-17.008740614248122,513858,-10.143243531804817,513858,-6.8654970824433255,513858
Jagatsinghpur,JGS,1,"1_2_18_963,229",2023,2023-10-28,301,0.586434312916436,14835,-15.692797898157373,55675,-9.813888219503825,55675,-5.878909678653547,55675
Jagatsinghpur,JGS,1,"1_2_18_964,229",2023,2023-10-28,301,,0,,0,,0,,0
Jagatsinghpur,JGS,1,"1_2_18_957,230",2023,2023-10-28,301,0.7422582042544951,619501,-17.755230761085127,620511,-11.815149220254645,620511,-5.940081540830488,620511
Jagatsinghpur,JGS,1,"1_2_18_958,230",2023,2023-10-28,301,0.7401102282923014,556772,-17.442485006699282,574078,-11.142614181775292,574078,-6.299870824923992,574078
Jagatsinghpur,JGS,1,"1_2_18_959,230",2023,2023-10-28,301,0.7518459036942339,611633,-16.97409487642785,640106,-9.936002735476366,640106,-7.038092140951468,640106
Jagatsinghpur,JGS,1,"1_2_18_960,230",2023,2023-10-28,301,0.7563700859359069,677122,-16.75535864338525,679387,-9.647173498949348,679387,-7.108185144435902,679387
Jagatsinghpur,JGS,1,"1_2_18_961,230",2023,2023-10-28,301,0.7482988820247428,190569,-16.68455954432143,712352,-9.390773988276504,712352,-7.2937855560449565,712352
Jagatsinghpur,JGS,1,"1_2_18_962,230",2023,2023-10-28,301,0.7804965211015238,217805,-16.632745187717703,741892,-9.405348031040687,741892,-7.2273971566770046,741892
Jagatsinghpur,JGS,1,"1_2_18_963,230",2023,2023-10-28,301,0.7016458794209844,426035,-16.17166133234397,601275,-9.985758949383762,601275,-6.18590238296018,601275
Jagatsinghpur,JGS,1,"1_2_18_964,230",2023,2023-10-28,301,0.5671889660572897,115677,-16.251749142440726,125259,-10.014938613089416,125259,-6.236810529351287,125259
Jagatsinghpur,JGS,1,"1_2_18_965,230",2023,2023-10-28,301,0.5772703095410638,10004,-16.012142207248164,10328,-10.892565855398889,10328,-5.119576351849271,10328
Jagatsinghpur,JGS,1,"1_2_18_957,231",2023,2023-10-28,301,0.7297065388657848,533743,-17.5849046646792,519743,-10.861890598104091,519743,-6.723014066575049,519743
Jagatsinghpur,JGS,1,"1_2_18_958,231",2023,2023-10-28,301,0.7531992485653147,647874,-17.189952719061687,649727,-10.735876918004731,649727,-6.454075801056962,649727
Jagatsinghpur,JGS,1,"1_2_18_959,231",2023,2023-10-28,301,0.7433297480333017,542546,-17.287832072638896,544379,-11.130815746867722,544379,-6.157016325771186,544379
Jagatsinghpur,JGS,1,"1_2_18_960,231",2023,2023-10-28,301,0.7204346705012393,524204,-16.882738698953528,525591,-10.627782741093672,525591,-6.25495595785983,525591
Jagatsinghpur,JGS,1,"1_2_18_961,231",2023,2023-10-28,301,0.6951312742933361,317163,-16.926501557347382,638601,-11.007191268849105,638601,-5.919310288498248,638601
Jagatsinghpur,JGS,1,"1_2_18_962,231",2023,2023-10-28,301,0.5624589801548004,71288,-16.99025904865292,661478,-11.088626866968825,661478,-5.901632181684054,661478
Jagatsinghpur,JGS,1,"1_2_18_963,231",2023,2023-10-28,301,0.7437753691840155,97646,-16.464262340732613,623890,-10.594221306471683,623890,-5.870041034260871,623890
Jagatsinghpur,JGS,1,"1_2_18_964,231",2023,2023-10-28,301,0.7053294641003442,520344,-16.541047515789383,543323,-10.672289936598412,543323,-5.868757579190972,543323
Jagatsinghpur,JGS,1,"1_2_19_961,226",2023,2023-11-07,311,0.707107269472128,12234,-17.15161251807632,12383,-11.931860274728553,12383,-5.219752243347792,12383
Jagatsinghpur,JGS,1,"1_2_19_959,227",2023,2023-11-07,311,0.7201150272584632,510138,-15.8471034136894,510204,-10.122124584171658,510204,-5.724978829517724,510204
Jagatsinghpur,JGS,1,"1_2_19_960,227",2023,2023-11-07,311,0.6989545630538158,430758,-16.452479078778875,432279,-11.025480531387062,432279,-5.42699854739181,432279
Jagatsinghpur,JGS,1,"1_2_19_961,227",2023,2023-11-07,311,0.6769323239515557,434240,-16.462876026037524,447583,-10.874787418372156,447583,-5.588088607665373,447583
Jagatsinghpur,JGS,1,"1_2_19_962,227",2023,2023-11-07,311,0.4691179950581962,523,-19.687571010273803,786,-13.038715458514206,786,-6.648855551759593,786
Jagatsinghpur,JGS,1,"1_2_19_958,228",2023,2023-11-07,311,0.6919072992572219,657498,-16.205731739939775,657750,-10.450166648296541,657750,-5.755565091643216,657750
Jagatsinghpur,JGS,1,"1_2_19_959,228",2023,2023-11-07,311,0.7026237865622438,653210,-16.278948332658235,653265,-10.578317355133919,653265,-5.700630977524299,653265
Jagatsinghpur,JGS,1,"1_2_19_960,228",2023,2023-11-07,311,0.7444686564105112,693466,-15.999021870349372,693526,-10.488803028954027,693526,-5.51021884139534,693526
Jagatsinghpur,JGS,1,"1_2_19_961,228",2023,2023-11-07,311,0.6988431872957617,719449,-16.565844505172606,728813,-11.215521569944933,728813,-5.350322935227632,728813
Jagatsinghpur,JGS,1,"1_2_19_962,228",2023,2023-11-07,311,0.5734849056784498,216881,-17.868431622255727,246956,-11.901293839309758,246956,-5.9671377829459535,246956
Jagatsinghpur,JGS,1,"1_2_19_958,229",2023,2023-11-07,311,0.6754823423712981,604427,-16.474172263545906,604467,-10.57122412483223,604467,-5.902948138713647,604467
Jagatsinghpur,JGS,1,"1_2_19_959,229",2023,2023-11-07,311,0.7372286239983217,604891,-15.825904586735447,604967,-9.645661872213452,604967,-6.180242714522014,604967
Jagatsinghpur,JGS,1,"1_2_19_960,229",2023,2023-11-07,311,0.7488960491991983,733340,-15.751435735672432,733746,-9.69800910330969,733746,-6.053426632362749,733746
Jagatsinghpur,JGS,1,"1_2_19_961,229",2023,2023-11-07,311,0.7060059754249629,766446,-16.53151554309915,778594,-10.910285922172006,778594,-5.621229620927204,778594
Jagatsinghpur,JGS,1,"1_2_19_962,229",2023,2023-11-07,311,0.6279035646746813,485454,-16.996006542736655,513858,-11.175593971382165,513858,-5.820412571354502,513858
Jagatsinghpur,JGS,1,"1_2_19_963,229",2023,2023-11-07,311,0.6237956705369017,54824,-16.050298025918604,55675,-10.372317115099197,55675,-5.6779809108194375,55675
Jagatsinghpur,JGS,1,"1_2_19_964,229",2023,2023-11-07,311,,0,,0,,0,,0
Jagatsinghpur,JGS,1,"1_2_19_957,230",2023,2023-11-07,311,0.6968771920147668,620226,-16.02703178210235,620511,-10.10007055044321,620511,-5.9269612316591695,620511
Jagatsinghpur,JGS,1,"1_2_19_958,230",2023,2023-11-07,311,0.7126355847738531,573937,-16.033049504289234,574078,-9.926845697372078,574078,-6.106203806917198,574078
Jagatsinghpur,JGS,1,"1_2_19_959,230",2023,2023-11-07,311,0.7499886306744202,639851,-15.680794097336857,640106,-9.239583545856124,640106,-6.441210551480751,640106
Jagatsinghpur,JGS,1,"1_2_19_960,230",2023,2023-11-07,311,0.749132932066084,678843,-15.509926828125343,679387,-9.066179272278575,679387,-6.443747555846773,679387
Jagatsinghpur,JGS,1,"1_2_19_961,230",2023,2023-11-07,311,0.7614669919159813,710752,-16.01991240828042,712352,-9.528696412091993,712352,-6.491215996188479,712352
Jagatsinghpur,JGS,1,"1_2_19_962,230",2023,2023-11-07,311,0.7351939849549874,734950,-16.252343793359458,741892,-10.052444863944801,741892,-6.1998989294146964,741892
Jagatsinghpur,JGS,1,"1_2_19_963,230",2023,2023-11-07,311,0.722650305666079,592649,-16.082774825146615,601275,-10.344214525986828,601275,-5.738560299159771,601275
Jagatsinghpur,JGS,1,"1_2_19_964,230",2023,2023-11-07,311,0.6170778595834399,121777,-16.942813999569964,125259,-10.604977766854647,125259,-6.337836232715286,125259
Jagatsinghpur,JGS,1,"1_2_19_965,230",2023,2023-11-07,311,0.6016618353791421,10289,-16.529190821918448,10328,-11.150158600296422,10328,-5.379032221621958,10328
Jagatsinghpur,JGS,1,"1_2_19_957,231",2023,2023-11-07,311,0.6834477404376156,534757,-16.066840058803766,535010,-9.633268072271594,535010,-6.433571986532184,535010
Jagatsinghpur,JGS,1,"1_2_19_958,231",2023,2023-11-07,311,0.7137187521825005,649638,-15.785234928248348,649727,-9.603630821347322,649727,-6.181604106901041,649727
Jagatsinghpur,JGS,1,"1_2_19_959,231",2023,2023-11-07,311,0.7520192577979156,544360,-15.990580712992022,544379,-10.097178801363244,544379,-5.893401911628775,544379
Jagatsinghpur,JGS,1,"1_2_19_960,231",2023,2023-11-07,311,0.7201478337998543,525350,-15.975061661547167,525591,-9.988507950121406,525591,-5.986553711425765,525591
Jagatsinghpur,JGS,1,"1_2_19_961,231",2023,2023-11-07,311,0.7149202551048106,638341,-16.54607157065,638601,-10.7785538879887,638601,-5.767517682661321,638601
Jagatsinghpur,JGS,1,"1_2_19_962,231",2023,2023-11-07,311,0.6894452597205453,660812,-17.123606801515127,661478,-11.478217067956054,661478,-5.645389733559122,661478
Jagatsinghpur,JGS,1,"1_2_19_963,231",2023,2023-11-07,311,0.7386359885424864,621834,-16.372745115725177,623890,-11.109882700003977,623890,-5.262862415721224,623890
Jagatsinghpur,JGS,1,"1_2_19_964,231",2023,2023-11-07,311,0.7088019205979192,536160,-16.489194758519538,543323,-11.041977568969182,543323,-5.447217189550294,543323
Jagatsinghpur,JGS,1,"1_2_20_961,226",2023,2023-11-17,321,,0,,0,,0,,0
Jagatsinghpur,JGS,1,"1_2_20_959,227",2023,2023-11-17,321,0.573734635091423,510177,-14.756196416627294,510204,-9.49184147928718,510204,-5.264354937340059,510204
Jagatsinghpur,JGS,1,"1_2_20_960,227",2023,2023-11-17,321,0.48964129848059124,294249,-15.030570654980622,299906,-9.888951428470342,299906,-5.141619226510338,299906
Jagatsinghpur,JGS,1,"1_2_20_961,227",2023,2023-11-17,321,,0,,0,,0,,0
Jagatsinghpur,JGS,1,"1_2_20_962,227",2023,2023-11-17,321,,0,,0,,0,,0
Jagatsinghpur,JGS,1,"1_2_20_958,228",2023,2023-11-17,321,0.5719176198942072,657740,-15.318022582187306,657750,-10.016240802837135,657750,-5.301781779350137,657750
Jagatsinghpur,JGS,1,"1_2_20_959,228",2023,2023-11-17,321,0.5438851500639287,653265,-15.278452135127154,653265,-9.916810040331123,653265,-5.361642094796048,653265
Jagatsinghpur,JGS,1,"1_2_20_960,228",2023,2023-11-17,321,0.5712576088314968,585289,-14.795562112616457,555410,-9.567529357807572,555410,-5.228032754808904,555410
Jagatsinghpur,JGS,1,"1_2_20_961,228",2023,2023-11-17,321,,0,,0,,0,,0
Jagatsinghpur,JGS,1,"1_2_20_962,228",2023,2023-11-17,321,,0,,0,,0,,0
Jagatsinghpur,JGS,1,"1_2_20_958,229",2023,2023-11-17,321,0.5766296630734391,604467,-15.586703410520817,604467,-10.11796520548619,604467,-5.468738205034656,604467
Jagatsinghpur,JGS,1,"1_2_20_959,229",2023,2023-11-17,321,0.5616416132632138,604967,-14.74599289219677,604967,-9.107066499241082,604967,-5.638926392955747,604967
Jagatsinghpur,JGS,1,"1_2_20_960,229",2023,2023-11-17,321,0.5589316949849423,730328,-14.593876857842071,716165,-9.144344861421926,716165,-5.4495319964201565,716165
Jagatsinghpur,JGS,1,"1_2_20_961,229",2023,2023-11-17,321,0.5823949791661653,73093,-14.68246166879106,20064,-8.936966894258743,20064,-5.745494774532359,20064
Jagatsinghpur,JGS,1,"1_2_20_962,229",2023,2023-11-17,321,,0,,0,,0,,0
Jagatsinghpur,JGS,1,"1_2_20_963,229",2023,2023-11-17,321,,0,,0,,0,,0
Jagatsinghpur,JGS,1,"1_2_20_964,229",2023,2023-11-17,321,,0,,0,,0,,0
Jagatsinghpur,JGS,1,"1_2_20_957,230",2023,2023-11-17,321,0.5749021128973509,620511,-15.426369910003148,620511,-9.913071985068797,620511,-5.513297924934341,620511
Jagatsinghpur,JGS,1,"1_2_20_958,230",2023,2023-11-17,321,0.605427788786197,574078,-15.077314341783858,574078,-9.508425447086966,574078,-5.56888889469691,574078
Jagatsinghpur,JGS,1,"1_2_20_959,230",2023,2023-11-17,321,0.5606954825806334,640106,-14.52811047078598,640106,-8.671632893359012,640106,-5.856477577426953,640106
Jagatsinghpur,JGS,1,"1_2_20_960,230",2023,2023-11-17,321,0.5399875400964537,679387,-14.370041275233467,679387,-8.732796424487335,679387,-5.63724485074608,679387
Jagatsinghpur,JGS,1,"1_2_20_961,230",2023,2023-11-17,321,0.5702374034800018,217569,-14.163867090778353,135443,-8.27879465132036,135443,-5.885072439458072,135443
Jagatsinghpur,JGS,1,"1_2_20_962,230",2023,2023-11-17,321,,0,,0,,0,,0
Jagatsinghpur,JGS,1,"1_2_20_963,230",2023,2023-11-17,321,,0,,0,,0,,0
Jagatsinghpur,JGS,1,"1_2_20_964,230",2023,2023-11-17,321,,0,,0,,0,,0
Jagatsinghpur,JGS,1,"1_2_20_965,230",2023,2023-11-17,321,,0,,0,,0,,0
Jagatsinghpur,JGS,1,"1_2_20_957,231",2023,2023-11-17,321,0.5639710647222053,535010,-15.40593188249153,535010,-9.415020456814409,535010,-5.9909114256771145,535010
Jagatsinghpur,JGS,1,"1_2_20_958,231",2023,2023-11-17,321,0.5137940466639052,649727,-14.901598884658286,649727,-9.314551453964329,649727,-5.587047430693905,649727
Jagatsinghpur,JGS,1,"1_2_20_959,231",2023,2023-11-17,321,0.5453861932534213,544379,-14.96873928917815,544379,-9.464310751448744,544379,-5.504428537729425,544379
Jagatsinghpur,JGS,1,"1_2_20_960,231",2023,2023-11-17,321,0.5192088359540341,525591,-15.056593766974798,525591,-9.541142827942636,525591,-5.515450939032132,525591
Jagatsinghpur,JGS,1,"1_2_20_961,231",2023,2023-11-17,321,0.5028208260281865,390017,-15.359682932218483,255829,-9.793598782603329,255829,-5.56608414961518,255829
Jagatsinghpur,JGS,1,"1_2_20_962,231",2023,2023-11-17,321,0.5128663488496832,44674,,0,,0,,0
Jagatsinghpur,JGS,1,"1_2_20_963,231",2023,2023-11-17,321,0.5816227006982123,27231,,0,,0,,0
Jagatsinghpur,JGS,1,"1_2_20_964,231",2023,2023-11-17,321,0.525242712986688,2461,,0,,0,,0
Jagatsinghpur,JGS,1,"1_2_21_961,226",2023,2023-11-27,331,0.35416382299352833,12383,-15.907354024318801,12383,-10.815847721220122,12383,-5.091506303098701,12383
Jagatsinghpur,JGS,1,"1_2_21_959,227",2023,2023-11-27,331,0.5065909744746153,510192,-15.549890934788674,510204,-10.256267445370561,510204,-5.293623489418091,510204
Jagatsinghpur,JGS,1,"1_2_21_960,227",2023,2023-11-27,331,0.4331112194611176,432191,-15.87110327598124,432279,-10.413676419453978,432279,-5.457426856527258,432279
Jagatsinghpur,JGS,1,"1_2_21_961,227",2023,2023-11-27,331,0.37177913586825573,447459,-15.701622713763841,447583,-10.44805959681711,447583,-5.253563116946747,447583
Jagatsinghpur,JGS,1,"1_2_21_962,227",2023,2023-11-27,331,0.2558906144838007,786,-19.511483828740637,786,-13.26861139656616,786,-6.24287243217449,786
Jagatsinghpur,JGS,1,"1_2_21_958,228",2023,2023-11-27,331,0.4989260643401839,657750,-16.053529970618072,657750,-10.665156484496238,657750,-5.388373486121882,657750
Jagatsinghpur,JGS,1,"1_2_21_959,228",2023,2023-11-27,331,0.48216343311666454,653260,-15.76070866288122,653265,-10.341062822855353,653265,-5.419645840025818,653265
Jagatsinghpur,JGS,1,"1_2_21_960,228",2023,2023-11-27,331,0.5190450200081927,693526,-15.399812225144375,693526,-10.230470566300948,693526,-5.169341658843385,693526
Jagatsinghpur,JGS,1,"1_2_21_961,228",2023,2023-11-27,331,0.38471172924071945,728813,-15.654053969687602,728813,-10.615238210167204,728813,-5.038815759520425,728813
Jagatsinghpur,JGS,1,"1_2_21_962,228",2023,2023-11-27,331,0.34220386838727884,246956,-17.595447610794537,246956,-11.790436094364392,246956,-5.805011516430133,246956
Jagatsinghpur,JGS,1,"1_2_21_958,229",2023,2023-11-27,331,0.5098100863120089,604467,-16.285871997657672,604467,-10.788183572995079,604467,-5.497688424662546,604467
Jagatsinghpur,JGS,1,"1_2_21_959,229",2023,2023-11-27,331,0.5046911787292504,604967,-15.640071994768775,604967,-10.27950322552295,604967,-5.360568769245846,604967
Jagatsinghpur,JGS,1,"1_2_21_960,229",2023,2023-11-27,331,0.5225269660172189,733746,-15.237759943177709,733746,-10.015266196034883,733746,-5.22249374714284,733746
Jagatsinghpur,JGS,1,"1_2_21_961,229",2023,2023-11-27,331,0.43834892915776513,778594,-15.720343209582355,778594,-10.628270502471652,778594,-5.092072707110653,778594
Jagatsinghpur,JGS,1,"1_2_21_962,229",2023,2023-11-27,331,0.3745174351620303,513839,-16.26889976295602,513858,-10.88606119362755,513858,-5.382838569328534,513858
Jagatsinghpur,JGS,1,"1_2_21_963,229",2023,2023-11-27,331,0.4448924802304434,55675,-15.90380130715892,55675,-10.369258524159214,55675,-5.534542782999661,55675
Jagatsinghpur,JGS,1,"1_2_21_964,229",2023,2023-11-27,331,,0,,0,,0,,0
Jagatsinghpur,JGS,1,"1_2_21_957,230",2023,2023-11-27,331,0.5352317378902606,620077,-16.410018278648696,620511,-10.952641720494062,620511,-5.45737655815468,620511
Jagatsinghpur,JGS,1,"1_2_21_958,230",2023,2023-11-27,331,0.5437052346022953,574078,-16.014696526452777,574078,-10.777129900764697,574078,-5.23756662568808,574078
Jagatsinghpur,JGS,1,"1_2_21_959,230",2023,2023-11-27,331,0.5256800005562878,640106,-15.376222428964056,640106,-9.983149460565409,640106,-5.393072968398616,640106
Jagatsinghpur,JGS,1,"1_2_21_960,230",2023,2023-11-27,331,0.5118986181252372,679387,-15.165875693332994,679387,-9.897523000908105,679387,-5.2683526924249,679387
Jagatsinghpur,JGS,1,"1_2_21_961,230",2023,2023-11-27,331,0.5319821530623389,712352,-15.306652337468734,712352,-9.928718658907343,712352,-5.377933678561393,712352
Jagatsinghpur,JGS,1,"1_2_21_962,230",2023,2023-11-27,331,0.4738749341733899,741892,-15.434765597523835,741892,-10.35045995137764,741892,-5.084305646146142,741892
Jagatsinghpur,JGS,1,"1_2_21_963,230",2023,2023-11-27,331,0.45988601145480146,601275,-15.499843518989255,601275,-10.327649842947231,601275,-5.172193676042021,601275
Jagatsinghpur,JGS,1,"1_2_21_964,230",2023,2023-11-27,331,0.43388363341409086,125259,-16.815202369673315,125259,-10.534634547032715,125259,-6.280567822640565,125259
Jagatsinghpur,JGS,1,"1_2_21_965,230",2023,2023-11-27,331,0.43459356101000823,9316,-16.620478392302527,10328,-11.330493659709933,10328,-5.28998473259257,10328
Jagatsinghpur,JGS,1,"1_2_21_957,231",2023,2023-11-27,331,0.5444936208657771,534683,-16.492641641892142,535010,-10.791632265494439,535010,-5.701009376397717,535010
Jagatsinghpur,JGS,1,"1_2_21_958,231",2023,2023-11-27,331,0.510467840501468,649727,-15.898670572636508,649727,-10.594754406191779,649727,-5.3039161664447425,649727
Jagatsinghpur,JGS,1,"1_2_21_959,231",2023,2023-11-27,331,0.506113912489548,544379,-15.868828000695396,544379,-10.577438159531846,544379,-5.291389841163504,544379
Jagatsinghpur,JGS,1,"1_2_21_960,231",2023,2023-11-27,331,0.5093490937462404,525591,-15.919899132652908,525591,-10.512670210250365,525591,-5.407228922402562,525591
Jagatsinghpur,JGS,1,"1_2_21_961,231",2023,2023-11-27,331,0.517951419727914,638601,-16.36121874566026,638601,-10.915191964641139,638601,-5.446026781019132,638601
Jagatsinghpur,JGS,1,"1_2_21_962,231",2023,2023-11-27,331,0.519440945033273,661392,-16.77332484133652,661478,-11.306661852478278,661478,-5.4666629888582134,661478
Jagatsinghpur,JGS,1,"1_2_21_963,231",2023,2023-11-27,331,0.5151222338986312,623474,-15.884433796273994,623890,-10.793621339956633,623890,-5.090812456317408,623890
Jagatsinghpur,JGS,1,"1_2_21_964,231",2023,2023-11-27,331,0.41044061362066525,542360,-15.765357756944093,543323,-10.66352690598112,543323,-5.101830850962985,543323
Jagatsinghpur,JGS,1,"1_2_22_961,226",2023,2023-12-07,341,0.3338138024083703,12376,-14.993086141338512,12383,-9.350849650306696,12383,-5.642236491031776,12383
Jagatsinghpur,JGS,1,"1_2_22_959,227",2023,2023-12-07,341,0.43594541846439466,510204,-15.087467338423739,510204,-9.515392722487618,510204,-5.572074615936143,510204
Jagatsinghpur,JGS,1,"1_2_22_960,227",2023,2023-12-07,341,0.3892301117338256,432269,-15.629552254404373,432279,-9.962980347282862,432279,-5.666571907121513,432279
Jagatsinghpur,JGS,1,"1_2_22_961,227",2023,2023-12-07,341,0.3633841144732432,447553,-15.371329995880089,447583,-10.252404386344475,447583,-5.118925609535616,447583
Jagatsinghpur,JGS,1,"1_2_22_962,227",2023,2023-12-07,341,0.3045876465107903,786,-19.82518788330961,786,-12.860984241922688,786,-6.964203641386921,786
Jagatsinghpur,JGS,1,"1_2_22_958,228",2023,2023-12-07,341,0.4169217764443802,657750,-15.424547987479881,657750,-9.81543994341868,657750,-5.609108044061193,657750
Jagatsinghpur,JGS,1,"1_2_22_959,228",2023,2023-12-07,341,0.41581201371290893,653265,-15.506667176749092,653265,-9.951279698093668,653265,-5.555387478655423,653265
Jagatsinghpur,JGS,1,"1_2_22_960,228",2023,2023-12-07,341,0.434357718102805,693526,-14.826910910256164,693526,-9.544628442594389,693526,-5.282282467661751,693526
Jagatsinghpur,JGS,1,"1_2_22_961,228",2023,2023-12-07,341,0.35363295113738025,728813,-15.107018133989131,728813,-9.9245556904013,728813,-5.18246244358784,728813
Jagatsinghpur,JGS,1,"1_2_22_962,228",2023,2023-12-07,341,0.3975854947761094,246956,-17.67109684379868,246956,-11.850921608429585,246956,-5.820175235369111,246956
Jagatsinghpur,JGS,1,"1_2_22_958,229",2023,2023-12-07,341,0.43533195720642326,604467,-15.601768612793812,604467,-9.925932819157858,604467,-5.675835793635962,604467
Jagatsinghpur,JGS,1,"1_2_22_959,229",2023,2023-12-07,341,0.4135359484016462,604967,-15.195417011705624,604967,-9.714492218271388,604967,-5.480924793434213,604967
Jagatsinghpur,JGS,1,"1_2_22_960,229",2023,2023-12-07,341,0.4257360314898894,733746,-14.478145461602686,733746,-9.179381758545784,733746,-5.298763703056913,733746
Jagatsinghpur,JGS,1,"1_2_22_961,229",2023,2023-12-07,341,0.3936810853010598,778594,-14.897928387331913,778594,-9.710093103091344,778594,-5.18783528424063,778594
Jagatsinghpur,JGS,1,"1_2_22_962,229",2023,2023-12-07,341,0.3960060496736272,513858,-16.113605785827236,513858,-10.673566313971378,513858,-5.440039471855828,513858
Jagatsinghpur,JGS,1,"1_2_22_963,229",2023,2023-12-07,341,0.48669248046436814,55675,-16.21023361051608,55675,-10.505305131602702,55675,-5.704928478913427,55675
Jagatsinghpur,JGS,1,"1_2_22_964,229",2023,2023-12-07,341,,0,,0,,0,,0
Jagatsinghpur,JGS,1,"1_2_22_957,230",2023,2023-12-07,341,0.4013372954117592,620507,-15.605547513787645,620511,-9.937033823647383,620511,-5.668513690140269,620511
Jagatsinghpur,JGS,1,"1_2_22_958,230",2023,2023-12-07,341,0.42846810594540197,574078,-15.484521942982727,574078,-10.12309178776195,574078,-5.3614301552207575,574078
Jagatsinghpur,JGS,1,"1_2_22_959,230",2023,2023-12-07,341,0.42744375386855216,640106,-14.9811324904925,640106,-9.671725900674453,640106,-5.3094065898179785,640106
Jagatsinghpur,JGS,1,"1_2_22_960,230",2023,2023-12-07,341,0.4125176691353618,679387,-14.459682238939191,679387,-9.045956583172618,679387,-5.413725655766552,679387
Jagatsinghpur,JGS,1,"1_2_22_961,230",2023,2023-12-07,341,0.4598036035194333,712352,-14.580043427723037,712352,-9.010664200608966,712352,-5.569379227114067,712352
Jagatsinghpur,JGS,1,"1_2_22_962,230",2023,2023-12-07,341,0.4219714235651637,741892,-14.607600179038696,741892,-9.141458084919549,741892,-5.466142094119162,741892
Jagatsinghpur,JGS,1,"1_2_22_963,230",2023,2023-12-07,341,0.44693659883968984,601275,-14.970934948261979,601275,-9.561119651042013,601275,-5.40981529721995,601275
Jagatsinghpur,JGS,1,"1_2_22_964,230",2023,2023-12-07,341,0.5572674758856875,125259,-16.58321560435961,125259,-10.275893563163509,125259,-6.3073220411961,125259
Jagatsinghpur,JGS,1,"1_2_22_965,230",2023,2023-12-07,341,0.5805725124353468,10328,-16.523308587364756,10328,-11.170264617466893,10328,-5.353043969897916,10328
Jagatsinghpur,JGS,1,"1_2_22_957,231",2023,2023-12-07,341,0.42259351178019555,521289,-15.696652354472649,535010,-9.966840667555816,535010,-5.729811686916805,535010
Jagatsinghpur,JGS,1,"1_2_22_958,231",2023,2023-12-07,341,0.4039320308083834,649727,-15.261522555297669,649727,-9.863252370310372,649727,-5.398270184987304,649727
Jagatsinghpur,JGS,1,"1_2_22_959,231",2023,2023-12-07,341,0.4184964313131309,544379,-15.28144358870945,544379,-9.8500910349171,544379,-5.431352553792394,544379
Jagatsinghpur,JGS,1,"1_2_22_960,231",2023,2023-12-07,341,0.439544460297994,525591,-15.36111214188161,525591,-9.8156465101121,525591,-5.545465631769508,525591
Jagatsinghpur,JGS,1,"1_2_22_961,231",2023,2023-12-07,341,0.48459742560813385,638601,-15.739315284401973,638601,-10.33235021268727,638601,-5.406965071714674,638601
Jagatsinghpur,JGS,1,"1_2_22_962,231",2023,2023-12-07,341,0.541565031942885,661478,-15.701280891798339,661478,-10.385135319849427,661478,-5.31614557194888,661478
Jagatsinghpur,JGS,1,"1_2_22_963,231",2023,2023-12-07,341,0.5093106214224363,623889,-15.037559557530445,623890,-9.827226652691545,623890,-5.210332904838841,623890
Jagatsinghpur,JGS,1,"1_2_22_964,231",2023,2023-12-07,341,0.4139883376868469,543286,-15.161469378734921,543323,-9.96395066039891,543323,-5.197518718335999,543323
Jagatsinghpur,JGS,1,"1_2_23_961,226",2023,2023-12-17,351,0.3013348234489719,12383,-16.96288858137549,12383,-11.27460493380963,12383,-5.688283647565858,12383
Jagatsinghpur,JGS,1,"1_2_23_959,227",2023,2023-12-17,351,0.3786665031222581,510204,-16.571843136584903,510204,-10.444174489914177,510204,-6.1276686466707195,510204
Jagatsinghpur,JGS,1,"1_2_23_960,227",2023,2023-12-17,351,0.33012297404885,432246,-17.655957749636173,432279,-11.286838916524655,432279,-6.369118833111527,432279
Jagatsinghpur,JGS,1,"1_2_23_961,227",2023,2023-12-17,351,0.3170648754867674,447579,-17.419717491683993,447583,-11.722499189524093,447583,-5.697218302159891,447583
Jagatsinghpur,JGS,1,"1_2_23_962,227",2023,2023-12-17,351,0.2812381110130104,786,-20.472753815096183,786,-13.683772964723243,786,-6.788980850372958,786
Jagatsinghpur,JGS,1,"1_2_23_958,228",2023,2023-12-17,351,0.34697153869319924,657750,-16.82720500470434,657750,-10.695275963589353,657750,-6.13192904111502,657750
Jagatsinghpur,JGS,1,"1_2_23_959,228",2023,2023-12-17,351,0.34913760062450366,653265,-17.12897691635282,653265,-10.880160715412483,653265,-6.24881620094035,653265
Jagatsinghpur,JGS,1,"1_2_23_960,228",2023,2023-12-17,351,0.34609444640050585,693526,-16.003941173917887,693526,-10.373091567385718,693526,-5.630849606532119,693526
Jagatsinghpur,JGS,1,"1_2_23_961,228",2023,2023-12-17,351,0.30424686418029295,728813,-17.14426183914642,728813,-11.541576065530236,728813,-5.602685773616208,728813
Jagatsinghpur,JGS,1,"1_2_23_962,228",2023,2023-12-17,351,0.3734687024625757,246956,-18.645748247490534,246956,-12.579398529777176,246956,-6.0663497177133285,246956
Jagatsinghpur,JGS,1,"1_2_23_958,229",2023,2023-12-17,351,0.36428230706998743,604467,-16.976602316404293,604467,-10.772068260241213,604467,-6.204534056163097,604467
Jagatsinghpur,JGS,1,"1_2_23_959,229",2023,2023-12-17,351,0.32263621416510435,604967,-16.202355494970767,604967,-10.202717872608298,604967,-5.999637622362427,604967
Jagatsinghpur,JGS,1,"1_2_23_960,229",2023,2023-12-17,351,0.32721115160656683,733746,-15.561444850849643,733746,-9.995837244745124,733746,-5.565607606104472,733746
Jagatsinghpur,JGS,1,"1_2_23_961,229",2023,2023-12-17,351,0.33351968521139247,778594,-16.564232121439662,778594,-11.20993965854034,778594,-5.354292462899299,778594
Jagatsinghpur,JGS,1,"1_2_23_962,229",2023,2023-12-17,351,0.363753450605984,513858,-17.427999523074725,513858,-11.772516277835312,513858,-5.6554832452394015,513858
Jagatsinghpur,JGS,1,"1_2_23_963,229",2023,2023-12-17,351,0.4225692179027384,55675,-17.527814691398873,55675,-11.4887474180893,55675,-6.039067273309426,55675
Jagatsinghpur,JGS,1,"1_2_23_964,229",2023,2023-12-17,351,,0,,0,,0,,0
Jagatsinghpur,JGS,1,"1_2_23_957,230",2023,2023-12-17,351,0.3151604568295194,620511,-16.751221793979006,620511,-10.71474011935871,620511,-6.036481674620327,620511
Jagatsinghpur,JGS,1,"1_2_23_958,230",2023,2023-12-17,351,0.33574477883202886,574078,-16.419284107142005,574078,-10.538112816293134,574078,-5.881171290848843,574078
Jagatsinghpur,JGS,1,"1_2_23_959,230",2023,2023-12-17,351,0.32504865690107965,640106,-15.576962874948265,640106,-9.937814908100638,640106,-5.639147966847639,640106
Jagatsinghpur,JGS,1,"1_2_23_960,230",2023,2023-12-17,351,0.31888855103003605,679387,-15.306212650051823,679387,-9.656165671999577,679387,-5.650046978052227,679387
Jagatsinghpur,JGS,1,"1_2_23_961,230",2023,2023-12-17,351,0.3576586783671344,712352,-15.506744813288043,712352,-9.984245185439695,712352,-5.522499627848403,712352
Jagatsinghpur,JGS,1,"1_2_23_962,230",2023,2023-12-17,351,0.3462353731066381,741892,-15.953522454952283,741892,-10.514252418306548,741892,-5.439270036645853,741892
Jagatsinghpur,JGS,1,"1_2_23_963,230",2023,2023-12-17,351,0.3807948612296416,601275,-16.25555094076869,601275,-10.768441178209294,601275,-5.487109762559388,601275
Jagatsinghpur,JGS,1,"1_2_23_964,230",2023,2023-12-17,351,0.5046225494092565,125259,-17.26573670643877,125259,-10.854624579662882,125259,-6.411112126775889,125259
Jagatsinghpur,JGS,1,"1_2_23_965,230",2023,2023-12-17,351,0.5429252725525143,10306,-16.998330718366468,10328,-11.403444478814585,10328,-5.594886239551898,10328
Jagatsinghpur,JGS,1,"1_2_23_957,231",2023,2023-12-17,351,0.32337758572938896,535010,-16.386797068420073,535010,-10.411602341308523,535010,-5.975194727111533,535010
Jagatsinghpur,JGS,1,"1_2_23_958,231",2023,2023-12-17,351,0.3160610710965743,649727,-15.911238592600661,649727,-10.21709111786126,649727,-5.694147474739408,649727
Jagatsinghpur,JGS,1,"1_2_23_959,231",2023,2023-12-17,351,0.3298690671618053,544379,-16.164638803185174,544379,-10.176160067671146,544379,-5.988478735514023,544379
Jagatsinghpur,JGS,1,"1_2_23_960,231",2023,2023-12-17,351,0.3597512854358683,525591,-16.302832456156477,525591,-10.38120966400395,525591,-5.9216227921525135,525591
Jagatsinghpur,JGS,1,"1_2_23_961,231",2023,2023-12-17,351,0.4047243287181451,638601,-17.02656440762241,638601,-11.254417232772044,638601,-5.7721471748503435,638601
Jagatsinghpur,JGS,1,"1_2_23_962,231",2023,2023-12-17,351,0.464240968333104,661478,-17.022798807613164,661478,-11.401013248092285,661478,-5.621785559520857,661478
Jagatsinghpur,JGS,1,"1_2_23_963,231",2023,2023-12-17,351,0.4230132439959169,623870,-16.359005972991085,623890,-10.970393160347776,623890,-5.3886128126432915,623890
Jagatsinghpur,JGS,1,"1_2_23_964,231",2023,2023-12-17,351,0.35902765897364836,543315,-16.830822034223157,543323,-11.163751418257899,543323,-5.667070615965254,543323
Jagatsinghpur,JGS,1,"2_0_961,226",2024,2024-05-01,122,0.2281297790798644,12361,-22.460232201690147,12383,-13.900481186806754,12383,-8.559751014883181,12383
Jagatsinghpur,JGS,1,"2_0_959,227",2024,2024-05-01,122,0.2857640664823681,510204,-20.038183591440315,510204,-11.965849094736042,510204,-8.072334496704258,510204
Jagatsinghpur,JGS,1,"2_0_960,227",2024,2024-05-01,122,0.23218456708938767,431381,-20.624458216905214,432279,-12.331903706950248,432279,-8.292554509954941,432279
Jagatsinghpur,JGS,1,"2_0_961,227",2024,2024-05-01,122,0.22234871231822065,446908,-22.391921851068044,447583,-13.496971936259216,447583,-8.894949914808796,447583
Jagatsinghpur,JGS,1,"2_0_962,227",2024,2024-05-01,122,0.21494419799486555,778,-21.763020298406204,786,-12.725221389047316,786,-9.03779890935889,786
Jagatsinghpur,JGS,1,"2_0_958,228",2024,2024-05-01,122,0.3142409728039657,657750,-19.774328985593822,657750,-11.841613296401322,657750,-7.9327156891924675,657750
Jagatsinghpur,JGS,1,"2_0_959,228",2024,2024-05-01,122,0.26166571355261525,653265,-20.105224710556726,653265,-11.893304473765618,653265,-8.211920236791157,653265
Jagatsinghpur,JGS,1,"2_0_960,228",2024,2024-05-01,122,0.23025039014588686,693520,-19.847478620074845,693526,-11.661155034171573,693526,-8.18632358590329,693526
Jagatsinghpur,JGS,1,"2_0_961,228",2024,2024-05-01,122,0.2126817636198463,728618,-22.543801502401582,728813,-13.354557400892237,728813,-9.189244101509333,728813
Jagatsinghpur,JGS,1,"2_0_962,228",2024,2024-05-01,122,0.2340676667257388,246658,-22.13927709213937,246956,-13.958353112178441,246956,-8.180923979960921,246956
Jagatsinghpur,JGS,1,"2_0_958,229",2024,2024-05-01,122,0.2945716862996285,604467,-19.816189912418174,604467,-11.909454159198095,604467,-7.906735753220071,604467
Jagatsinghpur,JGS,1,"2_0_959,229",2024,2024-05-01,122,0.24573660735396152,604967,-20.011090480366487,604967,-11.771031615603297,604967,-8.240058864763153,604967
Jagatsinghpur,JGS,1,"2_0_960,229",2024,2024-05-01,122,0.23639330543491555,733744,-19.418950097718483,733746,-11.533676725753947,733746,-7.8852733719645265,733746
Jagatsinghpur,JGS,1,"2_0_961,229",2024,2024-05-01,122,0.2187981254395103,777964,-21.55338441266806,778594,-13.235985108940024,778594,-8.317399303728026,778594
Jagatsinghpur,JGS,1,"2_0_962,229",2024,2024-05-01,122,0.22848012373300888,511591,-22.02747875129677,513858,-13.896635407080778,513858,-8.130843344215982,513858
Jagatsinghpur,JGS,1,"2_0_963,229",2024,2024-05-01,122,0.2412624657712003,55632,-20.805138849046624,55675,-13.413989768381322,55675,-7.391149080665279,55675
Jagatsinghpur,JGS,1,"2_0_964,229",2024,2024-05-01,122,,0,,0,,0,,0
Jagatsinghpur,JGS,1,"2_0_957,230",2024,2024-05-01,122,0.34397764173392026,620511,-19.21518971267878,620511,-11.89760589325594,620511,-7.317583819422832,620511
Jagatsinghpur,JGS,1,"2_0_958,230",2024,2024-05-01,122,0.266188882356947,574078,-19.952275922208027,574078,-11.950039594771281,574078,-8.002236327436718,574078
Jagatsinghpur,JGS,1,"2_0_959,230",2024,2024-05-01,122,0.24172258858031026,640106,-19.36880237649281,640106,-11.398318854312562,640106,-7.97048352218018,640106
Jagatsinghpur,JGS,1,"2_0_960,230",2024,2024-05-01,122,0.24379983254090185,679387,-19.285583218780047,679387,-11.304803554222781,679387,-7.9807796645572715,679387
Jagatsinghpur,JGS,1,"2_0_961,230",2024,2024-05-01,122,0.24894101993884193,712307,-19.73678358798442,712352,-11.877156153026105,712352,-7.859627434958318,712352
Jagatsinghpur,JGS,1,"2_0_962,230",2024,2024-05-01,122,0.23892219853465377,741579,-21.309115699818097,741892,-12.909192840280033,741892,-8.399922859538028,741892
Jagatsinghpur,JGS,1,"2_0_963,230",2024,2024-05-01,122,0.2630551086384332,600937,-20.1757361963514,601275,-12.612824203312183,601275,-7.562911993039191,601275
Jagatsinghpur,JGS,1,"2_0_964,230",2024,2024-05-01,122,0.34797582175166797,122366,-18.637133674069474,125259,-12.012740366241848,125259,-6.6243933078276696,125259
Jagatsinghpur,JGS,1,"2_0_965,230",2024,2024-05-01,122,0.3185814143315518,9119,-18.448908751293626,10328,-12.625998367357143,10328,-5.82291038393648,10328
Jagatsinghpur,JGS,1,"2_0_957,231",2024,2024-05-01,122,0.2960695357302665,535010,-20.076521777985388,535010,-12.29030402937784,535010,-7.786217748607551,535010
Jagatsinghpur,JGS,1,"2_0_958,231",2024,2024-05-01,122,0.27040503697797286,649727,-19.45743482527971,649727,-11.600849868017988,649727,-7.85658495726171,649727
Jagatsinghpur,JGS,1,"2_0_959,231",2024,2024-05-01,122,0.2676776527429561,544379,-19.326508947558974,544379,-11.389798552949614,544379,-7.936710394609396,544379
Jagatsinghpur,JGS,1,"2_0_960,231",2024,2024-05-01,122,0.2554984798769611,525591,-20.263021750570577,525591,-12.043477015001288,525591,-8.219544735569324,525591
Jagatsinghpur,JGS,1,"2_0_961,231",2024,2024-05-01,122,0.27978627945310336,638592,-20.305369812969403,638601,-12.53998606771374,638601,-7.765383745255684,638601
Jagatsinghpur,JGS,1,"2_0_962,231",2024,2024-05-01,122,0.25735717548158865,661451,-20.93538812374386,661478,-13.025523688680046,661478,-7.909864435063803,661478
Jagatsinghpur,JGS,1,"2_0_963,231",2024,2024-05-01,122,0.27983016621998974,623656,-20.003482030626596,623890,-12.456534407590896,623890,-7.54694762303567,623890
Jagatsinghpur,JGS,1,"2_0_964,231",2024,2024-05-01,122,0.2786440779999821,540102,-20.835733403574018,543323,-12.955823418522174,543323,-7.879909985051809,543323
Jagatsinghpur,JGS,1,"2_1_961,226",2024,2024-05-11,132,0.2735588690140551,12212,,0,,0,,0
Jagatsinghpur,JGS,1,"2_1_959,227",2024,2024-05-11,132,0.31147420996250336,510110,-19.05972332567994,510204,-10.472742759525184,510204,-8.586980566154732,510204
Jagatsinghpur,JGS,1,"2_1_960,227",2024,2024-05-11,132,0.28428935043332665,431829,-19.377748591978282,293240,-10.4210802242936,293240,-8.95666836768466,293240
Jagatsinghpur,JGS,1,"2_1_961,227",2024,2024-05-11,132,0.25692795481275527,445291,,0,,0,,0
Jagatsinghpur,JGS,1,"2_1_962,227",2024,2024-05-11,132,0.20385851801179924,766,,0,,0,,0
Jagatsinghpur,JGS,1,"2_1_958,228",2024,2024-05-11,132,0.3279622244172856,657699,-18.779119404816985,657750,-10.361829168301997,657750,-8.417290236514996,657750
Jagatsinghpur,JGS,1,"2_1_959,228",2024,2024-05-11,132,0.2793025433073039,653251,-19.41770621960216,653265,-10.508804773367027,653265,-8.908901446235108,653265
Jagatsinghpur,JGS,1,"2_1_960,228",2024,2024-05-11,132,0.2613037251604364,693304,-18.909779806656935,543391,-10.08742349596876,543391,-8.822356310688177,543391
Jagatsinghpur,JGS,1,"2_1_961,228",2024,2024-05-11,132,0.2308949056639889,727469,,0,,0,,0
Jagatsinghpur,JGS,1,"2_1_962,228",2024,2024-05-11,132,0.25944447437482265,245838,,0,,0,,0
Jagatsinghpur,JGS,1,"2_1_958,229",2024,2024-05-11,132,0.3206065398251762,604463,-19.008362975760285,604467,-10.790773362679548,604467,-8.217589613080802,604467
Jagatsinghpur,JGS,1,"2_1_959,229",2024,2024-05-11,132,0.25719137498896577,604260,-19.4914142209541,604967,-10.622817121795828,604967,-8.868597099158274,604967
Jagatsinghpur,JGS,1,"2_1_960,229",2024,2024-05-11,132,0.24538750994450645,731329,-18.775218342694004,710257,-10.255325599165495,710257,-8.51989274352848,710257
Jagatsinghpur,JGS,1,"2_1_961,229",2024,2024-05-11,132,0.23004477339825424,726363,-18.314886099426367,13951,-10.164146350157953,13951,-8.150739749268357,13951
Jagatsinghpur,JGS,1,"2_1_962,229",2024,2024-05-11,132,0.24393014178560773,487961,,0,,0,,0
Jagatsinghpur,JGS,1,"2_1_963,229",2024,2024-05-11,132,0.27129922677370577,51238,,0,,0,,0
Jagatsinghpur,JGS,1,"2_1_964,229",2024,2024-05-11,132,,0,,0,,0,,0
Jagatsinghpur,JGS,1,"2_1_957,230",2024,2024-05-11,132,0.35321237858728605,620490,-18.298424670000497,620511,-10.674688528968318,620511,-7.6237361410321505,620511
Jagatsinghpur,JGS,1,"2_1_958,230",2024,2024-05-11,132,0.28091757012138535,574078,-19.54174734538345,574078,-10.779285935672643,574078,-8.762461409710752,574078
Jagatsinghpur,JGS,1,"2_1_959,230",2024,2024-05-11,132,0.2523715540835853,640060,-19.169576328836037,640106,-10.227692022365408,640106,-8.941884306470666,640106
Jagatsinghpur,JGS,1,"2_1_960,230",2024,2024-05-11,132,0.24479957759357635,678231,-18.993921682385537,679387,-10.057113361640464,679387,-8.936808320745051,679387
Jagatsinghpur,JGS,1,"2_1_961,230",2024,2024-05-11,132,0.26222985422875367,712079,-18.682928287187888,124738,-10.211013379694888,124738,-8.471914907492978,124738
Jagatsinghpur,JGS,1,"2_1_962,230",2024,2024-05-11,132,0.2686488372603316,704668,,0,,0,,0
Jagatsinghpur,JGS,1,"2_1_963,230",2024,2024-05-11,132,0.3298146459578609,555366,,0,,0,,0
Jagatsinghpur,JGS,1,"2_1_964,230",2024,2024-05-11,132,0.40910464522341816,120821,,0,,0,,0
Jagatsinghpur,JGS,1,"2_1_965,230",2024,2024-05-11,132,0.4203153717586237,9572,,0,,0,,0
Jagatsinghpur,JGS,1,"2_1_957,231",2024,2024-05-11,132,0.2946526077906027,535004,-18.90716067327368,535010,-10.804008680047826,535010,-8.103151993225817,535010
Jagatsinghpur,JGS,1,"2_1_958,231",2024,2024-05-11,132,0.27395575572929015,649725,-19.062990642595064,649727,-10.430477441032968,649727,-8.63251320156206,649727
Jagatsinghpur,JGS,1,"2_1_959,231",2024,2024-05-11,132,0.26576625325399145,544376,-19.102800469588576,544379,-10.356390172773136,544379,-8.746410296815469,544379
Jagatsinghpur,JGS,1,"2_1_960,231",2024,2024-05-11,132,0.26290466198737145,525569,-19.829150886680733,525591,-10.740145043058405,525591,-9.089005843622282,525591
Jagatsinghpur,JGS,1,"2_1_961,231",2024,2024-05-11,132,0.3046032782856878,638546,-19.39010763846309,246420,-10.895228125903248,246420,-8.494879512559887,246420
Jagatsinghpur,JGS,1,"2_1_962,231",2024,2024-05-11,132,0.3108119693810047,659796,,0,,0,,0
Jagatsinghpur,JGS,1,"2_1_963,231",2024,2024-05-11,132,0.37150522403206127,618833,,0,,0,,0
Jagatsinghpur,JGS,1,"2_1_964,231",2024,2024-05-11,132,0.3365716904614536,508807,,0,,0,,0
Jagatsinghpur,JGS,1,"2_2_961,226",2024,2024-05-21,142,0.31706522643766666,11977,-17.23019323179327,12383,-10.627051550006833,12383,-6.603141681786488,12383
Jagatsinghpur,JGS,1,"2_2_959,227",2024,2024-05-21,142,0.3285743452781103,495795,-18.85595128012826,510204,-10.98904447425082,510204,-7.866906805877499,510204
Jagatsinghpur,JGS,1,"2_2_960,227",2024,2024-05-21,142,0.36851112476489994,425613,-17.996362564804617,432279,-10.431544203227965,432279,-7.564818361576663,432279
Jagatsinghpur,JGS,1,"2_2_961,227",2024,2024-05-21,142,0.2994322773699715,410027,-18.84728780739049,447583,-10.972614822032321,447583,-7.874672985358188,447583
Jagatsinghpur,JGS,1,"2_2_962,227",2024,2024-05-21,142,0.2362243311854786,743,-19.67136036608931,786,-11.659608725298778,786,-8.011751640790555,786
Jagatsinghpur,JGS,1,"2_2_958,228",2024,2024-05-21,142,0.3271650902075549,574192,-18.89763531829866,657750,-11.187529263029495,657750,-7.71010605526917,657750
Jagatsinghpur,JGS,1,"2_2_959,228",2024,2024-05-21,142,0.29369687972545555,562341,-19.00074528702099,653265,-11.035804093409203,653265,-7.964941193611748,653265
Jagatsinghpur,JGS,1,"2_2_960,228",2024,2024-05-21,142,0.30539820106322224,655128,-18.67605200794755,693526,-10.838308432934044,693526,-7.837743575013543,693526
Jagatsinghpur,JGS,1,"2_2_961,228",2024,2024-05-21,142,0.24679279353993844,672239,-20.298937301895755,728813,-11.822645142837622,728813,-8.476292159058177,728813
Jagatsinghpur,JGS,1,"2_2_962,228",2024,2024-05-21,142,0.27375720124309055,240210,-19.794227181611145,246956,-11.890158675138926,246956,-7.904068506472197,246956
Jagatsinghpur,JGS,1,"2_2_958,229",2024,2024-05-21,142,0.33715795413092564,468377,-18.732194789697342,604467,-11.195684580013282,604467,-7.536510209684094,604467
Jagatsinghpur,JGS,1,"2_2_959,229",2024,2024-05-21,142,0.2641499256465144,433941,-19.43345601983649,604967,-11.163031830469379,604967,-8.270424189367128,604967
Jagatsinghpur,JGS,1,"2_2_960,229",2024,2024-05-21,142,0.24647397788602085,631144,-18.674183360923376,733746,-10.609988432610827,733746,-8.064194928312538,733746
Jagatsinghpur,JGS,1,"2_2_961,229",2024,2024-05-21,142,0.23318036853386426,710467,-20.10433878555063,778594,-11.823726596992385,778594,-8.280612188558221,778594
Jagatsinghpur,JGS,1,"2_2_962,229",2024,2024-05-21,142,0.25826687018670674,490220,-19.850075107695407,513858,-11.839623272905849,513858,-8.01045183478957,513858
Jagatsinghpur,JGS,1,"2_2_963,229",2024,2024-05-21,142,0.3039798282798676,53919,-18.858472014476977,55675,-11.500671184399136,55675,-7.35780083007782,55675
Jagatsinghpur,JGS,1,"2_2_964,229",2024,2024-05-21,142,,0,,0,,0,,0
Jagatsinghpur,JGS,1,"2_2_957,230",2024,2024-05-21,142,0.3411877900822524,375782,-17.952960278398105,620511,-10.837390042516663,620511,-7.115570235881432,620511
Jagatsinghpur,JGS,1,"2_2_958,230",2024,2024-05-21,142,0.3106309895752452,480108,-18.258832570316,574078,-10.415290933606192,574078,-7.843541636709806,574078
Jagatsinghpur,JGS,1,"2_2_959,230",2024,2024-05-21,142,0.25642575214104313,530764,-18.31914146665357,640106,-10.094339439547223,640106,-8.224802027106287,640106
Jagatsinghpur,JGS,1,"2_2_960,230",2024,2024-05-21,142,0.23868318576182784,447572,-18.43813686263471,679387,-10.178888922433213,679387,-8.259247940201519,679387
Jagatsinghpur,JGS,1,"2_2_961,230",2024,2024-05-21,142,0.24299402391908778,491493,-19.357739344661564,712352,-11.34629279965599,712352,-8.01144654500561,712352
Jagatsinghpur,JGS,1,"2_2_962,230",2024,2024-05-21,142,0.28640203683132814,601971,-18.883363950624684,741892,-11.024196281132822,741892,-7.859167669491904,741892
Jagatsinghpur,JGS,1,"2_2_963,230",2024,2024-05-21,142,0.37816202430589135,565349,-16.802635163322527,601275,-10.045234083637652,601275,-6.75740107968486,601275
Jagatsinghpur,JGS,1,"2_2_964,230",2024,2024-05-21,142,0.43352055618760016,119541,-16.59889621495599,125259,-10.10642764491302,125259,-6.492468570042957,125259
Jagatsinghpur,JGS,1,"2_2_965,230",2024,2024-05-21,142,0.42884533957771215,5287,-17.20377868828219,10328,-11.739128839702134,10328,-5.464649848580067,10328
Jagatsinghpur,JGS,1,"2_2_957,231",2024,2024-05-21,142,0.3584200296644995,263610,-18.27362271271166,535010,-11.032194310323511,535010,-7.241428402388161,535010
Jagatsinghpur,JGS,1,"2_2_958,231",2024,2024-05-21,142,0.2489828890710637,405752,-18.22969281759851,649727,-10.175150514942988,649727,-8.054542302655479,649727
Jagatsinghpur,JGS,1,"2_2_959,231",2024,2024-05-21,142,0.22694138624989796,380272,-18.543894662812942,544379,-10.054257896880328,544379,-8.489636765932604,544379
Jagatsinghpur,JGS,1,"2_2_960,231",2024,2024-05-21,142,0.2494881448621681,449889,-18.68195638981171,525591,-10.247878521053257,525591,-8.434077868758488,525591
Jagatsinghpur,JGS,1,"2_2_961,231",2024,2024-05-21,142,0.27299166213954273,404764,-18.448226622693646,638601,-10.489241630020844,638601,-7.958984992672796,638601
Jagatsinghpur,JGS,1,"2_2_962,231",2024,2024-05-21,142,0.3146545190339124,332471,-18.72221358210711,661478,-10.994694028629512,661478,-7.727519553477545,661478
Jagatsinghpur,JGS,1,"2_2_963,231",2024,2024-05-21,142,0.40986285729416083,412709,-16.429022414434503,623890,-9.837476618197712,623890,-6.591545796236767,623890
Jagatsinghpur,JGS,1,"2_2_964,231",2024,2024-05-21,142,0.3554700584209518,358436,-16.899785735071937,543323,-10.309358197391703,543323,-6.5904275376802195,543323
Jagatsinghpur,JGS,1,"2_3_961,226",2024,2024-05-31,152,0.4387007187310804,9849,-16.974617801031773,12383,-10.619937225453484,12383,-6.354680575578344,12383
Jagatsinghpur,JGS,1,"2_3_959,227",2024,2024-05-31,152,0.5196733973081017,510166,-17.27455293943722,510204,-10.699455803997754,510204,-6.575097135439478,510204
Jagatsinghpur,JGS,1,"2_3_960,227",2024,2024-05-31,152,0.5824195067945381,345284,-16.664919864882886,432279,-10.356797229753738,432279,-6.308122635129165,432279
Jagatsinghpur,JGS,1,"2_3_961,227",2024,2024-05-31,152,0.4547131376668852,284970,-17.61130475575985,447583,-10.797453211201768,447583,-6.813851544558019,447583
Jagatsinghpur,JGS,1,"2_3_962,227",2024,2024-05-31,152,0.253612644970417,11,-20.612425021241414,786,-12.847523365858528,786,-7.7649016553828485,786
Jagatsinghpur,JGS,1,"2_3_958,228",2024,2024-05-31,152,0.4412833301543464,657750,-17.554325851849146,657750,-10.795136153573514,657750,-6.75918969827562,657750
Jagatsinghpur,JGS,1,"2_3_959,228",2024,2024-05-31,152,0.5073296531493063,653250,-16.75240522873373,653265,-10.312732201088517,653265,-6.439673027645291,653265
Jagatsinghpur,JGS,1,"2_3_960,228",2024,2024-05-31,152,0.5349026351535815,508688,-16.336822122631755,693526,-10.0254764035106,693526,-6.311345719121085,693526
Jagatsinghpur,JGS,1,"2_3_961,228",2024,2024-05-31,152,0.38224783346451435,57180,-18.225223660988128,728813,-11.01074817904226,728813,-7.214475481945852,728813
Jagatsinghpur,JGS,1,"2_3_962,228",2024,2024-05-31,152,0.0864420106404796,1544,-20.016602193082203,246956,-12.713516196447983,246956,-7.303085996634243,246956
Jagatsinghpur,JGS,1,"2_3_958,229",2024,2024-05-31,152,0.48905187118334265,604431,-16.93581815703447,604467,-10.450872572211303,604467,-6.484945584823184,604467
Jagatsinghpur,JGS,1,"2_3_959,229",2024,2024-05-31,152,0.4511881047598586,604961,-17.74470422044509,604967,-10.85443360529694,604967,-6.890270615148136,604967
Jagatsinghpur,JGS,1,"2_3_960,229",2024,2024-05-31,152,0.4375520004485161,708218,-17.124162662606917,733746,-10.36189154250315,733746,-6.762271120103753,733746
Jagatsinghpur,JGS,1,"2_3_961,229",2024,2024-05-31,152,0.5012954266577635,18760,-17.78793618973544,778594,-10.882514815054115,778594,-6.905421374681361,778594
Jagatsinghpur,JGS,1,"2_3_962,229",2024,2024-05-31,152,0.00718665188935156,1603,-19.003804695444323,513858,-11.839837355751618,513858,-7.163967339692719,513858
Jagatsinghpur,JGS,1,"2_3_963,229",2024,2024-05-31,152,-0.3305257069083249,41,-18.409727847390542,55675,-11.717576334615773,55675,-6.69215151277478,55675
Jagatsinghpur,JGS,1,"2_3_964,229",2024,2024-05-31,152,,0,,0,,0,,0
Jagatsinghpur,JGS,1,"2_3_957,230",2024,2024-05-31,152,0.4554715203413224,581266,-16.953096829446913,620511,-10.685613650755778,620511,-6.267483178691138,620511
Jagatsinghpur,JGS,1,"2_3_958,230",2024,2024-05-31,152,0.47925816017268236,574076,-17.210021752741135,574078,-10.788109559213002,574078,-6.421912193528095,574078
Jagatsinghpur,JGS,1,"2_3_959,230",2024,2024-05-31,152,0.4340564707625522,640106,-17.264694716115446,640106,-10.607943844510585,640106,-6.656750871604855,640106
Jagatsinghpur,JGS,1,"2_3_960,230",2024,2024-05-31,152,0.4075642255954462,679380,-16.636939244190515,679387,-10.04645017067864,679387,-6.5904890735118,679387
Jagatsinghpur,JGS,1,"2_3_961,230",2024,2024-05-31,152,0.3985603638021791,153035,-16.595825224901212,712352,-10.124828591976115,712352,-6.470996632925077,712352
Jagatsinghpur,JGS,1,"2_3_962,230",2024,2024-05-31,152,0.35627850280866336,2835,-16.977822255204668,741892,-10.397408919267585,741892,-6.5804133359370525,741892
Jagatsinghpur,JGS,1,"2_3_963,230",2024,2024-05-31,152,0.3884478268803993,4562,-16.593122348452397,601275,-10.356164279847109,601275,-6.2369580686053,601275
Jagatsinghpur,JGS,1,"2_3_964,230",2024,2024-05-31,152,0.2965088016368123,20798,-17.28337954186489,125259,-10.592399395410412,125259,-6.690980146454497,125259
Jagatsinghpur,JGS,1,"2_3_965,230",2024,2024-05-31,152,0.3065221076185907,1620,-17.694399318197405,10328,-12.087429076353882,10328,-5.606970241843562,10328
Jagatsinghpur,JGS,1,"2_3_957,231",2024,2024-05-31,152,0.45846912017887215,534999,-17.41969617870484,525158,-10.924220724683895,525158,-6.49547545402096,525158
Jagatsinghpur,JGS,1,"2_3_958,231",2024,2024-05-31,152,0.38141270904492314,649716,-18.219990430280077,649727,-11.116271462405003,649727,-7.10371896787516,649727
Jagatsinghpur,JGS,1,"2_3_959,231",2024,2024-05-31,152,0.37639562916064817,544149,-17.95567143386461,544379,-10.918439440254463,544379,-7.037231993610138,544379
Jagatsinghpur,JGS,1,"2_3_960,231",2024,2024-05-31,152,0.38175085280270227,525577,-17.725496371859283,525591,-10.931172214403963,525591,-6.7943241574553745,525591
Jagatsinghpur,JGS,1,"2_3_961,231",2024,2024-05-31,152,0.41468458219745946,340151,-17.049817131625602,638601,-10.61743014938761,638601,-6.43238698223801,638601
Jagatsinghpur,JGS,1,"2_3_962,231",2024,2024-05-31,152,0.4321119101480053,258842,-16.889049425884437,661478,-10.605939446869685,661478,-6.283109979014719,661478
Jagatsinghpur,JGS,1,"2_3_963,231",2024,2024-05-31,152,0.4650588992417836,107837,-15.557274122694196,623890,-9.694403647211912,623890,-5.862870475482305,623890
Jagatsinghpur,JGS,1,"2_3_964,231",2024,2024-05-31,152,0.2912780961981125,80413,-17.33789136005681,543323,-10.770508558960081,543323,-6.567382801096706,543323
Jagatsinghpur,JGS,1,"2_4_961,226",2024,2024-06-10,162,,0,-18.21527020336903,12383,-12.372684137472024,12383,-5.842586065896974,12383
Jagatsinghpur,JGS,1,"2_4_959,227",2024,2024-06-10,162,0.48991452295385046,497411,-18.221709024168803,510204,-11.223506189000128,510204,-6.99820283516869,510204
Jagatsinghpur,JGS,1,"2_4_960,227",2024,2024-06-10,162,0.5600962065882191,210316,-17.57074849641488,432279,-11.121276055242157,432279,-6.449472441172688,432279
Jagatsinghpur,JGS,1,"2_4_961,227",2024,2024-06-10,162,,0,-19.110603893196323,447583,-12.268019487879107,447583,-6.842584405317234,447583
Jagatsinghpur,JGS,1,"2_4_962,227",2024,2024-06-10,162,,0,-21.328298887224506,786,-13.029244142340808,786,-8.299054744883698,786
Jagatsinghpur,JGS,1,"2_4_958,228",2024,2024-06-10,162,0.3918788556169503,606505,-18.4758330501406,657750,-11.191568076800209,657750,-7.284264973340381,657750
Jagatsinghpur,JGS,1,"2_4_959,228",2024,2024-06-10,162,0.4597150241294752,346789,-17.91649040453732,653265,-11.017183386021012,653265,-6.899307018516262,653265
Jagatsinghpur,JGS,1,"2_4_960,228",2024,2024-06-10,162,0.4833852834649451,574142,-17.393697992813138,693526,-10.933627681526605,693526,-6.460070311286525,693526
Jagatsinghpur,JGS,1,"2_4_961,228",2024,2024-06-10,162,0.27766262013928933,72860,-19.627982318413697,728813,-12.25580702773904,728813,-7.372175290674664,728813
Jagatsinghpur,JGS,1,"2_4_962,228",2024,2024-06-10,162,0.07561360049363809,670,-20.4515902519817,246956,-13.182671634561212,246956,-7.268918617420494,246956
Jagatsinghpur,JGS,1,"2_4_958,229",2024,2024-06-10,162,0.47819283669498003,604447,-18.106046337565274,604467,-11.23937710852637,604467,-6.866669229038906,604467
Jagatsinghpur,JGS,1,"2_4_959,229",2024,2024-06-10,162,0.4212527248834214,591221,-18.891773532230754,604967,-11.426206376936284,604967,-7.465567155294462,604967
Jagatsinghpur,JGS,1,"2_4_960,229",2024,2024-06-10,162,0.4148425948304441,706916,-18.043423718731418,733746,-10.942631560759414,733746,-7.100792157972007,733746
Jagatsinghpur,JGS,1,"2_4_961,229",2024,2024-06-10,162,0.3192183076370964,175701,-19.087834545765066,778594,-12.250083404422327,778594,-6.837751141342788,778594
Jagatsinghpur,JGS,1,"2_4_962,229",2024,2024-06-10,162,0.234861359469561,99275,-20.163086637579188,513858,-12.938708458887644,513858,-7.2243781786915395,513858
Jagatsinghpur,JGS,1,"2_4_963,229",2024,2024-06-10,162,0.29072922898058595,5931,-19.002769724685766,55675,-12.621273330987073,55675,-6.381496393698707,55675
Jagatsinghpur,JGS,1,"2_4_964,229",2024,2024-06-10,162,,0,,0,,0,,0
Jagatsinghpur,JGS,1,"2_4_957,230",2024,2024-06-10,162,0.483148990584459,620506,-17.900209309585488,620511,-11.33711491722764,620511,-6.56309439235781,620511
Jagatsinghpur,JGS,1,"2_4_958,230",2024,2024-06-10,162,0.48349414696251597,574078,-18.225119456609203,574078,-11.479053574756241,574078,-6.7460658818528865,574078
Jagatsinghpur,JGS,1,"2_4_959,230",2024,2024-06-10,162,0.4197169530856932,640084,-18.528344114574068,640106,-11.263612465155854,640106,-7.26473164941818,640106
Jagatsinghpur,JGS,1,"2_4_960,230",2024,2024-06-10,162,0.43644858864063496,679370,-17.992457081469418,679387,-10.98314586726921,679387,-7.009311214200234,679387
Jagatsinghpur,JGS,1,"2_4_961,230",2024,2024-06-10,162,0.4302044788612439,112801,-18.03687358302941,712352,-11.751907652993884,712352,-6.284965930035556,712352
Jagatsinghpur,JGS,1,"2_4_962,230",2024,2024-06-10,162,0.3765500932314009,266788,-18.68833111805224,741892,-12.133106578178909,741892,-6.55522453987339,741892
Jagatsinghpur,JGS,1,"2_4_963,230",2024,2024-06-10,162,0.4010568878468375,44714,-17.82281107039406,601275,-11.640965490806739,601275,-6.18184557958732,601275
Jagatsinghpur,JGS,1,"2_4_964,230",2024,2024-06-10,162,0.3711032632431319,53785,-17.520213811939175,125259,-11.222594602771084,125259,-6.2976192091681105,125259
Jagatsinghpur,JGS,1,"2_4_965,230",2024,2024-06-10,162,-0.017271507188077954,59,-17.94901906007812,10328,-12.436027506614602,10328,-5.512991553463529,10328
Jagatsinghpur,JGS,1,"2_4_957,231",2024,2024-06-10,162,0.49767663015185365,535010,-18.300019130214395,535010,-11.613470833388899,535010,-6.68654829682555,535010
Jagatsinghpur,JGS,1,"2_4_958,231",2024,2024-06-10,162,0.380153662943087,649727,-18.961121895762272,649727,-11.31662265439613,649727,-7.644499241366107,649727
Jagatsinghpur,JGS,1,"2_4_959,231",2024,2024-06-10,162,0.3888567386756908,544379,-18.755813854323915,544379,-11.244037691284637,544379,-7.511776163039248,544379
Jagatsinghpur,JGS,1,"2_4_960,231",2024,2024-06-10,162,0.41451748170061137,525573,-18.756831430460277,525591,-11.36998192815155,525591,-7.386849502308752,525591
Jagatsinghpur,JGS,1,"2_4_961,231",2024,2024-06-10,162,0.4302609482037203,400284,-18.26421845643172,638601,-11.703549292706613,638601,-6.560669163725089,638601
Jagatsinghpur,JGS,1,"2_4_962,231",2024,2024-06-10,162,0.383119764726896,239586,-18.0380698035854,661478,-11.867758456408277,661478,-6.17031134717709,661478
Jagatsinghpur,JGS,1,"2_4_963,231",2024,2024-06-10,162,0.4533982942662473,9559,-16.43674360509817,623890,-11.071548860294262,623890,-5.36519474480389,623890
Jagatsinghpur,JGS,1,"2_4_964,231",2024,2024-06-10,162,0.38908534512078014,176682,-17.938287326946426,543323,-11.763002093426055,543323,-6.175285233520342,543323
Jagatsinghpur,JGS,1,"2_5_961,226",2024,2024-06-20,172,0.32390655688496195,2941,,0,,0,,0
Jagatsinghpur,JGS,1,"2_5_959,227",2024,2024-06-20,172,0.40854838339630345,148974,-17.869828074616855,510204,-10.241953829470882,510204,-7.627874245145928,510204
Jagatsinghpur,JGS,1,"2_5_960,227",2024,2024-06-20,172,0.37510574664234153,197378,-17.0297857626408,295019,-9.894094656585981,295019,-7.135691106054763,295019
Jagatsinghpur,JGS,1,"2_5_961,227",2024,2024-06-20,172,0.3700444081172267,290942,,0,,0,,0
Jagatsinghpur,JGS,1,"2_5_962,227",2024,2024-06-20,172,0.48229504165828807,76,,0,,0,,0
Jagatsinghpur,JGS,1,"2_5_958,228",2024,2024-06-20,172,0.33704975185796754,365064,-15.800028231425154,657750,-7.722117751042559,657750,-8.077910480382577,657750
Jagatsinghpur,JGS,1,"2_5_959,228",2024,2024-06-20,172,0.3829938434690516,152105,-16.11002288609943,653265,-8.187888104323184,653265,-7.922134781776248,653265
Jagatsinghpur,JGS,1,"2_5_960,228",2024,2024-06-20,172,0.37174279338113536,197971,-16.66956578018793,546609,-9.345574909644444,546609,-7.323990870543488,546609
Jagatsinghpur,JGS,1,"2_5_961,228",2024,2024-06-20,172,0.2886442222113082,102805,,0,,0,,0
Jagatsinghpur,JGS,1,"2_5_962,228",2024,2024-06-20,172,0.3388317204729652,102660,,0,,0,,0
Jagatsinghpur,JGS,1,"2_5_958,229",2024,2024-06-20,172,0.3908143226413559,169952,-15.232681138841755,604467,-7.486885444019493,604467,-7.745795694822269,604467
Jagatsinghpur,JGS,1,"2_5_959,229",2024,2024-06-20,172,0.34345008477831707,242117,-16.77233705614636,604967,-8.48166884616701,604967,-8.290668209979343,604967
Jagatsinghpur,JGS,1,"2_5_960,229",2024,2024-06-20,172,0.3629477607077361,687775,-15.599385516200547,712058,-8.008230236194876,712058,-7.5911552800056485,712058
Jagatsinghpur,JGS,1,"2_5_961,229",2024,2024-06-20,172,0.34198261823739684,247821,-15.25217559289208,15522,-8.764570716318241,15522,-6.487604876573858,15522
Jagatsinghpur,JGS,1,"2_5_962,229",2024,2024-06-20,172,0.3908647998262495,222686,,0,,0,,0
Jagatsinghpur,JGS,1,"2_5_963,229",2024,2024-06-20,172,0.42754842974082446,49274,,0,,0,,0
Jagatsinghpur,JGS,1,"2_5_964,229",2024,2024-06-20,172,,0,,0,,0,,0
Jagatsinghpur,JGS,1,"2_5_957,230",2024,2024-06-20,172,0.48542469223861767,382493,-15.04810514278172,620511,-7.960130232099504,620511,-7.087974910682232,620511
Jagatsinghpur,JGS,1,"2_5_958,230",2024,2024-06-20,172,0.4728708953879153,216645,-15.038139261299145,574078,-7.6982182093721265,574078,-7.339921051927053,574078
Jagatsinghpur,JGS,1,"2_5_959,230",2024,2024-06-20,172,0.39870934489518856,267510,-15.117234492709462,640106,-7.429009061709512,640106,-7.688225430999994,640106
Jagatsinghpur,JGS,1,"2_5_960,230",2024,2024-06-20,172,0.3998009627391574,313764,-15.55826466130321,679387,-8.34031163530898,679387,-7.217953025994239,679387
Jagatsinghpur,JGS,1,"2_5_961,230",2024,2024-06-20,172,0.4526106422855611,111290,-15.364810297981458,127556,-8.49956689970801,127556,-6.865243398273484,127556
Jagatsinghpur,JGS,1,"2_5_962,230",2024,2024-06-20,172,0.3558865771720387,42274,,0,,0,,0
Jagatsinghpur,JGS,1,"2_5_963,230",2024,2024-06-20,172,0.4524990926418125,230147,,0,,0,,0
Jagatsinghpur,JGS,1,"2_5_964,230",2024,2024-06-20,172,0.5332355939814977,84318,,0,,0,,0
Jagatsinghpur,JGS,1,"2_5_965,230",2024,2024-06-20,172,0.44633656824763623,6990,,0,,0,,0
Jagatsinghpur,JGS,1,"2_5_957,231",2024,2024-06-20,172,0.48846965304769596,440423,-15.535971337619856,535010,-8.351357855434333,535010,-7.184613482185481,535010
Jagatsinghpur,JGS,1,"2_5_958,231",2024,2024-06-20,172,0.3849390380598324,519759,-15.331258057528864,649727,-7.33576034320062,649727,-7.995497714328247,649727
Jagatsinghpur,JGS,1,"2_5_959,231",2024,2024-06-20,172,0.41742992964887177,466258,-15.110171636184424,544379,-7.185555518328938,544379,-7.9246161178555194,544379
Jagatsinghpur,JGS,1,"2_5_960,231",2024,2024-06-20,172,0.42045556983386595,478345,-15.688101018538854,525591,-7.460253999997999,525591,-8.22784701854091,525591
Jagatsinghpur,JGS,1,"2_5_961,231",2024,2024-06-20,172,0.4172860287451622,361142,-15.5534380687166,248975,-7.526969863246614,248975,-8.026468205469985,248975
Jagatsinghpur,JGS,1,"2_5_962,231",2024,2024-06-20,172,0.41783244531564684,278494,,0,,0,,0
Jagatsinghpur,JGS,1,"2_5_963,231",2024,2024-06-20,172,0.49481719274050584,234632,,0,,0,,0
Jagatsinghpur,JGS,1,"2_5_964,231",2024,2024-06-20,172,0.4457465934409426,301864,,0,,0,,0
Jagatsinghpur,JGS,1,"2_6_961,226",2024,2024-06-30,182,,0,,0,,0,,0
Jagatsinghpur,JGS,1,"2_6_959,227",2024,2024-06-30,182,-0.07458953949804593,26,-15.850185722948419,510204,-8.139185700114002,510204,-7.711000022834451,510204
Jagatsinghpur,JGS,1,"2_6_960,227",2024,2024-06-30,182,-0.037964770506168234,116,-15.612210932385034,297181,-8.107376195841049,297181,-7.504834736544043,297181
Jagatsinghpur,JGS,1,"2_6_961,227",2024,2024-06-30,182,-0.16052395571023226,4,,0,,0,,0
Jagatsinghpur,JGS,1,"2_6_962,227",2024,2024-06-30,182,,0,,0,,0,,0
Jagatsinghpur,JGS,1,"2_6_958,228",2024,2024-06-30,182,-0.0915944284449021,12,-15.01898271535129,657750,-7.819653753372533,657750,-7.199328961978769,657750
Jagatsinghpur,JGS,1,"2_6_959,228",2024,2024-06-30,182,,0,-15.292464980944846,653265,-7.888743802468273,653265,-7.403721178476618,653265
Jagatsinghpur,JGS,1,"2_6_960,228",2024,2024-06-30,182,,0,-15.098669735957701,550435,-7.993577711159821,550435,-7.105092024797863,550435
Jagatsinghpur,JGS,1,"2_6_961,228",2024,2024-06-30,182,-0.27584646500292276,21,,0,,0,,0
Jagatsinghpur,JGS,1,"2_6_962,228",2024,2024-06-30,182,-0.18911744867052352,7,,0,,0,,0
Jagatsinghpur,JGS,1,"2_6_958,229",2024,2024-06-30,182,0.5066623966683442,140024,-14.828948422814378,604467,-7.80077241580695,604467,-7.02817600700746,604467
Jagatsinghpur,JGS,1,"2_6_959,229",2024,2024-06-30,182,0.452069516638471,170626,-14.852954517424099,604967,-7.52327050605414,604967,-7.329684011369958,604967
Jagatsinghpur,JGS,1,"2_6_960,229",2024,2024-06-30,182,0.45680630621344953,152559,-14.968785132351574,714029,-8.334492959317686,714029,-6.634292173033852,714029
Jagatsinghpur,JGS,1,"2_6_961,229",2024,2024-06-30,182,0.35620478211457196,67293,-15.338063762272249,17403,-8.926978986083432,17403,-6.4110847761887415,17403
Jagatsinghpur,JGS,1,"2_6_962,229",2024,2024-06-30,182,0.28727022590935464,2808,,0,,0,,0
Jagatsinghpur,JGS,1,"2_6_963,229",2024,2024-06-30,182,0.371739460376671,3267,,0,,0,,0
Jagatsinghpur,JGS,1,"2_6_964,229",2024,2024-06-30,182,,0,,0,,0,,0
Jagatsinghpur,JGS,1,"2_6_957,230",2024,2024-06-30,182,0.562950628251307,260051,-14.971346338859584,620511,-8.56828779278866,620511,-6.403058546070947,620511
Jagatsinghpur,JGS,1,"2_6_958,230",2024,2024-06-30,182,0.5273773243237964,299467,-14.742723735513207,574078,-8.08294576224658,574078,-6.659777973266674,574078
Jagatsinghpur,JGS,1,"2_6_959,230",2024,2024-06-30,182,0.4819870944237832,354809,-14.89923516594237,640106,-7.905689892833366,640106,-6.993545273109001,640106
Jagatsinghpur,JGS,1,"2_6_960,230",2024,2024-06-30,182,0.42631507399459323,131725,-15.036955400046242,679387,-8.441854551853673,679387,-6.595100848192605,679387
Jagatsinghpur,JGS,1,"2_6_961,230",2024,2024-06-30,182,0.33779702820246826,10495,-15.202242468462702,130911,-8.767563318721892,130911,-6.434679149740819,130911
Jagatsinghpur,JGS,1,"2_6_962,230",2024,2024-06-30,182,0.3293094320928934,49971,,0,,0,,0
Jagatsinghpur,JGS,1,"2_6_963,230",2024,2024-06-30,182,0.4436605730265029,222641,,0,,0,,0
Jagatsinghpur,JGS,1,"2_6_964,230",2024,2024-06-30,182,0.517425709948453,44815,,0,,0,,0
Jagatsinghpur,JGS,1,"2_6_965,230",2024,2024-06-30,182,,0,,0,,0,,0
Jagatsinghpur,JGS,1,"2_6_957,231",2024,2024-06-30,182,0.515135800820878,156324,-15.081386194943915,535010,-8.616013728548381,535010,-6.465372466395503,535010
Jagatsinghpur,JGS,1,"2_6_958,231",2024,2024-06-30,182,0.49744816940205117,400103,-15.10164624982731,649727,-8.143533696737286,649727,-6.958112553090065,649727
Jagatsinghpur,JGS,1,"2_6_959,231",2024,2024-06-30,182,0.5530068736824543,415041,-14.77054415629484,544379,-7.86739112020346,544379,-6.903153036091382,544379
Jagatsinghpur,JGS,1,"2_6_960,231",2024,2024-06-30,182,0.48017574161565835,267484,-15.003349499843132,525591,-7.8556787343588175,525591,-7.147670765484345,525591
Jagatsinghpur,JGS,1,"2_6_961,231",2024,2024-06-30,182,0.48349367263693394,143855,-15.064558918916793,251984,-7.914966205106128,251984,-7.149592713810652,251984
Jagatsinghpur,JGS,1,"2_6_962,231",2024,2024-06-30,182,0.48142725709778467,7382,,0,,0,,0
Jagatsinghpur,JGS,1,"2_6_963,231",2024,2024-06-30,182,0.5061728760376203,237476,,0,,0,,0
Jagatsinghpur,JGS,1,"2_6_964,231",2024,2024-06-30,182,0.4753486498549409,297702,,0,,0,,0
Jagatsinghpur,JGS,1,"2_7_961,226",2024,2024-07-10,192,0.39485900931888157,18,-16.605798007195997,12383,-9.397203338694034,12383,-7.208594668501966,12383
Jagatsinghpur,JGS,1,"2_7_959,227",2024,2024-07-10,192,0.49140835715641046,200728,-16.245278796934883,510204,-9.538106792784198,510204,-6.707172004150696,510204
Jagatsinghpur,JGS,1,"2_7_960,227",2024,2024-07-10,192,0.49685694240223277,76876,-16.112091661818496,432279,-9.493380920852022,432279,-6.618710740966449,432279
Jagatsinghpur,JGS,1,"2_7_961,227",2024,2024-07-10,192,0.39308358766023466,202406,-17.112124230396205,447583,-10.100631461305788,447583,-7.0114927690905064,447583
Jagatsinghpur,JGS,1,"2_7_962,227",2024,2024-07-10,192,0.5040422959226958,71,-20.519889180758327,786,-12.351306780701478,786,-8.16858240005685,786
Jagatsinghpur,JGS,1,"2_7_958,228",2024,2024-07-10,192,0.437424533374822,183638,-15.78183528051981,657750,-9.136360157028474,657750,-6.645475123491314,657750
Jagatsinghpur,JGS,1,"2_7_959,228",2024,2024-07-10,192,0.38741545922930326,54354,-16.022207112706198,653265,-9.144266496582553,653265,-6.877940616123686,653265
Jagatsinghpur,JGS,1,"2_7_960,228",2024,2024-07-10,192,0.4609410687945682,550908,-15.906833791159626,693526,-9.436157940517878,693526,-6.470675850641746,693526
Jagatsinghpur,JGS,1,"2_7_961,228",2024,2024-07-10,192,0.40336045591643555,649530,-17.635656388573718,728813,-10.550590874178319,728813,-7.08506551439534,728813
Jagatsinghpur,JGS,1,"2_7_962,228",2024,2024-07-10,192,0.4164449501364128,191200,-19.009971765561435,246956,-11.89303850886988,246956,-7.116933256691558,246956
Jagatsinghpur,JGS,1,"2_7_958,229",2024,2024-07-10,192,0.5172681352319475,377890,-15.932351894934525,604467,-9.573726405138412,604467,-6.358625489796153,604467
Jagatsinghpur,JGS,1,"2_7_959,229",2024,2024-07-10,192,0.478017883740334,110328,-16.310482582470467,604967,-9.468708365379099,604967,-6.841774217091341,604967
Jagatsinghpur,JGS,1,"2_7_960,229",2024,2024-07-10,192,0.4877518334899645,500129,-15.671687445271418,733746,-9.401020903446778,733746,-6.270666541824645,733746
Jagatsinghpur,JGS,1,"2_7_961,229",2024,2024-07-10,192,0.4394412586921793,650179,-17.054901039076608,778594,-10.115763295644165,778594,-6.939137743432459,778594
Jagatsinghpur,JGS,1,"2_7_962,229",2024,2024-07-10,192,0.42782906368436074,315919,-18.894317693484258,513858,-11.407055819506045,513858,-7.487261873978149,513858
Jagatsinghpur,JGS,1,"2_7_963,229",2024,2024-07-10,192,0.5066940488575483,43745,-16.50203195281673,55675,-10.083081449884313,55675,-6.418950502932459,55675
Jagatsinghpur,JGS,1,"2_7_964,229",2024,2024-07-10,192,,0,,0,,0,,0
Jagatsinghpur,JGS,1,"2_7_957,230",2024,2024-07-10,192,0.5423956475566369,324144,-15.981739989083572,620511,-9.692465051322248,620511,-6.28927493776132,620511
Jagatsinghpur,JGS,1,"2_7_958,230",2024,2024-07-10,192,0.5455147573855247,234424,-15.89997510921741,574078,-9.599672103278579,574078,-6.300303005938837,574078
Jagatsinghpur,JGS,1,"2_7_959,230",2024,2024-07-10,192,0.47755017252760557,208164,-16.115011770772778,640106,-9.62007419183959,640106,-6.494937578933206,640106
Jagatsinghpur,JGS,1,"2_7_960,230",2024,2024-07-10,192,0.4978033573776752,158951,-15.716922917106363,679387,-9.380669120721969,679387,-6.33625379638439,679387
Jagatsinghpur,JGS,1,"2_7_961,230",2024,2024-07-10,192,0.4759982001646231,570413,-15.815560100447916,712352,-9.427960602976768,712352,-6.387599497471134,712352
Jagatsinghpur,JGS,1,"2_7_962,230",2024,2024-07-10,192,0.47627789717343355,285307,-16.361253677710874,741892,-9.81179963622398,741892,-6.5494540414869435,741892
Jagatsinghpur,JGS,1,"2_7_963,230",2024,2024-07-10,192,0.5148700394621323,254180,-16.38116108533829,601275,-9.848696761494068,601275,-6.5324643238441915,601275
Jagatsinghpur,JGS,1,"2_7_964,230",2024,2024-07-10,192,0.5411318522888517,85612,-16.967412986382975,125259,-9.74076919992924,125259,-7.226643786453714,125259
Jagatsinghpur,JGS,1,"2_7_965,230",2024,2024-07-10,192,0.5495210025706507,7873,-16.32885941650565,10328,-10.934309028762717,10328,-5.394550387742927,10328
Jagatsinghpur,JGS,1,"2_7_957,231",2024,2024-07-10,192,0.5618359932822422,408931,-15.73886961451089,535010,-9.476436821344619,535010,-6.262432793166291,535010
Jagatsinghpur,JGS,1,"2_7_958,231",2024,2024-07-10,192,0.5255295657156748,395034,-15.789744668288156,649727,-9.34867015002147,649727,-6.441074518266656,649727
Jagatsinghpur,JGS,1,"2_7_959,231",2024,2024-07-10,192,0.56217781938177,169199,-15.498388787938202,544379,-9.130216462320735,544379,-6.36817232561744,544379
Jagatsinghpur,JGS,1,"2_7_960,231",2024,2024-07-10,192,0.48552495296364684,281924,-15.30720198225261,525591,-8.734350171222381,525591,-6.572851811030247,525591
Jagatsinghpur,JGS,1,"2_7_961,231",2024,2024-07-10,192,0.5297849803181182,278147,-15.316127592132029,638601,-9.156197354607473,638601,-6.159930237524553,638601
Jagatsinghpur,JGS,1,"2_7_962,231",2024,2024-07-10,192,0.549111249657766,342495,-15.442032196530784,661478,-9.39511924186373,661478,-6.046912954667076,661478
Jagatsinghpur,JGS,1,"2_7_963,231",2024,2024-07-10,192,0.5325508951937243,364967,-14.887753929480647,623890,-9.219872341096723,623890,-5.667881588383867,623890
Jagatsinghpur,JGS,1,"2_7_964,231",2024,2024-07-10,192,0.4916931375240674,168482,-17.10876567669424,543323,-10.5419323106039,543323,-6.5668333660903455,543323
Jagatsinghpur,JGS,1,"2_8_961,226",2024,2024-07-20,202,,0,-17.80504388983558,12383,-10.509966642604589,12383,-7.295077247231053,12383
Jagatsinghpur,JGS,1,"2_8_959,227",2024,2024-07-20,202,0.5227012496864424,96813,-16.097734061132247,510204,-9.428958478940439,510204,-6.668775582191791,510204
Jagatsinghpur,JGS,1,"2_8_960,227",2024,2024-07-20,202,0.5190317891763807,81226,-16.21319197316432,432279,-9.63392601501642,432279,-6.5792659581479,432279
Jagatsinghpur,JGS,1,"2_8_961,227",2024,2024-07-20,202,,0,-20.123152436637906,447583,-12.0908019669056,447583,-8.032350469732286,447583
Jagatsinghpur,JGS,1,"2_8_962,227",2024,2024-07-20,202,,0,-20.31239065069644,786,-12.367916565698271,786,-7.94447408499816,786
Jagatsinghpur,JGS,1,"2_8_958,228",2024,2024-07-20,202,0.5515334242033454,214213,-15.417050840249143,657750,-9.131049407613741,657750,-6.286001432635365,657750
Jagatsinghpur,JGS,1,"2_8_959,228",2024,2024-07-20,202,0.4945169661654742,173610,-16.39587252258151,653265,-9.687977630753705,653265,-6.707894891827815,653265
Jagatsinghpur,JGS,1,"2_8_960,228",2024,2024-07-20,202,0.4654343265527824,153378,-16.38099945246512,693526,-9.874844806575378,693526,-6.506154645889727,693526
Jagatsinghpur,JGS,1,"2_8_961,228",2024,2024-07-20,202,0.5540604550703353,4532,-18.22814944004838,728813,-11.189746377967321,728813,-7.038403062081067,728813
Jagatsinghpur,JGS,1,"2_8_962,228",2024,2024-07-20,202,,0,-20.75228601503802,246956,-12.898238478403039,246956,-7.854047536634949,246956
Jagatsinghpur,JGS,1,"2_8_958,229",2024,2024-07-20,202,0.4266982544662914,59044,-15.402907138850145,604467,-9.203319543499756,604467,-6.199587595350384,604467
Jagatsinghpur,JGS,1,"2_8_959,229",2024,2024-07-20,202,0.5121841995984736,215228,-15.75182261865983,604967,-9.254667264620814,604967,-6.49715535403899,604967
Jagatsinghpur,JGS,1,"2_8_960,229",2024,2024-07-20,202,0.530642821625614,56100,-15.96082641147237,733746,-9.69231279904437,733746,-6.268513612427983,733746
Jagatsinghpur,JGS,1,"2_8_961,229",2024,2024-07-20,202,0.4947833000338746,14262,-18.25833351533645,778594,-10.638043765328176,778594,-7.62028975000828,778594
Jagatsinghpur,JGS,1,"2_8_962,229",2024,2024-07-20,202,,0,-20.665504166365814,513858,-12.089207746423183,513858,-8.576296419942668,513858
Jagatsinghpur,JGS,1,"2_8_963,229",2024,2024-07-20,202,,0,-19.27354537232885,55675,-11.163717382940002,55675,-8.109827989388846,55675
Jagatsinghpur,JGS,1,"2_8_964,229",2024,2024-07-20,202,,0,,0,,0,,0
Jagatsinghpur,JGS,1,"2_8_957,230",2024,2024-07-20,202,0.5735505409329158,23009,-16.105626465510205,620511,-10.015463043963214,620511,-6.090163421547005,620511
Jagatsinghpur,JGS,1,"2_8_958,230",2024,2024-07-20,202,0.4351196720943694,40510,-14.972038728375631,574078,-9.110123390148456,574078,-5.861915338227201,574078
Jagatsinghpur,JGS,1,"2_8_959,230",2024,2024-07-20,202,0.5511623604678442,330341,-14.93086525237236,640106,-9.0382723304818,640106,-5.892592921890544,640106
Jagatsinghpur,JGS,1,"2_8_960,230",2024,2024-07-20,202,0.5332959657107863,234195,-16.424998446506557,679387,-10.060948286066415,679387,-6.364050160440125,679387
Jagatsinghpur,JGS,1,"2_8_961,230",2024,2024-07-20,202,0.5158130172958861,21387,-16.72652327448725,712352,-9.989361072278765,712352,-6.737162202208468,712352
Jagatsinghpur,JGS,1,"2_8_962,230",2024,2024-07-20,202,,0,-18.1711761884757,741892,-10.664830738650787,741892,-7.506345449824974,741892
Jagatsinghpur,JGS,1,"2_8_963,230",2024,2024-07-20,202,,0,-17.822614359137926,601275,-10.412700448381361,601275,-7.409913910756522,601275
Jagatsinghpur,JGS,1,"2_8_964,230",2024,2024-07-20,202,,0,-17.489558093723634,125259,-9.65040448619219,125259,-7.839153607531446,125259
Jagatsinghpur,JGS,1,"2_8_965,230",2024,2024-07-20,202,,0,-16.482609457081363,10328,-11.101993871434816,10328,-5.380615585646532,10328
Jagatsinghpur,JGS,1,"2_8_957,231",2024,2024-07-20,202,0.5128029343399088,28507,-16.458452396406518,535010,-9.99417713316532,535010,-6.464275263241185,535010
Jagatsinghpur,JGS,1,"2_8_958,231",2024,2024-07-20,202,0.5849929701179477,232863,-15.97350131726509,649727,-9.679384328868037,649727,-6.294116988397061,649727
Jagatsinghpur,JGS,1,"2_8_959,231",2024,2024-07-20,202,0.5222229335389974,75272,-15.610716330486952,544379,-9.473915982282815,544379,-6.136800348204119,544379
Jagatsinghpur,JGS,1,"2_8_960,231",2024,2024-07-20,202,0.5475180904327381,232189,-15.762982365900088,525591,-9.469308000313639,525591,-6.293674365586443,525591
Jagatsinghpur,JGS,1,"2_8_961,231",2024,2024-07-20,202,0.5546073361829884,61181,-15.587727936555043,638601,-9.599412691495209,638601,-5.98831524505978,638601
Jagatsinghpur,JGS,1,"2_8_962,231",2024,2024-07-20,202,,0,-15.726426430127665,661478,-9.684363408750707,661478,-6.042063021376959,661478
Jagatsinghpur,JGS,1,"2_8_963,231",2024,2024-07-20,202,,0,-15.554087019358255,623890,-9.57886459803738,623890,-5.975222421320878,623890
Jagatsinghpur,JGS,1,"2_8_964,231",2024,2024-07-20,202,,0,-17.976309788477298,543323,-10.746143075736732,543323,-7.230166712740603,543323
Jagatsinghpur,JGS,1,"2_9_961,226",2024,2024-07-30,212,,0,-22.376767471401376,12383,-13.830823342825093,12383,-8.545944128576338,12383
Jagatsinghpur,JGS,1,"2_9_959,227",2024,2024-07-30,212,,0,-18.390587746301883,510204,-11.310058575968785,510204,-7.080529170333086,510204
Jagatsinghpur,JGS,1,"2_9_960,227",2024,2024-07-30,212,,0,-19.51010574874442,432279,-12.109161419087677,432279,-7.40094432965676,432279
Jagatsinghpur,JGS,1,"2_9_961,227",2024,2024-07-30,212,,0,-22.429866233341468,447583,-13.338547157280368,447583,-9.091319076061035,447583
Jagatsinghpur,JGS,1,"2_9_962,227",2024,2024-07-30,212,,0,-21.524419341573548,786,-14.040152802249299,786,-7.484266539324264,786
Jagatsinghpur,JGS,1,"2_9_958,228",2024,2024-07-30,212,,0,-18.30291747769633,657750,-11.413542802379675,657750,-6.889374675316612,657750
Jagatsinghpur,JGS,1,"2_9_959,228",2024,2024-07-30,212,,0,-19.497269735638827,653265,-12.022421906352628,653265,-7.474847829286149,653265
Jagatsinghpur,JGS,1,"2_9_960,228",2024,2024-07-30,212,,0,-19.983272015470618,693526,-12.409682941814774,693526,-7.5735890736557625,693526
Jagatsinghpur,JGS,1,"2_9_961,228",2024,2024-07-30,212,,0,-20.633633225873762,728813,-12.517018070860674,728813,-8.116615155013173,728813
Jagatsinghpur,JGS,1,"2_9_962,228",2024,2024-07-30,212,,0,-21.753047036811193,246956,-12.612863243757298,246956,-9.140183793053883,246956
Jagatsinghpur,JGS,1,"2_9_958,229",2024,2024-07-30,212,,0,-18.281271977413894,604467,-11.449045248684078,604467,-6.832226728729767,604467
Jagatsinghpur,JGS,1,"2_9_959,229",2024,2024-07-30,212,,0,-19.47827282659286,604967,-12.08465995358174,604967,-7.39361287301109,604967
Jagatsinghpur,JGS,1,"2_9_960,229",2024,2024-07-30,212,,0,-19.30302302362194,733746,-12.167033902048903,733746,-7.13598912157305,733746
Jagatsinghpur,JGS,1,"2_9_961,229",2024,2024-07-30,212,,0,-20.87467515060059,778594,-12.380838877947212,778594,-8.493836272653331,778594
Jagatsinghpur,JGS,1,"2_9_962,229",2024,2024-07-30,212,,0,-22.1195873183666,513858,-12.485042404607729,513858,-9.634544913758935,513858
Jagatsinghpur,JGS,1,"2_9_963,229",2024,2024-07-30,212,,0,-20.76182209535367,55675,-11.145499115770962,55675,-9.616322979582709,55675
Jagatsinghpur,JGS,1,"2_9_964,229",2024,2024-07-30,212,,0,,0,,0,,0
Jagatsinghpur,JGS,1,"2_9_957,230",2024,2024-07-30,212,,0,-18.614158532622756,620511,-11.626129252453243,620511,-6.988029280169469,620511
Jagatsinghpur,JGS,1,"2_9_958,230",2024,2024-07-30,212,,0,-18.266389469894385,574078,-11.265961091058397,574078,-7.000428378835973,574078
Jagatsinghpur,JGS,1,"2_9_959,230",2024,2024-07-30,212,,0,-19.26176490751249,640106,-11.704348607003249,640106,-7.557416300509235,640106
Jagatsinghpur,JGS,1,"2_9_960,230",2024,2024-07-30,212,,0,-21.704530718100397,679387,-13.78133355585282,679387,-7.923197162247571,679387
Jagatsinghpur,JGS,1,"2_9_961,230",2024,2024-07-30,212,,0,-21.047796976996423,712352,-13.175439026802687,712352,-7.872357950193793,712352
Jagatsinghpur,JGS,1,"2_9_962,230",2024,2024-07-30,212,,0,-21.099589801284115,741892,-12.366839648230645,741892,-8.732750153053463,741892
Jagatsinghpur,JGS,1,"2_9_963,230",2024,2024-07-30,212,,0,-20.567296563641598,601275,-11.679646238262787,601275,-8.887650325378912,601275
Jagatsinghpur,JGS,1,"2_9_964,230",2024,2024-07-30,212,,0,-17.452900129087016,125259,-9.970721886766343,125259,-7.482178242320631,125259
Jagatsinghpur,JGS,1,"2_9_965,230",2024,2024-07-30,212,,0,-16.24877815458171,10328,-10.915713109589415,10328,-5.333065044992313,10328
Jagatsinghpur,JGS,1,"2_9_957,231",2024,2024-07-30,212,,0,-19.640737928546503,526502,-12.380988761955303,526502,-7.259749166591187,526502
Jagatsinghpur,JGS,1,"2_9_958,231",2024,2024-07-30,212,,0,-19.166235360005924,649727,-11.796901973181903,649727,-7.36933338682409,649727
Jagatsinghpur,JGS,1,"2_9_959,231",2024,2024-07-30,212,,0,-18.805849943736398,544379,-11.480499119939463,544379,-7.325350823796953,544379
Jagatsinghpur,JGS,1,"2_9_960,231",2024,2024-07-30,212,,0,-19.273297580847768,525591,-11.571811303914789,525591,-7.701486276932937,525591
Jagatsinghpur,JGS,1,"2_9_961,231",2024,2024-07-30,212,,0,-18.84674801260417,638601,-11.29553994981425,638601,-7.55120806278992,638601
Jagatsinghpur,JGS,1,"2_9_962,231",2024,2024-07-30,212,,0,-18.034675368346306,661478,-10.652257246005126,661478,-7.382418122341182,661478
Jagatsinghpur,JGS,1,"2_9_963,231",2024,2024-07-30,212,,0,-18.692342617925995,623890,-11.057010536987557,623890,-7.635332080938419,623890
Jagatsinghpur,JGS,1,"2_9_964,231",2024,2024-07-30,212,,0,-20.10939036883291,543323,-12.308620007444954,543323,-7.800770361387974,543323
Jagatsinghpur,JGS,1,"2_10_961,226",2024,2024-08-09,222,,0,-24.00994261539618,12383,-15.651054001668415,12383,-8.358888613727945,12383
Jagatsinghpur,JGS,1,"2_10_959,227",2024,2024-08-09,222,,0,-20.883223406584424,510204,-13.400529268427743,510204,-7.482694138156652,510204
Jagatsinghpur,JGS,1,"2_10_960,227",2024,2024-08-09,222,,0,-21.416547397877494,432279,-14.10117119043198,432279,-7.315376207445553,432279
Jagatsinghpur,JGS,1,"2_10_961,227",2024,2024-08-09,222,,0,-22.94059778167786,447583,-14.167286950308068,447583,-8.77331083136973,447583
Jagatsinghpur,JGS,1,"2_10_962,227",2024,2024-08-09,222,,0,-19.93499218464494,786,-13.16142161849288,786,-6.77357056615206,786
Jagatsinghpur,JGS,1,"2_10_958,228",2024,2024-08-09,222,,0,-19.923106091483387,657750,-12.265901564668503,657750,-7.657204526814887,657750
Jagatsinghpur,JGS,1,"2_10_959,228",2024,2024-08-09,222,,0,-21.370334195530916,653265,-13.660016638633518,653265,-7.710317556897425,653265
Jagatsinghpur,JGS,1,"2_10_960,228",2024,2024-08-09,222,,0,-22.426725917328707,693526,-15.014594661752094,693526,-7.412131255576578,693526
Jagatsinghpur,JGS,1,"2_10_961,228",2024,2024-08-09,222,,0,-22.745315435821976,728813,-14.702680708995217,728813,-8.042634726826703,728813
Jagatsinghpur,JGS,1,"2_10_962,228",2024,2024-08-09,222,,0,-20.831224733408412,246956,-12.18643816332819,246956,-8.64478657008021,246956
Jagatsinghpur,JGS,1,"2_10_958,229",2024,2024-08-09,222,,0,-19.942876836426983,604467,-12.740009784481463,604467,-7.202867051945545,604467
Jagatsinghpur,JGS,1,"2_10_959,229",2024,2024-08-09,222,,0,-22.011410004689782,604967,-14.37056694088583,604967,-7.640843063803924,604967
Jagatsinghpur,JGS,1,"2_10_960,229",2024,2024-08-09,222,,0,-21.489182918384667,733746,-14.239471480380256,733746,-7.249711438004439,733746
Jagatsinghpur,JGS,1,"2_10_961,229",2024,2024-08-09,222,,0,-21.495046499640416,778594,-13.1334969560315,778594,-8.361549543608945,778594
Jagatsinghpur,JGS,1,"2_10_962,229",2024,2024-08-09,222,,0,-20.79073561954149,513858,-12.08652178310164,513858,-8.704213836439884,513858
Jagatsinghpur,JGS,1,"2_10_963,229",2024,2024-08-09,222,,0,-19.236005494554927,55675,-10.603621884788115,55675,-8.632383609766869,55675
Jagatsinghpur,JGS,1,"2_10_964,229",2024,2024-08-09,222,,0,,0,,0,,0
Jagatsinghpur,JGS,1,"2_10_957,230",2024,2024-08-09,222,,0,-19.96097210265954,620511,-12.416527451933517,620511,-7.544444650726051,620511
Jagatsinghpur,JGS,1,"2_10_958,230",2024,2024-08-09,222,,0,-20.383516587274872,574078,-12.97326853427307,574078,-7.410248053001835,574078
Jagatsinghpur,JGS,1,"2_10_959,230",2024,2024-08-09,222,,0,-21.955033795760837,640106,-14.22922175257558,640106,-7.725812043185249,640106
Jagatsinghpur,JGS,1,"2_10_960,230",2024,2024-08-09,222,,0,-22.794586099293323,679387,-15.078703948097164,679387,-7.7158821511961655,679387
Jagatsinghpur,JGS,1,"2_10_961,230",2024,2024-08-09,222,,0,-22.23234343785009,712352,-14.455741912390373,712352,-7.776601525459706,712352
Jagatsinghpur,JGS,1,"2_10_962,230",2024,2024-08-09,222,,0,-21.815013735063452,741892,-13.006735301867902,741892,-8.808278433195497,741892
Jagatsinghpur,JGS,1,"2_10_963,230",2024,2024-08-09,222,,0,-20.29229743378336,601275,-11.470065598644213,601275,-8.822231835139178,601275
Jagatsinghpur,JGS,1,"2_10_964,230",2024,2024-08-09,222,,0,-17.016413784782863,125259,-9.662006515687459,125259,-7.354407269095433,125259
Jagatsinghpur,JGS,1,"2_10_965,230",2024,2024-08-09,222,,0,-16.386025031822456,10328,-11.124159880196533,10328,-5.261865151625926,10328
Jagatsinghpur,JGS,1,"2_10_957,231",2024,2024-08-09,222,,0,-20.552463552127627,535010,-12.910830732522948,535010,-7.641632819604645,535010
Jagatsinghpur,JGS,1,"2_10_958,231",2024,2024-08-09,222,,0,-20.81345122893378,649727,-13.025322243613676,649727,-7.788128985320113,649727
Jagatsinghpur,JGS,1,"2_10_959,231",2024,2024-08-09,222,,0,-20.430693553757038,544379,-12.680523138888164,544379,-7.750170414868858,544379
Jagatsinghpur,JGS,1,"2_10_960,231",2024,2024-08-09,222,,0,-19.78564865779469,525591,-12.03415505688413,525591,-7.751493600910647,525591
Jagatsinghpur,JGS,1,"2_10_961,231",2024,2024-08-09,222,,0,-19.52672325281552,638601,-11.83957469220977,638601,-7.687148560605757,638601
Jagatsinghpur,JGS,1,"2_10_962,231",2024,2024-08-09,222,,0,-19.084828416427378,661478,-11.542425540934389,661478,-7.542402875493001,661478
Jagatsinghpur,JGS,1,"2_10_963,231",2024,2024-08-09,222,,0,-19.645834284605094,623890,-12.139516493528502,623890,-7.506317791076544,623890
Jagatsinghpur,JGS,1,"2_10_964,231",2024,2024-08-09,222,,0,-20.80457191058525,543323,-12.92026850292761,543323,-7.884303407657624,543323
Jagatsinghpur,JGS,1,"2_11_961,226",2024,2024-08-19,232,,0,,0,,0,,0
Jagatsinghpur,JGS,1,"2_11_959,227",2024,2024-08-19,232,-0.05337569903996256,9,-19.84452335904725,510204,-12.101669429491587,510204,-7.742853929555715,510204
Jagatsinghpur,JGS,1,"2_11_960,227",2024,2024-08-19,232,0.03372426337252061,210,-19.501955203834388,299182,-12.168696429682575,299182,-7.333258774151916,299182
Jagatsinghpur,JGS,1,"2_11_961,227",2024,2024-08-19,232,,0,,0,,0,,0
Jagatsinghpur,JGS,1,"2_11_962,227",2024,2024-08-19,232,,0,,0,,0,,0
Jagatsinghpur,JGS,1,"2_11_958,228",2024,2024-08-19,232,0.2322661970008832,324173,-19.024050439770956,657750,-11.295192303250278,657750,-7.7288581365207385,657750
Jagatsinghpur,JGS,1,"2_11_959,228",2024,2024-08-19,232,0.15703385565494107,166485,-20.047192439954824,653265,-12.372538737351872,653265,-7.674653702602971,653265
Jagatsinghpur,JGS,1,"2_11_960,228",2024,2024-08-19,232,0.08282374935612957,92687,-20.52175166483648,554096,-13.199173813302616,554096,-7.322577851533857,554096
Jagatsinghpur,JGS,1,"2_11_961,228",2024,2024-08-19,232,0.059564283163509,1032,,0,,0,,0
Jagatsinghpur,JGS,1,"2_11_962,228",2024,2024-08-19,232,,0,,0,,0,,0
Jagatsinghpur,JGS,1,"2_11_958,229",2024,2024-08-19,232,0.28594608156627843,119650,-18.812297959659354,604467,-11.26012212639686,604467,-7.552175833262435,604467
Jagatsinghpur,JGS,1,"2_11_959,229",2024,2024-08-19,232,0.1581189042012548,255067,-20.933605516175483,604967,-12.867853724997559,604967,-8.065751791177924,604967
Jagatsinghpur,JGS,1,"2_11_960,229",2024,2024-08-19,232,0.12724209629537536,357979,-20.747895722099212,715585,-13.547862686209012,715585,-7.200033035890252,715585
Jagatsinghpur,JGS,1,"2_11_961,229",2024,2024-08-19,232,0.17992460755160514,9394,-20.58259380546879,19297,-13.75491799788606,19297,-6.827675807582746,19297
Jagatsinghpur,JGS,1,"2_11_962,229",2024,2024-08-19,232,,0,,0,,0,,0
Jagatsinghpur,JGS,1,"2_11_963,229",2024,2024-08-19,232,,0,,0,,0,,0
Jagatsinghpur,JGS,1,"2_11_964,229",2024,2024-08-19,232,,0,,0,,0,,0
Jagatsinghpur,JGS,1,"2_11_957,230",2024,2024-08-19,232,0.2321226924409944,91542,-20.596581817446534,620511,-12.870978240761263,620511,-7.725603576685361,620511
Jagatsinghpur,JGS,1,"2_11_958,230",2024,2024-08-19,232,0.21254126786211505,449444,-20.61616407745382,574078,-12.841159645525938,574078,-7.775004431927955,574078
Jagatsinghpur,JGS,1,"2_11_959,230",2024,2024-08-19,232,0.12651932724107062,325459,-21.777392810069184,640106,-13.79471901912013,640106,-7.982673790949015,640106
Jagatsinghpur,JGS,1,"2_11_960,230",2024,2024-08-19,232,0.12060746111461848,111967,-21.4148258596127,679387,-13.830148259147474,679387,-7.5846776004652,679387
Jagatsinghpur,JGS,1,"2_11_961,230",2024,2024-08-19,232,0.13390900509576292,37454,-20.60603910786793,134146,-13.587828379607878,134146,-7.018210728260044,134146
Jagatsinghpur,JGS,1,"2_11_962,230",2024,2024-08-19,232,,0,,0,,0,,0
Jagatsinghpur,JGS,1,"2_11_963,230",2024,2024-08-19,232,,0,,0,,0,,0
Jagatsinghpur,JGS,1,"2_11_964,230",2024,2024-08-19,232,,0,,0,,0,,0
Jagatsinghpur,JGS,1,"2_11_965,230",2024,2024-08-19,232,,0,,0,,0,,0
Jagatsinghpur,JGS,1,"2_11_957,231",2024,2024-08-19,232,0.21084970270700876,107954,-21.621947368457313,535010,-14.058242445799554,535010,-7.563704922657806,535010
Jagatsinghpur,JGS,1,"2_11_958,231",2024,2024-08-19,232,0.22286166410314515,518338,-22.495334631803306,649727,-14.650149951565668,649727,-7.845184680237672,649727
Jagatsinghpur,JGS,1,"2_11_959,231",2024,2024-08-19,232,0.19745108648718848,280245,-22.16090072670563,544379,-14.17447028159693,544379,-7.986430445108714,544379
Jagatsinghpur,JGS,1,"2_11_960,231",2024,2024-08-19,232,0.22964937876060773,153611,-20.310939178343094,525591,-12.744619551159593,525591,-7.56631962718344,525591
Jagatsinghpur,JGS,1,"2_11_961,231",2024,2024-08-19,232,0.27342402827940776,119511,-19.02268416678304,254724,-11.747567475732872,254724,-7.275116691050285,254724
Jagatsinghpur,JGS,1,"2_11_962,231",2024,2024-08-19,232,,0,,0,,0,,0
Jagatsinghpur,JGS,1,"2_11_963,231",2024,2024-08-19,232,,0,,0,,0,,0
Jagatsinghpur,JGS,1,"2_11_964,231",2024,2024-08-19,232,,0,,0,,0,,0
Jagatsinghpur,JGS,1,"2_12_961,226",2024,2024-08-29,242,0.4481431501961273,4379,-22.36155688582443,12383,-13.239643071841115,12383,-9.12191381398322,12383
Jagatsinghpur,JGS,1,"2_12_959,227",2024,2024-08-29,242,0.46616066990443605,456415,-19.7079731329909,510204,-11.530083067208427,510204,-8.177890065782504,510204
Jagatsinghpur,JGS,1,"2_12_960,227",2024,2024-08-29,242,0.5073927664204507,302098,-19.46161000738617,432279,-11.216844135217523,432279,-8.244765872168683,432279
Jagatsinghpur,JGS,1,"2_12_961,227",2024,2024-08-29,242,0.4234833278006819,251279,-20.95397476210016,447583,-11.92339668020215,447583,-9.030578081897984,447583
Jagatsinghpur,JGS,1,"2_12_962,227",2024,2024-08-29,242,0.4950884656883089,410,-19.35080351796107,786,-12.527116332323759,786,-6.823687185637312,786
Jagatsinghpur,JGS,1,"2_12_958,228",2024,2024-08-29,242,0.4904597154028598,620074,-19.437595995462715,657750,-11.356053718452369,657750,-8.081542277010362,657750
Jagatsinghpur,JGS,1,"2_12_959,228",2024,2024-08-29,242,0.4530139460000433,627106,-20.27056655440269,653265,-11.961320898416906,653265,-8.309245655985796,653265
Jagatsinghpur,JGS,1,"2_12_960,228",2024,2024-08-29,242,0.3970928574495289,582843,-20.35364787226847,693526,-12.042547679576085,693526,-8.311100192692376,693526
Jagatsinghpur,JGS,1,"2_12_961,228",2024,2024-08-29,242,0.3878279490578401,206636,-21.20702687451424,728813,-12.239308369230212,728813,-8.96771850528407,728813
Jagatsinghpur,JGS,1,"2_12_962,228",2024,2024-08-29,242,0.5132634338113871,168731,-19.602487495333477,246956,-11.610315068269484,246956,-7.99217242706397,246956
Jagatsinghpur,JGS,1,"2_12_958,229",2024,2024-08-29,242,0.5341140891112193,574644,-18.887796803464113,604467,-10.932485328034357,604467,-7.955311475429764,604467
Jagatsinghpur,JGS,1,"2_12_959,229",2024,2024-08-29,242,0.4351085882568617,556001,-20.613990143647243,604967,-11.759642999376053,604967,-8.854347144271223,604967
Jagatsinghpur,JGS,1,"2_12_960,229",2024,2024-08-29,242,0.4243910901567181,653601,-20.352845337085558,733746,-11.991303438863985,733746,-8.361541898221576,733746
Jagatsinghpur,JGS,1,"2_12_961,229",2024,2024-08-29,242,0.48951608046110034,581404,-20.286612152004846,778594,-10.904682922319543,778594,-9.381929229685273,778594
Jagatsinghpur,JGS,1,"2_12_962,229",2024,2024-08-29,242,0.5088566620296419,323927,-19.72493614643989,513858,-10.513970533802443,513858,-9.210965612637462,513858
Jagatsinghpur,JGS,1,"2_12_963,229",2024,2024-08-29,242,0.5325993286419766,15339,-18.27859135555749,55675,-9.648268782384767,55675,-8.630322573172766,55675
Jagatsinghpur,JGS,1,"2_12_964,229",2024,2024-08-29,242,,0,,0,,0,,0
Jagatsinghpur,JGS,1,"2_12_957,230",2024,2024-08-29,242,0.5068791782785612,530903,-19.393203064544437,620511,-11.103815621951387,620511,-8.28938744259303,620511
Jagatsinghpur,JGS,1,"2_12_958,230",2024,2024-08-29,242,0.4327353563001272,455035,-20.387488165789012,574078,-11.942454691544576,574078,-8.445033474244426,574078
Jagatsinghpur,JGS,1,"2_12_959,230",2024,2024-08-29,242,0.33512355161796675,578836,-21.15082991873729,640106,-12.337899032309858,640106,-8.81293088642739,640106
Jagatsinghpur,JGS,1,"2_12_960,230",2024,2024-08-29,242,0.43497892743489097,607154,-21.05389197068592,679387,-12.320985214075888,679387,-8.732906756610015,679387
Jagatsinghpur,JGS,1,"2_12_961,230",2024,2024-08-29,242,0.4470431535122341,521999,-21.27014894040276,712352,-12.291720920821627,712352,-8.978428019581173,712352
Jagatsinghpur,JGS,1,"2_12_962,230",2024,2024-08-29,242,0.47478788925637566,408805,-20.427139413982413,741892,-10.615523792197498,741892,-9.811615621784874,741892
Jagatsinghpur,JGS,1,"2_12_963,230",2024,2024-08-29,242,0.46264876978939123,29571,-19.68168503169586,601275,-9.84674024224351,601275,-9.834944789452324,601275
Jagatsinghpur,JGS,1,"2_12_964,230",2024,2024-08-29,242,0.4850968481546946,24912,-16.60107665330405,125259,-9.003012539654025,125259,-7.598064113650004,125259
Jagatsinghpur,JGS,1,"2_12_965,230",2024,2024-08-29,242,0.3140438381248484,2896,-15.554057366273842,10328,-10.171781366154216,10328,-5.382276000119601,10328
Jagatsinghpur,JGS,1,"2_12_957,231",2024,2024-08-29,242,0.5130996820001199,363054,-19.227716090740362,535010,-10.873221164080668,535010,-8.354494926659713,535010
Jagatsinghpur,JGS,1,"2_12_958,231",2024,2024-08-29,242,0.45291131948693514,567553,-20.09052317451554,649727,-11.400877178891715,649727,-8.689645995623849,649727
Jagatsinghpur,JGS,1,"2_12_959,231",2024,2024-08-29,242,0.44781268269132674,487883,-19.82407692346154,544379,-11.332742162055366,544379,-8.491334761406268,544379
Jagatsinghpur,JGS,1,"2_12_960,231",2024,2024-08-29,242,0.5256251530473545,490992,-18.90964596872741,525591,-10.646972443220893,525591,-8.262673525506548,525591
Jagatsinghpur,JGS,1,"2_12_961,231",2024,2024-08-29,242,0.5738988189988178,464066,-19.05860957462737,638601,-10.756272308948652,638601,-8.302337265678798,638601
Jagatsinghpur,JGS,1,"2_12_962,231",2024,2024-08-29,242,0.5298869247441687,372738,-19.569393579427803,661478,-11.151503401281532,661478,-8.417890178146315,661478
Jagatsinghpur,JGS,1,"2_12_963,231",2024,2024-08-29,242,0.4622348130370187,307729,-20.21603394204246,623890,-11.488405691672593,623890,-8.727628250369895,623890
Jagatsinghpur,JGS,1,"2_12_964,231",2024,2024-08-29,242,0.397180154868522,171069,-20.70644024979244,543323,-11.932972601501636,543323,-8.773467648290762,543323
Jagatsinghpur,JGS,1,"2_13_961,226",2024,2024-09-08,252,0.5063485969475717,784,-22.233080597513855,12383,-12.851824113524504,12383,-9.38125648398936,12383
Jagatsinghpur,JGS,1,"2_13_959,227",2024,2024-09-08,252,0.46826805485640965,339643,-19.35246535151336,510204,-11.013739584070816,510204,-8.338725767442572,510204
Jagatsinghpur,JGS,1,"2_13_960,227",2024,2024-09-08,252,0.5395680353039344,237852,-18.958826106983874,432279,-10.867761207093258,432279,-8.09106489989059,432279
Jagatsinghpur,JGS,1,"2_13_961,227",2024,2024-09-08,252,0.3808060748726124,32765,-20.883580124402044,447583,-11.526970943462455,447583,-9.356609180939525,447583
Jagatsinghpur,JGS,1,"2_13_962,227",2024,2024-09-08,252,0.47018850179773736,53,-20.17876686350264,786,-12.765772019953976,786,-7.412994843548668,786
Jagatsinghpur,JGS,1,"2_13_958,228",2024,2024-09-08,252,0.5241439348908783,283270,-18.70215692089733,657750,-10.456121709563073,657750,-8.246035211334247,657750
Jagatsinghpur,JGS,1,"2_13_959,228",2024,2024-09-08,252,0.4834103885455919,203422,-19.29277189960964,653265,-11.042380685775234,653265,-8.250391213834368,653265
Jagatsinghpur,JGS,1,"2_13_960,228",2024,2024-09-08,252,0.3863638405914488,308174,-19.9719444938551,693526,-11.529081865232156,693526,-8.442862628622892,693526
Jagatsinghpur,JGS,1,"2_13_961,228",2024,2024-09-08,252,0.33379536357772605,127245,-22.162801325224446,728813,-12.3718977448742,728813,-9.790903580350207,728813
Jagatsinghpur,JGS,1,"2_13_962,228",2024,2024-09-08,252,0.48567906913672726,57643,-20.329094626057632,246956,-11.803122553791594,246956,-8.525972072266034,246956
Jagatsinghpur,JGS,1,"2_13_958,229",2024,2024-09-08,252,0.5692372308376394,338669,-18.551782937073973,604467,-10.724368231937639,604467,-7.827414705136337,604467
Jagatsinghpur,JGS,1,"2_13_959,229",2024,2024-09-08,252,0.502404700901388,237297,-20.04182098993158,604967,-11.309247539379715,604967,-8.73257345055187,604967
Jagatsinghpur,JGS,1,"2_13_960,229",2024,2024-09-08,252,0.4460622754213081,110175,-19.564353897082395,733746,-11.244691945355441,733746,-8.319661951726923,733746
Jagatsinghpur,JGS,1,"2_13_961,229",2024,2024-09-08,252,0.46985856861643027,222935,-19.931547680945663,778594,-10.378390286132998,778594,-9.553157394812645,778594
Jagatsinghpur,JGS,1,"2_13_962,229",2024,2024-09-08,252,0.5286101946929991,162609,-20.326402567709355,513858,-10.80839917875696,513858,-9.51800338895235,513858
Jagatsinghpur,JGS,1,"2_13_963,229",2024,2024-09-08,252,0.47180872009638125,8615,-19.123229153281862,55675,-10.454799042225664,55675,-8.668430111056104,55675
Jagatsinghpur,JGS,1,"2_13_964,229",2024,2024-09-08,252,,0,,0,,0,,0
Jagatsinghpur,JGS,1,"2_13_957,230",2024,2024-09-08,252,0.5671380442869862,362410,-18.93310886576017,620511,-10.68779436934256,620511,-8.245314496417638,620511
Jagatsinghpur,JGS,1,"2_13_958,230",2024,2024-09-08,252,0.49727388354413515,299918,-19.82564695167937,574078,-11.119926587950337,574078,-8.705720363729018,574078
Jagatsinghpur,JGS,1,"2_13_959,230",2024,2024-09-08,252,0.4213315883295294,296028,-20.745240750867485,640106,-11.45690034117309,640106,-9.288340409694335,640106
Jagatsinghpur,JGS,1,"2_13_960,230",2024,2024-09-08,252,0.46761058598706734,269864,-20.09696683051967,679387,-11.309575910537086,679387,-8.78739091998265,679387
Jagatsinghpur,JGS,1,"2_13_961,230",2024,2024-09-08,252,0.46224429640956216,115421,-19.965092422144377,712352,-10.397293097171763,712352,-9.567799324972615,712352
Jagatsinghpur,JGS,1,"2_13_962,230",2024,2024-09-08,252,0.48961122900788356,99330,-19.794586334842354,741892,-9.969568904590115,741892,-9.825017430252219,741892
Jagatsinghpur,JGS,1,"2_13_963,230",2024,2024-09-08,252,0.5414807185038848,326346,-18.313169615095962,601275,-9.355257776732063,601275,-8.957911838363914,601275
Jagatsinghpur,JGS,1,"2_13_964,230",2024,2024-09-08,252,0.4643127523636709,26308,-16.901597707512327,125259,-9.74587183731354,125259,-7.15572587019876,125259
Jagatsinghpur,JGS,1,"2_13_965,230",2024,2024-09-08,252,0.5127356130375758,4054,-15.239847210522411,10328,-9.815470318666595,10328,-5.424376891855825,10328
Jagatsinghpur,JGS,1,"2_13_957,231",2024,2024-09-08,252,0.5329417614537814,239857,-19.003406380008354,535010,-10.546097548873245,535010,-8.45730883113517,535010
Jagatsinghpur,JGS,1,"2_13_958,231",2024,2024-09-08,252,0.48535626451603264,484067,-19.63713813032816,649727,-10.852693933299813,649727,-8.784444197028375,649727
Jagatsinghpur,JGS,1,"2_13_959,231",2024,2024-09-08,252,0.48256009338715145,344447,-19.461122341339887,544379,-10.916791893228702,544379,-8.54433044811117,544379
Jagatsinghpur,JGS,1,"2_13_960,231",2024,2024-09-08,252,0.5392272480685584,283899,-18.299038055914025,525591,-10.174378664821045,525591,-8.124659391093026,525591
Jagatsinghpur,JGS,1,"2_13_961,231",2024,2024-09-08,252,0.5385633898052411,200289,-17.995540111444377,638601,-9.77303661674816,638601,-8.222503494696234,638601
Jagatsinghpur,JGS,1,"2_13_962,231",2024,2024-09-08,252,0.02087154946470901,709,-17.795946911720364,661478,-9.799689032167608,661478,-7.996257879552684,661478
Jagatsinghpur,JGS,1,"2_13_963,231",2024,2024-09-08,252,0.5174471265711224,52206,-18.294755434760866,623890,-9.954298792057696,623890,-8.34045664270321,623890
Jagatsinghpur,JGS,1,"2_13_964,231",2024,2024-09-08,252,0.44020982850740276,45058,-20.38876695351636,543323,-11.464764376999407,543323,-8.924002576517049,543323
Jagatsinghpur,JGS,1,"2_14_961,226",2024,2024-09-18,262,0.553674771716981,11110,-19.368458045673414,12383,-9.554393835955187,12383,-9.814064209718207,12383
Jagatsinghpur,JGS,1,"2_14_959,227",2024,2024-09-18,262,0.6167233393091144,447360,-18.199084671421772,510204,-10.445285955116013,510204,-7.753798716305803,510204
Jagatsinghpur,JGS,1,"2_14_960,227",2024,2024-09-18,262,0.6411334302609685,427551,-17.802112966801367,432279,-10.34979028751209,432279,-7.452322679289301,432279
Jagatsinghpur,JGS,1,"2_14_961,227",2024,2024-09-18,262,0.5503372150279355,396021,-19.6880653179016,447583,-10.199161657437346,447583,-9.488903660464242,447583
Jagatsinghpur,JGS,1,"2_14_962,227",2024,2024-09-18,262,0.45027630081822617,510,-20.368256731908474,786,-12.785597199424979,786,-7.582659532483488,786
Jagatsinghpur,JGS,1,"2_14_958,228",2024,2024-09-18,262,0.642224636051705,524596,-17.684731025433873,657750,-10.379142092242898,657750,-7.3055889331910135,657750
Jagatsinghpur,JGS,1,"2_14_959,228",2024,2024-09-18,262,0.6214736509756265,359066,-18.018019516201775,653265,-10.640106228248897,653265,-7.377913287952871,653265
Jagatsinghpur,JGS,1,"2_14_960,228",2024,2024-09-18,262,0.5890710173672913,692100,-18.140162896675662,693526,-10.4484385580616,693526,-7.6917243386140415,693526
Jagatsinghpur,JGS,1,"2_14_961,228",2024,2024-09-18,262,0.49553171239969046,661103,-19.811133968102382,728813,-9.99325163730912,728813,-9.817882330793267,728813
Jagatsinghpur,JGS,1,"2_14_962,228",2024,2024-09-18,262,0.48488744337157874,210506,-20.01264513563003,246956,-11.168770583697027,246956,-8.843874551933,246956
Jagatsinghpur,JGS,1,"2_14_958,229",2024,2024-09-18,262,0.6386668819522174,398796,-17.589625333855953,604467,-10.46848620690556,604467,-7.121139126950415,604467
Jagatsinghpur,JGS,1,"2_14_959,229",2024,2024-09-18,262,0.6342581047128756,364669,-18.76331901603982,604967,-10.831214558407625,604967,-7.932104457632188,604967
Jagatsinghpur,JGS,1,"2_14_960,229",2024,2024-09-18,262,0.5883515984924241,727731,-18.7215144830141,733746,-11.007076735513227,733746,-7.714437747500852,733746
Jagatsinghpur,JGS,1,"2_14_961,229",2024,2024-09-18,262,0.5842435343918918,734004,-19.203190066081042,778594,-9.768206922156638,778594,-9.43498314392439,778594
Jagatsinghpur,JGS,1,"2_14_962,229",2024,2024-09-18,262,0.5523095339834525,442091,-19.888161653373494,513858,-10.141571780854932,513858,-9.746589872518632,513858
Jagatsinghpur,JGS,1,"2_14_963,229",2024,2024-09-18,262,0.5343650371179836,44634,-17.56270178089595,55675,-9.77807404382056,55675,-7.7846277370754775,55675
Jagatsinghpur,JGS,1,"2_14_964,229",2024,2024-09-18,262,,0,,0,,0,,0
Jagatsinghpur,JGS,1,"2_14_957,230",2024,2024-09-18,262,0.6467478270880097,308694,-17.576283334866023,620511,-10.19091182854118,620511,-7.385371506324811,620511
Jagatsinghpur,JGS,1,"2_14_958,230",2024,2024-09-18,262,0.6003367452696067,565434,-18.57385699914401,574078,-10.54130708001412,574078,-8.03254991912991,574078
Jagatsinghpur,JGS,1,"2_14_959,230",2024,2024-09-18,262,0.5668255990446893,593644,-19.11137036937392,640106,-10.656720543371236,640106,-8.454649826002656,640106
Jagatsinghpur,JGS,1,"2_14_960,230",2024,2024-09-18,262,0.5813313486244608,638615,-18.89704532798067,679387,-10.921020689474727,679387,-7.976024638505974,679387
Jagatsinghpur,JGS,1,"2_14_961,230",2024,2024-09-18,262,0.5866427476868832,695488,-18.62314806857262,712352,-9.725021270581609,712352,-8.898126797991,712352
Jagatsinghpur,JGS,1,"2_14_962,230",2024,2024-09-18,262,0.5812592764420714,722496,-18.95314950226976,741892,-9.290923232385007,741892,-9.662226269884684,741892
Jagatsinghpur,JGS,1,"2_14_963,230",2024,2024-09-18,262,0.6046455908481791,583981,-17.687675024530147,601275,-9.147480022309521,601275,-8.540195002220635,601275
Jagatsinghpur,JGS,1,"2_14_964,230",2024,2024-09-18,262,0.45581124088241526,99905,-16.795632506038437,125259,-9.984229648003529,125259,-6.811402858034887,125259
Jagatsinghpur,JGS,1,"2_14_965,230",2024,2024-09-18,262,0.42187327382829265,8565,-15.419797160065146,10328,-10.135196305769863,10328,-5.284600854295286,10328
Jagatsinghpur,JGS,1,"2_14_957,231",2024,2024-09-18,262,0.6004359936147169,242212,-17.813637993717567,535010,-10.00402006064603,535010,-7.809617933071587,535010
Jagatsinghpur,JGS,1,"2_14_958,231",2024,2024-09-18,262,0.5862620141473699,627400,-18.32143983038866,649727,-10.165057406890796,649727,-8.156382423497842,649727
Jagatsinghpur,JGS,1,"2_14_959,231",2024,2024-09-18,262,0.5980645987323149,534897,-17.887316749957968,544379,-10.09925431009542,544379,-7.788062439862589,544379
Jagatsinghpur,JGS,1,"2_14_960,231",2024,2024-09-18,262,0.6140275571349444,495835,-17.167378298166383,525591,-9.707190959415403,525591,-7.460187338751009,525591
Jagatsinghpur,JGS,1,"2_14_961,231",2024,2024-09-18,262,0.5924968600874412,637005,-17.170029636690185,638601,-9.659323898345974,638601,-7.51070573834421,638601
Jagatsinghpur,JGS,1,"2_14_962,231",2024,2024-09-18,262,0.5735994767254701,624510,-17.510968900467855,661478,-9.686791336002159,661478,-7.824177564465619,661478
Jagatsinghpur,JGS,1,"2_14_963,231",2024,2024-09-18,262,0.5671256489252382,607272,-17.60168422309485,623890,-9.50617105410401,623890,-8.095513168990815,623890
Jagatsinghpur,JGS,1,"2_14_964,231",2024,2024-09-18,262,0.5308864101745753,507692,-18.499995197264,543323,-9.96955141662165,543323,-8.530443780642305,543323
Jagatsinghpur,JGS,1,"2_15_961,226",2024,2024-09-28,272,0.671795958228146,11610,-19.105294567323483,12383,-9.029514573633502,12383,-10.075779993689965,12383
Jagatsinghpur,JGS,1,"2_15_959,227",2024,2024-09-28,272,0.7455271416282172,447347,-17.56258072653678,510204,-9.962583060318702,510204,-7.5999976662180995,510204
Jagatsinghpur,JGS,1,"2_15_960,227",2024,2024-09-28,272,0.7411172701250252,334252,-17.43336171333581,432279,-10.101895144628442,432279,-7.331466568707368,432279
Jagatsinghpur,JGS,1,"2_15_961,227",2024,2024-09-28,272,0.6861696324395317,253752,-19.17894826511714,447583,-9.629348633964515,447583,-9.549599631152631,447583
Jagatsinghpur,JGS,1,"2_15_962,227",2024,2024-09-28,272,0.6576879724376276,91,-20.053332556558473,786,-12.61692300856913,786,-7.436409547989343,786
Jagatsinghpur,JGS,1,"2_15_958,228",2024,2024-09-28,272,0.7296236169287184,625058,-17.430988427922,657750,-10.325964152361674,657750,-7.105024275560331,657750
Jagatsinghpur,JGS,1,"2_15_959,228",2024,2024-09-28,272,0.7418537782213069,627159,-17.51207846860258,653265,-10.423899714262834,653265,-7.08817875433979,653265
Jagatsinghpur,JGS,1,"2_15_960,228",2024,2024-09-28,272,0.7410422737767689,603571,-17.429951490153233,693526,-9.978590954969967,693526,-7.451360535183249,693526
Jagatsinghpur,JGS,1,"2_15_961,228",2024,2024-09-28,272,0.6951838238613682,545622,-18.430081535958145,728813,-9.491294060579602,728813,-8.938787475378502,728813
Jagatsinghpur,JGS,1,"2_15_962,228",2024,2024-09-28,272,0.6444908982480444,154525,-19.36356819630451,246956,-10.522864426864524,246956,-8.840703769440019,246956
Jagatsinghpur,JGS,1,"2_15_958,229",2024,2024-09-28,272,0.7518838323582397,590628,-17.3008003240645,604467,-10.307985932185115,604467,-6.99281439187934,604467
Jagatsinghpur,JGS,1,"2_15_959,229",2024,2024-09-28,272,0.7542051711390357,567204,-17.66055922823857,604967,-9.807490198338574,604967,-7.853069029899988,604967
Jagatsinghpur,JGS,1,"2_15_960,229",2024,2024-09-28,272,0.7247701640271653,598565,-17.87115869727646,733746,-9.161243063568648,733746,-8.70991563370771,733746
Jagatsinghpur,JGS,1,"2_15_961,229",2024,2024-09-28,272,0.7240453036786256,547053,-18.510468992122213,778594,-8.923481753400395,778594,-9.586987238721832,778594
Jagatsinghpur,JGS,1,"2_15_962,229",2024,2024-09-28,272,0.6764021809653052,345728,-18.86805767266533,513858,-9.418191693567692,513858,-9.44986597909761,513858
Jagatsinghpur,JGS,1,"2_15_963,229",2024,2024-09-28,272,0.64922281666588,43843,-17.792663432128357,55675,-9.319450091267319,55675,-8.473213340861136,55675
Jagatsinghpur,JGS,1,"2_15_964,229",2024,2024-09-28,272,,0,,0,,0,,0
Jagatsinghpur,JGS,1,"2_15_957,230",2024,2024-09-28,272,0.7619426673926157,507865,-17.635909601976643,620511,-10.782432726351677,620511,-6.853476875624979,620511
Jagatsinghpur,JGS,1,"2_15_958,230",2024,2024-09-28,272,0.7561962995184519,554854,-17.78598411928772,574078,-9.97644641382721,574078,-7.809537705460516,574078
Jagatsinghpur,JGS,1,"2_15_959,230",2024,2024-09-28,272,0.7147311874901795,609796,-17.87350394771218,640106,-9.390275507281697,640106,-8.483228440430468,640106
Jagatsinghpur,JGS,1,"2_15_960,230",2024,2024-09-28,272,0.7535418691324414,599231,-17.65824463146959,679387,-9.261641457840478,679387,-8.39660317362911,679387
Jagatsinghpur,JGS,1,"2_15_961,230",2024,2024-09-28,272,0.7538223362037502,661625,-17.52322113346752,712352,-9.157903096245033,712352,-8.365318037222528,712352
Jagatsinghpur,JGS,1,"2_15_962,230",2024,2024-09-28,272,0.7480716117064594,659260,-17.642782580869284,741892,-8.962745585961372,741892,-8.680036994907942,741892
Jagatsinghpur,JGS,1,"2_15_963,230",2024,2024-09-28,272,0.7319543875857876,221526,-17.10170143002536,601275,-8.856395796405574,601275,-8.245305633619806,601275
Jagatsinghpur,JGS,1,"2_15_964,230",2024,2024-09-28,272,0.5887225217418793,70953,-16.942545540657687,125259,-9.662553771600678,125259,-7.279991769057048,125259
Jagatsinghpur,JGS,1,"2_15_965,230",2024,2024-09-28,272,0.535155143994747,6384,-15.418768358230743,10328,-10.103704240923124,10328,-5.315064117307616,10328
Jagatsinghpur,JGS,1,"2_15_957,231",2024,2024-09-28,272,0.734502666868439,482949,-17.931964476141292,519247,-10.434824894658398,519247,-7.497139581482833,519247
Jagatsinghpur,JGS,1,"2_15_958,231",2024,2024-09-28,272,0.7276818276331023,613522,-17.8637987845818,649727,-9.904054113090538,649727,-7.9597446714913005,649727
Jagatsinghpur,JGS,1,"2_15_959,231",2024,2024-09-28,272,0.746326824178212,524273,-17.694909631919103,544379,-10.116638507014626,544379,-7.578271124904515,544379
Jagatsinghpur,JGS,1,"2_15_960,231",2024,2024-09-28,272,0.7696600381070821,515803,-17.067960405710362,525591,-9.77765092621516,525591,-7.290309479495202,525591
Jagatsinghpur,JGS,1,"2_15_961,231",2024,2024-09-28,272,0.74626492625663,603376,-16.92738064299687,638601,-9.724587393538542,638601,-7.202793249458335,638601
Jagatsinghpur,JGS,1,"2_15_962,231",2024,2024-09-28,272,0.7063773568282357,455401,-16.79829280705145,661478,-9.55227127619433,661478,-7.246021530857157,661478
Jagatsinghpur,JGS,1,"2_15_963,231",2024,2024-09-28,272,0.7453670000480621,468766,-16.905817132183888,623890,-9.350130733157094,623890,-7.555686399026798,623890
Jagatsinghpur,JGS,1,"2_15_964,231",2024,2024-09-28,272,0.7145516925678065,400565,-17.586347265104372,543323,-9.488418591070714,543323,-8.097928674033662,543323
Jagatsinghpur,JGS,1,"2_16_961,226",2024,2024-10-08,282,0.7831185564641586,11771,-17.305187450968113,12383,-9.569510467427657,12383,-7.735676983540448,12383
Jagatsinghpur,JGS,1,"2_16_959,227",2024,2024-10-08,282,0.7841589114994305,461093,-16.810210224835473,510204,-10.119809355867996,510204,-6.690400868967474,510204
Jagatsinghpur,JGS,1,"2_16_960,227",2024,2024-10-08,282,0.7823115175269706,358083,-16.95905761783598,432279,-10.89030832589168,432279,-6.068749291944293,432279
Jagatsinghpur,JGS,1,"2_16_961,227",2024,2024-10-08,282,0.7648019617822679,393302,-17.656586019191845,447583,-10.324293789085434,447583,-7.332292230106405,447583
Jagatsinghpur,JGS,1,"2_16_962,227",2024,2024-10-08,282,0.6295427790702444,390,-19.741451849477187,786,-12.393011969688668,786,-7.348439879788544,786
Jagatsinghpur,JGS,1,"2_16_958,228",2024,2024-10-08,282,0.7621605882993798,641602,-16.797142728321614,657750,-10.17022922169996,657750,-6.626913506621614,657750
Jagatsinghpur,JGS,1,"2_16_959,228",2024,2024-10-08,282,0.7737978406102198,629293,-16.91887662030512,653265,-10.61266728376387,653265,-6.306209336541277,653265
Jagatsinghpur,JGS,1,"2_16_960,228",2024,2024-10-08,282,0.7940119297355107,656863,-16.85797743007254,693526,-10.51882155077189,693526,-6.339155879300664,693526
Jagatsinghpur,JGS,1,"2_16_961,228",2024,2024-10-08,282,0.7767868051399167,596208,-17.487979393580762,728813,-10.25688217645973,728813,-7.231097217121018,728813
Jagatsinghpur,JGS,1,"2_16_962,228",2024,2024-10-08,282,0.6674432961103804,181319,-18.20477887269032,246956,-10.959902146245561,246956,-7.244876726444685,246956
Jagatsinghpur,JGS,1,"2_16_958,229",2024,2024-10-08,282,0.7427057951553478,546630,-16.598188837492195,604467,-10.033584605853111,604467,-6.5646042316390725,604467
Jagatsinghpur,JGS,1,"2_16_959,229",2024,2024-10-08,282,0.7899147889103189,580245,-17.013792989118993,604967,-10.049154370105944,604967,-6.964638619013091,604967
Jagatsinghpur,JGS,1,"2_16_960,229",2024,2024-10-08,282,0.7698006516399762,667091,-16.623499788410477,733746,-9.863927585168678,733746,-6.759572203241769,733746
Jagatsinghpur,JGS,1,"2_16_961,229",2024,2024-10-08,282,0.7338083359923978,619898,-16.892384721520763,778594,-9.950242411117522,778594,-6.942142310403228,778594
Jagatsinghpur,JGS,1,"2_16_962,229",2024,2024-10-08,282,0.6670183208017251,319792,-17.46273934402382,513858,-10.181565741366407,513858,-7.281173602657414,513858
Jagatsinghpur,JGS,1,"2_16_963,229",2024,2024-10-08,282,0.620468379165721,39612,-16.405982365249514,55675,-9.869113234643374,55675,-6.536869130606221,55675
Jagatsinghpur,JGS,1,"2_16_964,229",2024,2024-10-08,282,,0,,0,,0,,0
Jagatsinghpur,JGS,1,"2_16_957,230",2024,2024-10-08,282,0.7847017380101805,490814,-16.990569925528767,620511,-10.465849139623195,620511,-6.524720785905557,620511
Jagatsinghpur,JGS,1,"2_16_958,230",2024,2024-10-08,282,0.7776417829712318,524386,-17.042620505141613,574078,-9.994893310118648,574078,-7.047727195023006,574078
Jagatsinghpur,JGS,1,"2_16_959,230",2024,2024-10-08,282,0.7819760424438121,588365,-17.14033403524621,640106,-9.692220275270326,640106,-7.448113759975845,640106
Jagatsinghpur,JGS,1,"2_16_960,230",2024,2024-10-08,282,0.7544028688900248,614417,-16.873395918528082,679387,-9.669102461951667,679387,-7.2042934565763925,679387
Jagatsinghpur,JGS,1,"2_16_961,230",2024,2024-10-08,282,0.7504912087432056,650606,-16.982792963237852,712352,-9.812589099455876,712352,-7.170203863782024,712352
Jagatsinghpur,JGS,1,"2_16_962,230",2024,2024-10-08,282,0.732576353097372,537526,-17.128830124120515,741892,-9.719613742445407,741892,-7.409216381675068,741892
Jagatsinghpur,JGS,1,"2_16_963,230",2024,2024-10-08,282,0.7481030801033649,383748,-16.495669467315558,601275,-9.698932984604502,601275,-6.796736482711027,601275
Jagatsinghpur,JGS,1,"2_16_964,230",2024,2024-10-08,282,0.5980393721022453,94308,-16.318215671870405,125259,-9.87874906082635,125259,-6.43946661104404,125259
Jagatsinghpur,JGS,1,"2_16_965,230",2024,2024-10-08,282,0.6321883235041503,9951,-15.574484214001513,10328,-10.204701122940675,10328,-5.369783091060853,10328
Jagatsinghpur,JGS,1,"2_16_957,231",2024,2024-10-08,282,0.7806747825014921,473793,-17.19229491998887,535010,-10.032907430001245,535010,-7.159387489987654,535010
Jagatsinghpur,JGS,1,"2_16_958,231",2024,2024-10-08,282,0.7695603966354693,602815,-17.121512130918973,649727,-9.816546251757286,649727,-7.304965879161614,649727
Jagatsinghpur,JGS,1,"2_16_959,231",2024,2024-10-08,282,0.758040573360815,470410,-17.02276317603991,544379,-10.091941269711342,544379,-6.930821906328531,544379
Jagatsinghpur,JGS,1,"2_16_960,231",2024,2024-10-08,282,0.7285483144138274,441102,-16.562038046231848,525591,-9.772939228315119,525591,-6.789098817916692,525591
Jagatsinghpur,JGS,1,"2_16_961,231",2024,2024-10-08,282,0.7017594367306604,572688,-16.836033351083,638601,-10.447358744260965,638601,-6.388674606822012,638601
Jagatsinghpur,JGS,1,"2_16_962,231",2024,2024-10-08,282,0.6821761092668827,573579,-16.927056244085243,661478,-10.975576114186405,661478,-5.9514801298988225,661478
Jagatsinghpur,JGS,1,"2_16_963,231",2024,2024-10-08,282,0.7476706709650368,505143,-16.70556343228997,623890,-10.624474917055142,623890,-6.081088515234848,623890
Jagatsinghpur,JGS,1,"2_16_964,231",2024,2024-10-08,282,0.7370316869181346,431401,-17.052377358752107,543323,-10.11540226443195,543323,-6.936975094320166,543323
Jagatsinghpur,JGS,1,"2_17_961,226",2024,2024-10-18,292,0.23743179456496533,163,,0,,0,,0
Jagatsinghpur,JGS,1,"2_17_959,227",2024,2024-10-18,292,0.7130558620297706,228617,-15.588297928048034,510204,-9.302074299529538,510204,-6.2862236285185125,510204
Jagatsinghpur,JGS,1,"2_17_960,227",2024,2024-10-18,292,0.7355835128800314,376909,-15.414709986342084,304289,-9.656523168079856,304289,-5.758186818262204,304289
Jagatsinghpur,JGS,1,"2_17_961,227",2024,2024-10-18,292,0.7038325054240895,348153,,0,,0,,0
Jagatsinghpur,JGS,1,"2_17_962,227",2024,2024-10-18,292,0.3733792497338248,363,,0,,0,,0
Jagatsinghpur,JGS,1,"2_17_958,228",2024,2024-10-18,292,0.6638721653878041,392418,-15.787008338773086,657750,-8.791174253940383,657750,-6.995834084832716,657750
Jagatsinghpur,JGS,1,"2_17_959,228",2024,2024-10-18,292,0.6911860266502853,294065,-15.997142068959853,653265,-9.498652461496793,653265,-6.498489607463075,653265
Jagatsinghpur,JGS,1,"2_17_960,228",2024,2024-10-18,292,0.7194499615809552,295181,-15.897751901975182,562454,-9.815188488463736,562454,-6.082563413511464,562454
Jagatsinghpur,JGS,1,"2_17_961,228",2024,2024-10-18,292,0.5889534959741941,272006,,0,,0,,0
Jagatsinghpur,JGS,1,"2_17_962,228",2024,2024-10-18,292,0.5192843646992543,194452,,0,,0,,0
Jagatsinghpur,JGS,1,"2_17_958,229",2024,2024-10-18,292,0.6715702670549442,546819,-15.75202538523311,604467,-8.668981279712096,604467,-7.083044105521033,604467
Jagatsinghpur,JGS,1,"2_17_959,229",2024,2024-10-18,292,0.7098069969760425,553671,-16.071681001553557,604967,-8.81723583552654,604967,-7.254445166026966,604967
Jagatsinghpur,JGS,1,"2_17_960,229",2024,2024-10-18,292,0.7589686928258994,248778,-15.826385612708743,719556,-9.159735489967261,719556,-6.666650122741525,719556
Jagatsinghpur,JGS,1,"2_17_961,229",2024,2024-10-18,292,0.5771770687168243,234767,-15.926456179958898,24576,-9.230504875228203,24576,-6.6959513047306665,24576
Jagatsinghpur,JGS,1,"2_17_962,229",2024,2024-10-18,292,0.5158143034420631,401951,,0,,0,,0
Jagatsinghpur,JGS,1,"2_17_963,229",2024,2024-10-18,292,0.40782975237381797,8587,,0,,0,,0
Jagatsinghpur,JGS,1,"2_17_964,229",2024,2024-10-18,292,,0,,0,,0,,0
Jagatsinghpur,JGS,1,"2_17_957,230",2024,2024-10-18,292,0.7886253331189178,404785,-16.194427906334706,620511,-9.420646080599948,620511,-6.773781825734765,620511
Jagatsinghpur,JGS,1,"2_17_958,230",2024,2024-10-18,292,0.789050888336455,425617,-16.137424497822998,574078,-8.991055335252241,574078,-7.146369162570747,574078
Jagatsinghpur,JGS,1,"2_17_959,230",2024,2024-10-18,292,0.7606156873403228,521822,-16.1638943832239,640106,-8.780411220044316,640106,-7.383483163179558,640106
Jagatsinghpur,JGS,1,"2_17_960,230",2024,2024-10-18,292,0.7404862098700187,574306,-16.077391868245982,679387,-8.696470155943334,679387,-7.380921712302631,679387
Jagatsinghpur,JGS,1,"2_17_961,230",2024,2024-10-18,292,0.6614993213757229,327090,-15.879966535404524,142213,-8.593328069915659,142213,-7.286638465488928,142213
Jagatsinghpur,JGS,1,"2_17_962,230",2024,2024-10-18,292,0.614236739451131,223693,,0,,0,,0
Jagatsinghpur,JGS,1,"2_17_963,230",2024,2024-10-18,292,0.5271755615523968,66027,,0,,0,,0
Jagatsinghpur,JGS,1,"2_17_964,230",2024,2024-10-18,292,0.36304065144972925,39575,,0,,0,,0
Jagatsinghpur,JGS,1,"2_17_965,230",2024,2024-10-18,292,0.25565069560941894,76,,0,,0,,0
Jagatsinghpur,JGS,1,"2_17_957,231",2024,2024-10-18,292,0.7840716307787348,375263,-16.47158105845608,535010,-9.150797511271659,535010,-7.320783547184381,535010
Jagatsinghpur,JGS,1,"2_17_958,231",2024,2024-10-18,292,0.794398899200451,432486,-16.245513349266,649727,-9.099938267026426,649727,-7.145575082239557,649727
Jagatsinghpur,JGS,1,"2_17_959,231",2024,2024-10-18,292,0.8022319847295681,342411,-16.146285286649917,544379,-9.196776464592288,544379,-6.949508822057608,544379
Jagatsinghpur,JGS,1,"2_17_960,231",2024,2024-10-18,292,0.7337381874878423,362173,-15.837504348653187,525591,-8.814943403148165,525591,-7.022560945505018,525591
Jagatsinghpur,JGS,1,"2_17_961,231",2024,2024-10-18,292,0.6046430922681403,546991,-15.626324358640957,261507,-8.87861784456285,261507,-6.747706514078148,261507
Jagatsinghpur,JGS,1,"2_17_962,231",2024,2024-10-18,292,0.51745662363449,359371,,0,,0,,0
Jagatsinghpur,JGS,1,"2_17_963,231",2024,2024-10-18,292,0.3645598038506102,111322,,0,,0,,0
Jagatsinghpur,JGS,1,"2_17_964,231",2024,2024-10-18,292,0.477501382050404,141129,,0,,0,,0
Jagatsinghpur,JGS,1,"2_18_961,226",2024,2024-10-28,302,0.7304387274978946,7194,-17.23829952618557,12383,-9.472305794610326,12383,-7.76599373157512,12383
Jagatsinghpur,JGS,1,"2_18_959,227",2024,2024-10-28,302,0.7276715217296316,509956,-16.198819635752116,510204,-9.442738621930625,510204,-6.756081013821495,510204
Jagatsinghpur,JGS,1,"2_18_960,227",2024,2024-10-28,302,0.7604285629423655,398910,-16.517396763524154,432279,-10.191266239686014,432279,-6.32613052383819,432279
Jagatsinghpur,JGS,1,"2_18_961,227",2024,2024-10-28,302,0.7535214408137468,211481,-17.587515772254005,447583,-10.151786342313944,447583,-7.435729429940065,447583
Jagatsinghpur,JGS,1,"2_18_962,227",2024,2024-10-28,302,0.5857146498949631,23,-19.057945767376513,786,-12.09745950986857,786,-6.960486257507958,786
Jagatsinghpur,JGS,1,"2_18_958,228",2024,2024-10-28,302,0.7163538910635787,654821,-16.242640803728786,657750,-9.673390619172576,657750,-6.569250184556216,657750
Jagatsinghpur,JGS,1,"2_18_959,228",2024,2024-10-28,302,0.7237957786714835,653002,-16.337761125419537,653265,-9.9722538706918,653265,-6.365507254727712,653265
Jagatsinghpur,JGS,1,"2_18_960,228",2024,2024-10-28,302,0.7820937749432298,661269,-16.643763595177035,693526,-9.986568326770083,693526,-6.657195268406888,693526
Jagatsinghpur,JGS,1,"2_18_961,228",2024,2024-10-28,302,0.7713092481971615,340591,-17.376937034106497,728813,-9.913491075593862,728813,-7.4634459585126525,728813
Jagatsinghpur,JGS,1,"2_18_962,228",2024,2024-10-28,302,0.5503323900801523,38396,-17.96805866524527,246956,-10.57331709363608,246956,-7.394741571609167,246956
Jagatsinghpur,JGS,1,"2_18_958,229",2024,2024-10-28,302,0.7374770033310983,603812,-16.32613928116081,604467,-9.828926123757693,604467,-6.497213157403163,604467
Jagatsinghpur,JGS,1,"2_18_959,229",2024,2024-10-28,302,0.7834954289220453,604817,-16.354714027757808,604967,-9.234797225003188,604967,-7.119916802754567,604967
Jagatsinghpur,JGS,1,"2_18_960,229",2024,2024-10-28,302,0.7742437921134335,727272,-16.233068601793395,733746,-9.043111786457423,733746,-7.189956815335953,733746
Jagatsinghpur,JGS,1,"2_18_961,229",2024,2024-10-28,302,0.7419423425750272,488341,-16.866043813334844,778594,-9.699705290398558,778594,-7.166338522936332,778594
Jagatsinghpur,JGS,1,"2_18_962,229",2024,2024-10-28,302,0.6483059840702707,171977,-17.590367936062922,513858,-9.744657723109272,513858,-7.845710212953706,513858
Jagatsinghpur,JGS,1,"2_18_963,229",2024,2024-10-28,302,0.6108557617256025,11068,-17.943064462165204,55675,-9.555788776005887,55675,-8.38727568615934,55675
Jagatsinghpur,JGS,1,"2_18_964,229",2024,2024-10-28,302,,0,,0,,0,,0
Jagatsinghpur,JGS,1,"2_18_957,230",2024,2024-10-28,302,0.764860054429283,619883,-16.677891041345426,620511,-10.442443996270214,620511,-6.235447045075197,620511
Jagatsinghpur,JGS,1,"2_18_958,230",2024,2024-10-28,302,0.8008975805847044,573786,-16.474060558578593,574078,-9.600767582641316,574078,-6.873292975937298,574078
Jagatsinghpur,JGS,1,"2_18_959,230",2024,2024-10-28,302,0.8077838373246423,639623,-16.329462585716605,640106,-9.047445347921268,640106,-7.282017237795349,640106
Jagatsinghpur,JGS,1,"2_18_960,230",2024,2024-10-28,302,0.773791160620312,676525,-16.228652833241153,679387,-8.781170914984113,679387,-7.447481918257051,679387
Jagatsinghpur,JGS,1,"2_18_961,230",2024,2024-10-28,302,0.7523422410229075,463789,-16.615883623684415,712352,-9.3878268450815,712352,-7.228056778602912,712352
Jagatsinghpur,JGS,1,"2_18_962,230",2024,2024-10-28,302,0.7334380115051662,385671,-16.88353500922382,741892,-9.370622401829667,741892,-7.512912607394135,741892
Jagatsinghpur,JGS,1,"2_18_963,230",2024,2024-10-28,302,0.678009262192938,136617,-16.671338619539775,601275,-9.297649761983438,601275,-7.373688857556354,601275
Jagatsinghpur,JGS,1,"2_18_964,230",2024,2024-10-28,302,0.4225219149231191,26388,-16.874952722023185,125259,-9.448239681913433,125259,-7.426713040109771,125259
Jagatsinghpur,JGS,1,"2_18_965,230",2024,2024-10-28,302,0.44738884833553416,3319,-15.704580214885729,10328,-10.153286957649309,10328,-5.551293257236437,10328
Jagatsinghpur,JGS,1,"2_18_957,231",2024,2024-10-28,302,0.7843003961307784,534553,-16.49387942114342,535010,-9.76363146207359,535010,-6.730247959069823,535010
Jagatsinghpur,JGS,1,"2_18_958,231",2024,2024-10-28,302,0.7814628836368592,648220,-16.37607917370961,649727,-9.587392285862066,649727,-6.788686887847536,649727
Jagatsinghpur,JGS,1,"2_18_959,231",2024,2024-10-28,302,0.7830379852166478,543601,-16.295002391284093,544379,-9.88914141912978,544379,-6.4058609721543025,544379
Jagatsinghpur,JGS,1,"2_18_960,231",2024,2024-10-28,302,0.7580002524776912,524410,-15.870126263238124,525591,-9.300694271136985,525591,-6.569431992101137,525591
Jagatsinghpur,JGS,1,"2_18_961,231",2024,2024-10-28,302,0.7268978594163288,417305,-15.961559154308627,638601,-9.675100544220813,638601,-6.2864586100878235,638601
Jagatsinghpur,JGS,1,"2_18_962,231",2024,2024-10-28,302,0.6241935554875759,231584,-16.052723593166093,661478,-9.806986574834486,661478,-6.245737018331563,661478
Jagatsinghpur,JGS,1,"2_18_963,231",2024,2024-10-28,302,0.6555729065397251,223501,-16.330762918215484,623890,-9.873833378237581,623890,-6.45692953997787,623890
Jagatsinghpur,JGS,1,"2_18_964,231",2024,2024-10-28,302,0.5575308507053368,70461,-16.694308295220342,543323,-9.340467942464162,543323,-7.353840352756144,543323
Jagatsinghpur,JGS,1,"2_19_961,226",2024,2024-11-07,312,0.7435242401379303,12307,-16.75849101098929,12383,-11.370503778489715,12383,-5.3879872324995866,12383
Jagatsinghpur,JGS,1,"2_19_959,227",2024,2024-11-07,312,0.8000502794829019,509619,-15.999303782400391,510204,-10.035047148368678,510204,-5.964256634031704,510204
Jagatsinghpur,JGS,1,"2_19_960,227",2024,2024-11-07,312,0.7845634048565878,430493,-16.25713642475181,432279,-10.819939959598003,432279,-5.437196465153817,432279
Jagatsinghpur,JGS,1,"2_19_961,227",2024,2024-11-07,312,0.7231791379016043,434664,-16.320166937338605,447583,-10.361040705927271,447583,-5.959126231411377,447583
Jagatsinghpur,JGS,1,"2_19_962,227",2024,2024-11-07,312,0.5179612188096281,553,-19.603005478230312,786,-13.055595262097157,786,-6.547410216133152,786
Jagatsinghpur,JGS,1,"2_19_958,228",2024,2024-11-07,312,0.7537342332000795,657241,-16.049685772627615,657750,-10.228166273428943,657750,-5.8215194991986765,657750
Jagatsinghpur,JGS,1,"2_19_959,228",2024,2024-11-07,312,0.7664375370988431,653131,-16.19314006689472,653265,-10.551435594897557,653265,-5.641704471997198,653265
Jagatsinghpur,JGS,1,"2_19_960,228",2024,2024-11-07,312,0.8162130134196016,693370,-16.15649873943117,693526,-10.491107901833994,693526,-5.665390837597137,693526
Jagatsinghpur,JGS,1,"2_19_961,228",2024,2024-11-07,312,0.7682181996143783,716229,-16.464108488545275,728813,-10.623643417786143,728813,-5.8404650707590875,728813
Jagatsinghpur,JGS,1,"2_19_962,228",2024,2024-11-07,312,0.6196803753380634,216549,-17.93596133722068,246956,-11.385209394786754,246956,-6.550751942433954,246956
Jagatsinghpur,JGS,1,"2_19_958,229",2024,2024-11-07,312,0.7376337047444634,604273,-16.247189489040498,604467,-10.342918472913007,604467,-5.904271016127514,604467
Jagatsinghpur,JGS,1,"2_19_959,229",2024,2024-11-07,312,0.796698524793681,604824,-15.96419404972958,604967,-9.653016905331608,604967,-6.311177144397979,604967
Jagatsinghpur,JGS,1,"2_19_960,229",2024,2024-11-07,312,0.8198250900497518,733158,-15.823244954461394,733746,-9.733127023114006,733746,-6.090117931347414,733746
Jagatsinghpur,JGS,1,"2_19_961,229",2024,2024-11-07,312,0.7638210682738246,767427,-16.427610490604813,778594,-10.604538072699764,778594,-5.823072417905019,778594
Jagatsinghpur,JGS,1,"2_19_962,229",2024,2024-11-07,312,0.6787767136437834,478479,-16.94048167253833,513858,-10.734634989433046,513858,-6.205846683105297,513858
Jagatsinghpur,JGS,1,"2_19_963,229",2024,2024-11-07,312,0.6442338458234865,54441,-16.28800906849022,55675,-9.887441286438285,55675,-6.400567782051885,55675
Jagatsinghpur,JGS,1,"2_19_964,229",2024,2024-11-07,312,,0,,0,,0,,0
Jagatsinghpur,JGS,1,"2_19_957,230",2024,2024-11-07,312,0.7187743907512734,565298,-16.232953798101455,620511,-10.320846093986752,620511,-5.912107704114735,620511
Jagatsinghpur,JGS,1,"2_19_958,230",2024,2024-11-07,312,0.7600258135451768,574070,-16.057393116618844,574078,-9.97579065237148,574078,-6.081602464247389,574078
Jagatsinghpur,JGS,1,"2_19_959,230",2024,2024-11-07,312,0.7869051886133185,639968,-15.81784420335495,640106,-9.37396887997357,640106,-6.443875323381375,640106
Jagatsinghpur,JGS,1,"2_19_960,230",2024,2024-11-07,312,0.7928947838153579,679227,-15.699177843362005,679387,-9.33948578092425,679387,-6.359692062437783,679387
Jagatsinghpur,JGS,1,"2_19_961,230",2024,2024-11-07,312,0.8120985528281902,711009,-16.21958896522418,712352,-9.823852866485865,712352,-6.395736098738267,712352
Jagatsinghpur,JGS,1,"2_19_962,230",2024,2024-11-07,312,0.7854567920835072,737018,-16.190938468402948,741892,-10.314320529521073,741892,-5.8766179388818545,741892
Jagatsinghpur,JGS,1,"2_19_963,230",2024,2024-11-07,312,0.7379712976847573,598265,-15.610413466192991,601275,-9.887849082603678,601275,-5.722564383589278,601275
Jagatsinghpur,JGS,1,"2_19_964,230",2024,2024-11-07,312,0.5948434916328887,123346,-16.572500967093,125259,-10.002476133143416,125259,-6.570024833949564,125259
Jagatsinghpur,JGS,1,"2_19_965,230",2024,2024-11-07,312,0.5694465364221682,10016,-15.713754247373966,10328,-10.145355195426204,10328,-5.568399051947722,10328
Jagatsinghpur,JGS,1,"2_19_957,231",2024,2024-11-07,312,0.6870492580004328,447505,-16.254288453417296,535010,-9.900384074266972,535010,-6.35390437915033,535010
Jagatsinghpur,JGS,1,"2_19_958,231",2024,2024-11-07,312,0.7344976668270162,649673,-15.873127463561309,649727,-9.69727840556197,649727,-6.175849057999364,649727
Jagatsinghpur,JGS,1,"2_19_959,231",2024,2024-11-07,312,0.7516075190421206,544379,-15.945153985728492,544379,-10.054431404306404,544379,-5.890722581422105,544379
Jagatsinghpur,JGS,1,"2_19_960,231",2024,2024-11-07,312,0.7370817527552498,525565,-15.733588071851253,525591,-9.862275987094964,525591,-5.8713120847562354,525591
Jagatsinghpur,JGS,1,"2_19_961,231",2024,2024-11-07,312,0.7485840399555996,638333,-15.880435617792966,638601,-10.184490136724897,638601,-5.695945481068081,638601
Jagatsinghpur,JGS,1,"2_19_962,231",2024,2024-11-07,312,0.7335259072197133,661003,-16.189503561478563,661478,-10.549802939253016,661478,-5.639700622225556,661478
Jagatsinghpur,JGS,1,"2_19_963,231",2024,2024-11-07,312,0.7575714780721348,623276,-16.023579534838824,623890,-10.666517886899204,623890,-5.357061647939633,623890
Jagatsinghpur,JGS,1,"2_19_964,231",2024,2024-11-07,312,0.7085017253990775,541719,-15.806190350245357,543323,-10.060383519245907,543323,-5.745806830999447,543323
Jagatsinghpur,JGS,1,"2_20_961,226",2024,2024-11-17,322,0.6226898121785752,12293,-16.91952534314295,12383,-11.674562253484451,12383,-5.244963089658495,12383
Jagatsinghpur,JGS,1,"2_20_959,227",2024,2024-11-17,322,0.7374341293632278,510203,-16.569975398128985,510204,-10.9606836587581,510204,-5.6092917393708515,510204
Jagatsinghpur,JGS,1,"2_20_960,227",2024,2024-11-17,322,0.6791372945018885,431775,-16.843414717934856,432279,-11.244865823296951,432279,-5.5985488946379505,432279
Jagatsinghpur,JGS,1,"2_20_961,227",2024,2024-11-17,322,0.5873760972882649,444812,-16.365594845840796,447583,-10.656874835966729,447583,-5.708720009874049,447583
Jagatsinghpur,JGS,1,"2_20_962,227",2024,2024-11-17,322,0.38802665320621793,759,-19.99396844503053,786,-13.365169990157742,786,-6.628798454872778,786
Jagatsinghpur,JGS,1,"2_20_958,228",2024,2024-11-17,322,0.6816911319878627,657750,-17.01519867605853,657750,-11.41273205708126,657750,-5.602466618977264,657750
Jagatsinghpur,JGS,1,"2_20_959,228",2024,2024-11-17,322,0.6862348640029965,653265,-16.6248749137104,653265,-10.917843151230048,653265,-5.7070317624803515,653265
Jagatsinghpur,JGS,1,"2_20_960,228",2024,2024-11-17,322,0.7365702822436602,693524,-16.574396233922315,693526,-11.108434826365578,693526,-5.465961407556724,693526
Jagatsinghpur,JGS,1,"2_20_961,228",2024,2024-11-17,322,0.6271919395878054,727794,-16.635681986409107,728813,-11.005376058606775,728813,-5.630305927802304,728813
Jagatsinghpur,JGS,1,"2_20_962,228",2024,2024-11-17,322,0.49696444987609323,242018,-17.81388067219145,246956,-11.600718664366758,246956,-6.213162007824691,246956
Jagatsinghpur,JGS,1,"2_20_958,229",2024,2024-11-17,322,0.6812246158343377,604467,-17.16882299829908,604467,-11.560725477579107,604467,-5.60809752071999,604467
Jagatsinghpur,JGS,1,"2_20_959,229",2024,2024-11-17,322,0.7400017074808226,604967,-16.444076266297284,604967,-10.749203254414736,604967,-5.6948730118825415,604967
Jagatsinghpur,JGS,1,"2_20_960,229",2024,2024-11-17,322,0.743780459720464,733746,-16.486744142753505,733746,-10.975051935736015,733746,-5.51169220701748,733746
Jagatsinghpur,JGS,1,"2_20_961,229",2024,2024-11-17,322,0.6319310371623414,778335,-16.651667919263417,778594,-11.198789260361643,778594,-5.452878658901769,778594
Jagatsinghpur,JGS,1,"2_20_962,229",2024,2024-11-17,322,0.5392872603886221,512387,-16.803521613075507,513858,-10.988104128362849,513858,-5.815417484712624,513858
Jagatsinghpur,JGS,1,"2_20_963,229",2024,2024-11-17,322,0.5515188297902217,55572,-16.216928516109174,55675,-10.21066963942823,55675,-6.00625887668089,55675
Jagatsinghpur,JGS,1,"2_20_964,229",2024,2024-11-17,322,,0,,0,,0,,0
Jagatsinghpur,JGS,1,"2_20_957,230",2024,2024-11-17,322,0.6667288750436817,620340,-17.244323851351563,620511,-11.598418509227198,620511,-5.645905342124368,620511
Jagatsinghpur,JGS,1,"2_20_958,230",2024,2024-11-17,322,0.7182397759928945,574078,-16.77540947849058,574078,-11.197681926073484,574078,-5.577727552417098,574078
Jagatsinghpur,JGS,1,"2_20_959,230",2024,2024-11-17,322,0.7455641790679164,640106,-16.201888464040042,640106,-10.4981182784895,640106,-5.703770185550504,640106
Jagatsinghpur,JGS,1,"2_20_960,230",2024,2024-11-17,322,0.7224997198814209,679387,-16.272524802780666,679387,-10.623503652903603,679387,-5.64902114987707,679387
Jagatsinghpur,JGS,1,"2_20_961,230",2024,2024-11-17,322,0.7065826349299135,712342,-16.23433405926477,712352,-10.476123214083797,712352,-5.758210845181006,712352
Jagatsinghpur,JGS,1,"2_20_962,230",2024,2024-11-17,322,0.6598100381073845,741838,-16.225792336187133,741892,-10.821109693703516,741892,-5.404682642483677,741892
Jagatsinghpur,JGS,1,"2_20_963,230",2024,2024-11-17,322,0.6529044826757667,600169,-15.814143175897463,601275,-10.401987788314303,601275,-5.412155387583141,601275
Jagatsinghpur,JGS,1,"2_20_964,230",2024,2024-11-17,322,0.5809338574820959,119201,-16.68086703725508,125259,-10.313477365964582,125259,-6.367389671290505,125259
Jagatsinghpur,JGS,1,"2_20_965,230",2024,2024-11-17,322,0.6376350769905192,10131,-15.801643828455965,10328,-10.404866169906118,10328,-5.396777658549867,10328
Jagatsinghpur,JGS,1,"2_20_957,231",2024,2024-11-17,322,0.6675921210523945,534957,-17.161105897580015,522321,-11.29894188509846,522321,-5.862164012481525,522321
Jagatsinghpur,JGS,1,"2_20_958,231",2024,2024-11-17,322,0.6899609426143116,649727,-16.6189281647328,649727,-11.008029623867166,649727,-5.610898540865603,649727
Jagatsinghpur,JGS,1,"2_20_959,231",2024,2024-11-17,322,0.7199039818965686,544379,-16.579383597604394,544379,-11.018870775444023,544379,-5.560512822160395,544379
Jagatsinghpur,JGS,1,"2_20_960,231",2024,2024-11-17,322,0.6795393660804588,525591,-16.49780844462552,525591,-10.933527545797935,525591,-5.564280898827586,525591
Jagatsinghpur,JGS,1,"2_20_961,231",2024,2024-11-17,322,0.6676983887625516,638600,-16.387900415528257,638601,-10.725681555965906,638601,-5.662218859562386,638601
Jagatsinghpur,JGS,1,"2_20_962,231",2024,2024-11-17,322,0.6510556174305387,661290,-16.6297506970157,661478,-10.829303505426855,661478,-5.8004471915889,661478
Jagatsinghpur,JGS,1,"2_20_963,231",2024,2024-11-17,322,0.6798956236537571,623164,-16.24444370508244,623890,-10.771591748755805,623890,-5.472851956326636,623890
Jagatsinghpur,JGS,1,"2_20_964,231",2024,2024-11-17,322,0.6586235978282278,539541,-15.960834586098779,543323,-10.38770149709819,543323,-5.573133089000582,543323
Jagatsinghpur,JGS,1,"2_21_961,226",2024,2024-11-27,332,0.36400887600668,12381,-15.8441768194359,12383,-9.766376143494961,12383,-6.077800675941007,12383
Jagatsinghpur,JGS,1,"2_21_959,227",2024,2024-11-27,332,0.5151582806094935,510182,-16.42134146418601,510204,-10.688469829751774,510204,-5.732871634434273,510204
Jagatsinghpur,JGS,1,"2_21_960,227",2024,2024-11-27,332,0.4469402210226808,432193,-16.367394629516255,432279,-10.303969871504163,432279,-6.06342475801206,432279
Jagatsinghpur,JGS,1,"2_21_961,227",2024,2024-11-27,332,0.3764372461061644,447535,-16.069650558553835,447583,-10.136980097287388,447583,-5.93267046126642,447583
Jagatsinghpur,JGS,1,"2_21_962,227",2024,2024-11-27,332,0.28822062750267435,786,-19.491856680799202,786,-13.003393328257989,786,-6.488463352541201,786
Jagatsinghpur,JGS,1,"2_21_958,228",2024,2024-11-27,332,0.5064647921616918,657750,-16.60443473188389,657750,-10.693377072896022,657750,-5.911057658987855,657750
Jagatsinghpur,JGS,1,"2_21_959,228",2024,2024-11-27,332,0.45339262830774707,653264,-16.20510150542519,653265,-10.134954193734373,653265,-6.070147311690832,653265
Jagatsinghpur,JGS,1,"2_21_960,228",2024,2024-11-27,332,0.5142291865327672,693526,-15.968801826446592,693526,-10.172200585997976,693526,-5.7966012404486404,693526
Jagatsinghpur,JGS,1,"2_21_961,228",2024,2024-11-27,332,0.42080325763328813,728813,-15.885942573015562,728813,-9.86945601762462,728813,-6.016486555390942,728813
Jagatsinghpur,JGS,1,"2_21_962,228",2024,2024-11-27,332,0.3729341209527713,246488,-18.139209385992555,246956,-11.808336196207978,246956,-6.330873189784563,246956
Jagatsinghpur,JGS,1,"2_21_958,229",2024,2024-11-27,332,0.5164201800714266,604467,-16.70313196133787,604467,-10.74190868695493,604467,-5.961223274382908,604467
Jagatsinghpur,JGS,1,"2_21_959,229",2024,2024-11-27,332,0.5168920702287481,604967,-16.38070102533331,604967,-10.380722556887605,604967,-5.999978468445721,604967
Jagatsinghpur,JGS,1,"2_21_960,229",2024,2024-11-27,332,0.5237680087980523,733746,-16.013847330602914,733746,-10.108056054012074,733746,-5.905791276590832,733746
Jagatsinghpur,JGS,1,"2_21_961,229",2024,2024-11-27,332,0.4491276575487189,778594,-15.885543014300952,778594,-9.974356168674836,778594,-5.911186845626117,778594
Jagatsinghpur,JGS,1,"2_21_962,229",2024,2024-11-27,332,0.3860947879145017,513858,-16.625580818455976,513858,-10.58880838005716,513858,-6.03677243839879,513858
Jagatsinghpur,JGS,1,"2_21_963,229",2024,2024-11-27,332,0.37880343547827333,55644,-17.190570310107184,55675,-10.662498186803887,55675,-6.528072123303326,55675
Jagatsinghpur,JGS,1,"2_21_964,229",2024,2024-11-27,332,,0,,0,,0,,0
Jagatsinghpur,JGS,1,"2_21_957,230",2024,2024-11-27,332,0.5357451392757288,458859,-17.152199754136394,620511,-11.354482879957901,620511,-5.797716874178498,620511
Jagatsinghpur,JGS,1,"2_21_958,230",2024,2024-11-27,332,0.5487165807551613,574078,-16.89058259400663,574078,-11.230481294740319,574078,-5.660101299266296,574078
Jagatsinghpur,JGS,1,"2_21_959,230",2024,2024-11-27,332,0.5404379166142792,640106,-16.413231362850745,640106,-10.445324333758252,640106,-5.9679070290925145,640106
Jagatsinghpur,JGS,1,"2_21_960,230",2024,2024-11-27,332,0.5152275267925787,679387,-16.021980159680066,679387,-10.210402749798872,679387,-5.811577409881167,679387
Jagatsinghpur,JGS,1,"2_21_961,230",2024,2024-11-27,332,0.5404018856810585,712352,-15.890369393478059,712352,-9.976126226429955,712352,-5.914243167048094,712352
Jagatsinghpur,JGS,1,"2_21_962,230",2024,2024-11-27,332,0.467696358219258,741892,-15.318592000562953,741892,-9.630531818655808,741892,-5.688060181907184,741892
Jagatsinghpur,JGS,1,"2_21_963,230",2024,2024-11-27,332,0.45081467187153196,601275,-15.30700642455168,601275,-9.663941197185148,601275,-5.643065227366519,601275
Jagatsinghpur,JGS,1,"2_21_964,230",2024,2024-11-27,332,0.46768137328907183,125259,-17.12525780204429,125259,-10.593433136738929,125259,-6.531824665305318,125259
Jagatsinghpur,JGS,1,"2_21_965,230",2024,2024-11-27,332,0.5150104760913081,10298,-16.241181009935715,10328,-10.881998206350023,10328,-5.359182803585702,10328
Jagatsinghpur,JGS,1,"2_21_957,231",2024,2024-11-27,332,0.5397226675178485,298816,-17.41064123820222,524457,-11.480128370476029,524457,-5.930512867726193,524457
Jagatsinghpur,JGS,1,"2_21_958,231",2024,2024-11-27,332,0.533329477230055,649727,-16.85765765767453,649727,-11.105485340365302,649727,-5.752172317309249,649727
Jagatsinghpur,JGS,1,"2_21_959,231",2024,2024-11-27,332,0.523676327958731,544379,-16.58506724708321,544379,-10.796990383474725,544379,-5.78807686360847,544379
Jagatsinghpur,JGS,1,"2_21_960,231",2024,2024-11-27,332,0.4927211443249083,525591,-16.37525724757318,525591,-10.549431281193486,525591,-5.825825966379671,525591
Jagatsinghpur,JGS,1,"2_21_961,231",2024,2024-11-27,332,0.48631344048933534,638601,-16.349325363041917,638601,-10.367108318027357,638601,-5.98221704501454,638601
Jagatsinghpur,JGS,1,"2_21_962,231",2024,2024-11-27,332,0.4886105710103765,661478,-16.490797858343253,661478,-10.229631746928579,661478,-6.261166111414732,661478
Jagatsinghpur,JGS,1,"2_21_963,231",2024,2024-11-27,332,0.47702349984078163,623474,-15.671761137612625,623890,-9.745496230901708,623890,-5.926264906710927,623890
Jagatsinghpur,JGS,1,"2_21_964,231",2024,2024-11-27,332,0.42614434534310025,542737,-15.743887701470046,543323,-9.834650814076854,543323,-5.909236887393174,543323
Jagatsinghpur,JGS,1,"2_22_961,226",2024,2024-12-07,342,0.30994748717589693,12383,-17.288677745555486,12383,-11.23052861572669,12383,-6.0581491298288555,12383
Jagatsinghpur,JGS,1,"2_22_959,227",2024,2024-12-07,342,0.4425088004833687,510204,-15.853063084951978,510204,-10.080837882984316,510204,-5.772225201967645,510204
Jagatsinghpur,JGS,1,"2_22_960,227",2024,2024-12-07,342,0.38300159649924354,432257,-16.69713018559285,432279,-10.574666436485764,432279,-6.12246374910705,432279
Jagatsinghpur,JGS,1,"2_22_961,227",2024,2024-12-07,342,0.3376921423878428,447583,-17.636226813078096,447583,-11.555930078308133,447583,-6.080296734769895,447583
Jagatsinghpur,JGS,1,"2_22_962,227",2024,2024-12-07,342,0.30859414727222556,786,-20.0204025654346,786,-13.298279253185207,786,-6.722123312249407,786
Jagatsinghpur,JGS,1,"2_22_958,228",2024,2024-12-07,342,0.4388462075878603,657750,-15.986283091152016,657750,-9.981981157249924,657750,-6.004301933902038,657750
Jagatsinghpur,JGS,1,"2_22_959,228",2024,2024-12-07,342,0.4072614006879501,653265,-16.362896445300937,653265,-10.177587930462552,653265,-6.185308514838333,653265
Jagatsinghpur,JGS,1,"2_22_960,228",2024,2024-12-07,342,0.43110609753579315,693526,-15.650774238338707,693526,-10.038719568372079,693526,-5.612054669966696,693526
Jagatsinghpur,JGS,1,"2_22_961,228",2024,2024-12-07,342,0.3558369479267948,728813,-16.722787001703182,728813,-10.766954221023697,728813,-5.955832780679502,728813
Jagatsinghpur,JGS,1,"2_22_962,228",2024,2024-12-07,342,0.3804963194064643,246956,-18.8109559691608,246956,-12.510479202720958,246956,-6.300476766439855,246956
Jagatsinghpur,JGS,1,"2_22_958,229",2024,2024-12-07,342,0.4579261722197472,604467,-15.990594441805797,604467,-9.963806434348161,604467,-6.026788007457655,604467
Jagatsinghpur,JGS,1,"2_22_959,229",2024,2024-12-07,342,0.44367235559167717,604967,-15.632608044906899,604967,-9.855303561609682,604967,-5.777304483297209,604967
Jagatsinghpur,JGS,1,"2_22_960,229",2024,2024-12-07,342,0.4471010587674658,733746,-15.091768738903625,733746,-9.548121562117243,733746,-5.543647176786392,733746
Jagatsinghpur,JGS,1,"2_22_961,229",2024,2024-12-07,342,0.4047965674074425,778594,-16.16796406446258,778594,-10.438709848632083,778594,-5.729254215830533,778594
Jagatsinghpur,JGS,1,"2_22_962,229",2024,2024-12-07,342,0.3813346076066477,513853,-17.377605378621485,513858,-11.439113687320745,513858,-5.938491691300729,513858
Jagatsinghpur,JGS,1,"2_22_963,229",2024,2024-12-07,342,0.3919705993821797,55675,-17.882274202459563,55675,-11.386698001456192,55675,-6.495576201003375,55675
Jagatsinghpur,JGS,1,"2_22_964,229",2024,2024-12-07,342,,0,,0,,0,,0
Jagatsinghpur,JGS,1,"2_22_957,230",2024,2024-12-07,342,0.42574689060512927,620511,-16.234293177150846,620511,-10.420870995616328,620511,-5.8134221815344675,620511
Jagatsinghpur,JGS,1,"2_22_958,230",2024,2024-12-07,342,0.4601604151574035,574078,-15.939754359946846,574078,-10.291374825945192,574078,-5.648379534001673,574078
Jagatsinghpur,JGS,1,"2_22_959,230",2024,2024-12-07,342,0.45268363671002915,640106,-15.476674465758702,640106,-9.837895286100705,640106,-5.638779179657987,640106
Jagatsinghpur,JGS,1,"2_22_960,230",2024,2024-12-07,342,0.4395875839105834,679387,-15.089379301560905,679387,-9.521672507826402,679387,-5.567706793734472,679387
Jagatsinghpur,JGS,1,"2_22_961,230",2024,2024-12-07,342,0.46764737003900064,712352,-15.547816379594428,712352,-9.8743341506011,712352,-5.673482228993297,712352
Jagatsinghpur,JGS,1,"2_22_962,230",2024,2024-12-07,342,0.40970193992331744,741892,-15.774508927302815,741892,-10.154193069873333,741892,-5.620315857429462,741892
Jagatsinghpur,JGS,1,"2_22_963,230",2024,2024-12-07,342,0.4185588254607206,601275,-15.882272587008543,601275,-10.281955883867987,601275,-5.600316703140587,601275
Jagatsinghpur,JGS,1,"2_22_964,230",2024,2024-12-07,342,0.5093600147146362,124955,-17.370299277994512,125259,-10.808079523738,125259,-6.562219754256507,125259
Jagatsinghpur,JGS,1,"2_22_965,230",2024,2024-12-07,342,0.5562119046769126,10273,-16.0086839718608,10328,-10.674745711555808,10328,-5.333938260305002,10328
Jagatsinghpur,JGS,1,"2_22_957,231",2024,2024-12-07,342,0.44627252562687747,535010,-16.409886074983657,535010,-10.477494021019947,535010,-5.932392053963717,535010
Jagatsinghpur,JGS,1,"2_22_958,231",2024,2024-12-07,342,0.45826134347508135,649727,-15.864392725418739,649727,-10.189316513697252,649727,-5.67507621172148,649727
Jagatsinghpur,JGS,1,"2_22_959,231",2024,2024-12-07,342,0.45996989630024737,544379,-15.724950589000729,544379,-9.98844482080539,544379,-5.736505768195305,544379
Jagatsinghpur,JGS,1,"2_22_960,231",2024,2024-12-07,342,0.45380929701036593,525591,-15.830049884702069,525591,-9.940165219752444,525591,-5.889884664949607,525591
Jagatsinghpur,JGS,1,"2_22_961,231",2024,2024-12-07,342,0.4625220581237095,638601,-16.510661976655566,638601,-10.4836771633039,638601,-6.026984813351691,638601
Jagatsinghpur,JGS,1,"2_22_962,231",2024,2024-12-07,342,0.47112880204239715,661423,-16.84738004636481,661478,-10.701815986191155,661478,-6.145564060173626,661478
Jagatsinghpur,JGS,1,"2_22_963,231",2024,2024-12-07,342,0.43635565600926607,623852,-16.417237961601128,623890,-10.616089592973095,623890,-5.801148368627996,623890
Jagatsinghpur,JGS,1,"2_22_964,231",2024,2024-12-07,342,0.39498879057916747,543249,-16.618947180902357,543323,-10.762027642654752,543323,-5.856919538247597,543323
Jagatsinghpur,JGS,1,"2_23_961,226",2024,2024-12-17,352,,0,,0,,0,,0
Jagatsinghpur,JGS,1,"2_23_959,227",2024,2024-12-17,352,0.38200077853433967,506185,-15.669473069981855,510204,-9.215382003309507,510204,-6.45409106667235,510204
Jagatsinghpur,JGS,1,"2_23_960,227",2024,2024-12-17,352,0.3354394263512727,297209,-16.809053432034716,304954,-9.916189302019392,304954,-6.892864130015277,304954
Jagatsinghpur,JGS,1,"2_23_961,227",2024,2024-12-17,352,0.00472241333918646,10,,0,,0,,0
Jagatsinghpur,JGS,1,"2_23_962,227",2024,2024-12-17,352,,0,,0,,0,,0
Jagatsinghpur,JGS,1,"2_23_958,228",2024,2024-12-17,352,0.3931729710671431,74740,-15.535918688792417,657750,-9.137783723298861,657750,-6.398134965493557,657750
Jagatsinghpur,JGS,1,"2_23_959,228",2024,2024-12-17,352,0.3456544212197651,440838,-16.38769422542556,653265,-9.520475542967237,653265,-6.867218682458321,653265
Jagatsinghpur,JGS,1,"2_23_960,228",2024,2024-12-17,352,0.3618124579452088,566628,-15.110475942858939,563457,-9.169602611685573,563457,-5.940873331173333,563457
Jagatsinghpur,JGS,1,"2_23_961,228",2024,2024-12-17,352,,0,,0,,0,,0
Jagatsinghpur,JGS,1,"2_23_962,228",2024,2024-12-17,352,0.2546434320767427,17493,,0,,0,,0
Jagatsinghpur,JGS,1,"2_23_958,229",2024,2024-12-17,352,0.3122865058513012,25480,-15.502125896016395,604467,-9.049010614009111,604467,-6.4531152820073086,604467
Jagatsinghpur,JGS,1,"2_23_959,229",2024,2024-12-17,352,0.3377490426996954,45184,-15.017016883444027,604967,-8.873549191000537,604967,-6.143467692443476,604967
Jagatsinghpur,JGS,1,"2_23_960,229",2024,2024-12-17,352,0.34057741738650904,287835,-14.33542776958517,720050,-8.634797767757311,720050,-5.700630001827892,720050
Jagatsinghpur,JGS,1,"2_23_961,229",2024,2024-12-17,352,0.30310985557900194,6242,-14.374081990906278,25271,-8.62852275938058,25271,-5.745559231525706,25271
Jagatsinghpur,JGS,1,"2_23_962,229",2024,2024-12-17,352,0.23152964117788372,11989,,0,,0,,0
Jagatsinghpur,JGS,1,"2_23_963,229",2024,2024-12-17,352,0.2823808678680095,7991,,0,,0,,0
Jagatsinghpur,JGS,1,"2_23_964,229",2024,2024-12-17,352,,0,,0,,0,,0
Jagatsinghpur,JGS,1,"2_23_957,230",2024,2024-12-17,352,0.3593081780050507,465186,-15.8444606737601,620511,-9.543915042453024,620511,-6.300545631307075,620511
Jagatsinghpur,JGS,1,"2_23_958,230",2024,2024-12-17,352,0.3411104709062286,21078,-15.456652922543993,574078,-9.328689517044436,574078,-6.127963405499584,574078
Jagatsinghpur,JGS,1,"2_23_959,230",2024,2024-12-17,352,0.33223217346780914,127597,-14.754399075698347,640106,-8.903429721437673,640106,-5.8509693542606955,640106
Jagatsinghpur,JGS,1,"2_23_960,230",2024,2024-12-17,352,0.33223128364508886,105808,-14.386546564093408,679387,-8.580158906879634,679387,-5.80638765721375,679387
Jagatsinghpur,JGS,1,"2_23_961,230",2024,2024-12-17,352,0.39216173445635216,155611,-14.05518210646018,143142,-8.285204517346372,143142,-5.769977589113763,143142
Jagatsinghpur,JGS,1,"2_23_962,230",2024,2024-12-17,352,,0,,0,,0,,0
Jagatsinghpur,JGS,1,"2_23_963,230",2024,2024-12-17,352,0.24620099365711212,5,,0,,0,,0
Jagatsinghpur,JGS,1,"2_23_964,230",2024,2024-12-17,352,0.3137158769770918,6910,,0,,0,,0
Jagatsinghpur,JGS,1,"2_23_965,230",2024,2024-12-17,352,0.3125995586102728,1716,,0,,0,,0
Jagatsinghpur,JGS,1,"2_23_957,231",2024,2024-12-17,352,0.37296655711436116,260410,-15.72237197345556,535010,-9.541708822192675,535010,-6.180663151262849,535010
Jagatsinghpur,JGS,1,"2_23_958,231",2024,2024-12-17,352,0.41710224228174864,335661,-15.215885567357567,649727,-9.24433792197015,649727,-5.971547645387422,649727
Jagatsinghpur,JGS,1,"2_23_959,231",2024,2024-12-17,352,0.3825152910556743,302333,-15.269476776802385,544379,-9.10157188528831,544379,-6.167904891514079,544379
Jagatsinghpur,JGS,1,"2_23_960,231",2024,2024-12-17,352,0.3816009391829252,153896,-15.562351835710599,525591,-9.184404508584114,525591,-6.377947327126439,525591
Jagatsinghpur,JGS,1,"2_23_961,231",2024,2024-12-17,352,0.3979644468101825,380708,-16.041575155989968,262401,-9.521852508105402,262401,-6.519722647884564,262401
Jagatsinghpur,JGS,1,"2_23_962,231",2024,2024-12-17,352,0.26493699070265364,45083,,0,,0,,0
Jagatsinghpur,JGS,1,"2_23_963,231",2024,2024-12-17,352,,0,,0,,0,,0
Jagatsinghpur,JGS,1,"2_23_964,231",2024,2024-12-17,352,,0,,0,,0,,0
